wait,run,timer,sample,frame,armed,render,acquire,upload,encode,submit,tick,prims,verts,completion,width,height,ppp,render_less_acquire
0,0,on,121,133,0,7.083791,6.091917,0.203083,0.01875,0.694208,7.3616247,23.0,4164.0,0.16625,2000.0,1400.0,2.0,0.9918740000000001
0,0,on,122,134,1,7.134,6.089875,0.272166,0.018250002,0.66587496,7.433291,23.0,4164.0,0.171416,2000.0,1400.0,2.0,1.0441250000000002
0,0,on,123,135,0,7.095333,6.0552077,0.21529101,0.020957999,0.723583,7.401708,23.0,4164.0,0.154708,2000.0,1400.0,2.0,1.0401252999999997
0,0,on,124,136,1,7.064083,6.088667,0.19520801,0.018667001,0.68358403,7.34625,23.0,4164.0,0.18575,2000.0,1400.0,2.0,0.9754160000000001
0,0,on,125,137,0,7.224667,6.103375,0.192334,0.019541,0.815792,7.503416,23.0,4164.0,0.176875,2000.0,1400.0,2.0,1.1212920000000004
0,0,on,126,138,1,7.168459,6.133375,0.199708,0.019499999,0.734792,7.469458,23.0,4164.0,0.24879099999999998,2000.0,1400.0,2.0,1.0350840000000003
0,0,on,127,139,0,7.086459,6.1305423,0.191459,0.019542,0.665917,7.375375,23.0,4164.0,0.184792,2000.0,1400.0,2.0,0.9559166999999995
0,0,on,128,140,1,7.203,6.0560837,0.226334,0.017417,0.7885,7.500125,23.0,4164.0,0.17616600000000002,2000.0,1400.0,2.0,1.1469163
0,0,on,129,141,0,7.198875,6.094625,0.21620801,0.01775,0.78045905,7.542792,23.0,4164.0,0.22054200000000002,2000.0,1400.0,2.0,1.1042500000000004
0,0,on,130,142,1,7.008875,6.0064588,0.30012497,0.0185,0.608333,7.2878327,23.0,4164.0,0.28200000000000003,2000.0,1400.0,2.0,1.0024161999999999
0,0,on,131,143,0,7.069167,6.087834,0.22008301,0.018584,0.66554195,7.345875,23.0,4164.0,0.128333,2000.0,1400.0,2.0,0.9813330000000002
0,0,on,132,144,1,7.003292,6.0500827,0.218125,0.019749999,0.63475,7.321458,23.0,4164.0,0.16162500000000002,2000.0,1400.0,2.0,0.9532093000000001
0,0,on,133,145,0,7.083917,6.0984592,0.19762501,0.020542,0.679083,7.368792,23.0,4164.0,0.14566700000000002,2000.0,1400.0,2.0,0.9854577999999998
0,0,on,134,146,1,7.0003753,5.918167,0.274541,0.017833,0.636083,7.289042,23.0,4164.0,0.181834,2000.0,1400.0,2.0,1.0822082999999996
0,0,on,135,147,0,7.06125,5.994459,0.276709,0.018250002,0.694583,7.3505,23.0,4164.0,0.152833,2000.0,1400.0,2.0,1.0667910000000003
0,0,on,136,148,1,7.332167,6.123958,0.199542,0.01925,0.913375,7.6142087,23.0,4164.0,0.19820800000000002,2000.0,1400.0,2.0,1.208209
0,0,on,137,149,0,7.154458,6.108167,0.21795899,0.020916,0.727542,7.444209,23.0,4164.0,0.214833,2000.0,1400.0,2.0,1.046291
0,0,on,138,150,1,7.127708,6.135541,0.21554199,0.020417,0.676833,7.4708753,23.0,4164.0,0.240833,2000.0,1400.0,2.0,0.9921670000000002
0,0,on,139,151,0,7.192708,6.105125,0.21825,0.020917,0.76866704,7.474166,23.0,4164.0,0.177458,2000.0,1400.0,2.0,1.0875829999999995
0,0,on,140,152,1,7.172541,6.108417,0.18866701,0.019458001,0.782167,7.4597907,23.0,4164.0,0.25225,2000.0,1400.0,2.0,1.0641239999999996
0,0,on,141,153,0,7.028833,5.985125,0.2255,0.020667,0.715291,7.385625,23.0,4164.0,0.266208,2000.0,1400.0,2.0,1.0437079999999996
0,0,on,142,154,1,7.121834,6.107625,0.207916,0.019917,0.711917,7.407208,23.0,4164.0,0.20141599999999998,2000.0,1400.0,2.0,1.0142090000000001
0,0,on,143,155,0,7.4222913,6.055791,0.214292,0.038959,1.001,7.72375,23.0,4164.0,0.20633300000000002,2000.0,1400.0,2.0,1.3665003000000002
0,0,on,144,156,1,7.209875,6.168458,0.19825,0.0375,0.72775,7.497042,23.0,4164.0,0.17983300000000002,2000.0,1400.0,2.0,1.041417
0,0,on,145,157,0,7.088875,6.0908747,0.204292,0.021334,0.693583,7.375334,23.0,4164.0,0.19908299999999998,2000.0,1400.0,2.0,0.9980003000000002
0,0,on,146,158,1,7.083834,6.068583,0.23620799,0.018208,0.681125,7.394083,23.0,4164.0,0.174625,2000.0,1400.0,2.0,1.0152510000000001
0,0,on,147,159,0,7.1575828,6.164209,0.205458,0.019917,0.693084,7.440708,23.0,4164.0,0.15379099999999998,2000.0,1400.0,2.0,0.9933738000000005
0,0,on,148,160,1,7.0395417,6.0119157,0.231083,0.020208,0.69679195,7.351625,23.0,4164.0,0.18554199999999998,2000.0,1400.0,2.0,1.0276259999999997
0,0,on,149,161,0,7.154958,6.0177503,0.269459,0.020833,0.766042,7.441542,23.0,4164.0,0.233458,2000.0,1400.0,2.0,1.1372076999999994
0,0,on,150,162,1,7.413166,6.320083,0.206666,0.019458001,0.790583,7.684667,23.0,4164.0,0.244959,2000.0,1400.0,2.0,1.093083
0,0,on,151,163,0,7.233875,6.179333,0.185,0.018875,0.77012503,7.515125,23.0,4164.0,0.24612499999999998,2000.0,1400.0,2.0,1.0545420000000005
0,0,on,152,164,1,7.210542,6.088875,0.213584,0.020875001,0.809125,7.4875,23.0,4164.0,0.25425,2000.0,1400.0,2.0,1.1216670000000004
0,0,on,153,165,0,7.070542,6.083333,0.204541,0.018291999,0.687375,7.3590407,23.0,4164.0,0.27308299999999996,2000.0,1400.0,2.0,0.987209
0,0,on,154,166,1,7.056666,6.0397496,0.20037499,0.019584,0.699292,7.3447504,23.0,4164.0,0.187125,2000.0,1400.0,2.0,1.0169163999999995
0,0,on,155,167,0,7.1046667,6.103083,0.202583,0.018833,0.701416,7.397583,23.0,4164.0,0.18070799999999998,2000.0,1400.0,2.0,1.0015837000000003
0,0,on,156,168,1,7.098292,6.1627083,0.207833,0.020917,0.628541,7.3855,23.0,4164.0,0.16916699999999998,2000.0,1400.0,2.0,0.9355836999999996
0,0,on,157,169,0,7.1150417,6.16725,0.18975,0.019333,0.659083,7.4039173,23.0,4164.0,0.14595799999999998,2000.0,1400.0,2.0,0.9477916999999998
0,0,on,158,170,1,7.11275,6.128708,0.20004201,0.019499999,0.687167,7.3919997,23.0,4164.0,0.189666,2000.0,1400.0,2.0,0.9840420000000005
0,0,on,159,171,0,7.0456247,6.066375,0.219583,0.020875001,0.65975004,7.3387504,23.0,4164.0,0.175542,2000.0,1400.0,2.0,0.9792497000000004
0,0,on,160,172,1,7.24125,6.1595,0.2045,0.018082999,0.78125,7.5699162,23.0,4164.0,0.162333,2000.0,1400.0,2.0,1.0817499999999995
0,0,on,161,173,0,7.106833,6.126625,0.196,0.019375,0.687792,7.393083,23.0,4164.0,0.25208400000000003,2000.0,1400.0,2.0,0.9802080000000002
0,0,on,162,174,1,7.379625,6.295458,0.20199999,0.022166999,0.784167,7.657041,23.0,4164.0,0.177959,2000.0,1400.0,2.0,1.0841669999999999
0,0,on,163,175,0,7.097042,6.111375,0.1945,0.020290999,0.688916,7.391959,23.0,4164.0,0.243708,2000.0,1400.0,2.0,0.9856670000000003
0,0,on,164,176,1,7.0522504,6.1025,0.194334,0.018334,0.660125,7.3409996,23.0,4164.0,0.177458,2000.0,1400.0,2.0,0.9497504000000001
0,0,on,165,177,0,7.29275,6.216333,0.202917,0.020459,0.77925,7.563,23.0,4164.0,0.169208,2000.0,1400.0,2.0,1.0764170000000002
0,0,on,166,178,1,7.0766673,6.038458,0.23637499,0.018791,0.705083,7.381834,23.0,4164.0,0.27045800000000003,2000.0,1400.0,2.0,1.0382093000000001
0,0,on,167,179,0,7.18125,6.192875,0.196833,0.019417001,0.69004196,7.477375,23.0,4164.0,0.172042,2000.0,1400.0,2.0,0.9883750000000004
0,0,on,168,180,1,7.1783752,6.105,0.18729101,0.017791001,0.792125,7.47225,23.0,4164.0,0.177167,2000.0,1400.0,2.0,1.0733751999999992
0,0,on,169,181,0,7.0758333,6.077208,0.204958,0.020166999,0.693875,7.368458,23.0,4164.0,0.3035,2000.0,1400.0,2.0,0.9986253000000005
0,0,on,170,182,1,7.120833,6.0915413,0.192,0.021583999,0.73887503,7.40625,23.0,4164.0,0.191708,2000.0,1400.0,2.0,1.0292917
0,0,on,171,183,0,7.1945,6.072792,0.2285,0.019875001,0.794375,7.477084,23.0,4164.0,0.22079200000000002,2000.0,1400.0,2.0,1.121708
0,0,on,172,184,1,7.153708,6.172875,0.17904201,0.018082999,0.702916,7.437542,23.0,4164.0,0.25225,2000.0,1400.0,2.0,0.9808329999999996
0,0,on,173,185,0,7.088542,5.94625,0.35300002,0.02,0.688708,7.380083,23.0,4164.0,0.184625,2000.0,1400.0,2.0,1.1422920000000003
0,0,on,174,186,1,7.288375,6.2129164,0.255709,0.019833,0.72520804,7.561333,23.0,4164.0,0.178208,2000.0,1400.0,2.0,1.0754586000000002
0,0,on,175,187,0,7.120833,6.040833,0.208584,0.019792,0.7745,7.4116664,23.0,4164.0,0.177625,2000.0,1400.0,2.0,1.08
0,0,on,176,188,1,7.1514997,6.0525002,0.214666,0.020459,0.786416,7.455584,23.0,4164.0,0.188792,2000.0,1400.0,2.0,1.0989994999999997
0,0,on,177,189,0,7.0930004,6.0933332,0.188959,0.019708999,0.704292,7.375833,23.0,4164.0,0.25341600000000003,2000.0,1400.0,2.0,0.9996672000000002
0,0,on,178,190,1,7.1818748,6.178875,0.184709,0.018459002,0.723959,7.465375,23.0,4164.0,0.205084,2000.0,1400.0,2.0,1.0029998000000004
0,0,on,179,191,0,7.0055003,6.02175,0.26999998,0.018708,0.618542,7.296042,23.0,4164.0,0.215333,2000.0,1400.0,2.0,0.9837502999999996
0,0,on,180,192,1,7.04575,5.8796673,0.30804202,0.019125,0.761583,7.415208,23.0,4164.0,0.114208,2000.0,1400.0,2.0,1.1660826999999996
0,0,on,181,193,0,6.870583,5.855084,0.21729201,0.021083001,0.69554096,7.41725,23.0,4164.0,0.235542,2000.0,1400.0,2.0,1.0154990000000002
0,0,on,182,194,1,7.2496657,6.064334,0.195959,0.017584,0.896625,7.535458,23.0,4164.0,0.179333,2000.0,1400.0,2.0,1.1853317000000008
0,0,on,183,195,0,7.188375,6.0949583,0.211666,0.018333,0.7855,7.492334,23.0,4164.0,0.20516600000000002,2000.0,1400.0,2.0,1.0934166999999997
0,0,on,184,196,1,7.08375,6.096917,0.198584,0.019375,0.69379103,7.361334,23.0,4164.0,0.203125,2000.0,1400.0,2.0,0.9868329999999998
0,0,on,185,197,0,7.0961657,6.078542,0.269833,0.018250002,0.65283304,7.380458,23.0,4164.0,0.189583,2000.0,1400.0,2.0,1.0176237000000006
0,0,on,186,198,1,7.146667,6.0950003,0.19049999,0.018125,0.765208,7.4354167,23.0,4164.0,0.14975,2000.0,1400.0,2.0,1.0516667000000002
0,0,on,187,199,0,7.016084,6.038625,0.202875,0.021,0.67312497,7.35175,23.0,4164.0,0.23895899999999998,2000.0,1400.0,2.0,0.9774590000000005
0,0,on,188,200,1,7.11275,6.13175,0.186167,0.018125,0.705625,7.385209,23.0,4164.0,0.182375,2000.0,1400.0,2.0,0.9809999999999999
0,0,on,189,201,0,7.4515,6.447958,0.224,0.020709,0.68175,7.731333,23.0,4164.0,0.18837500000000001,2000.0,1400.0,2.0,1.0035420000000004
0,0,on,190,202,1,7.3157077,6.125625,0.253917,0.017541,0.843791,7.597125,23.0,4164.0,0.179834,2000.0,1400.0,2.0,1.1900826999999996
0,0,on,191,203,0,7.120792,5.992042,0.277708,0.0185,0.753625,7.4259167,23.0,4164.0,0.279042,2000.0,1400.0,2.0,1.1287500000000001
0,0,on,192,204,1,7.142542,6.129459,0.201,0.018583,0.718375,7.428666,23.0,4164.0,0.251542,2000.0,1400.0,2.0,1.013083
0,0,on,193,205,0,7.078208,6.027875,0.215084,0.017459,0.73775,7.389625,23.0,4164.0,0.236791,2000.0,1400.0,2.0,1.0503330000000002
0,0,on,194,206,1,7.067083,6.0951657,0.191125,0.018250002,0.683458,7.3605,23.0,4164.0,0.251917,2000.0,1400.0,2.0,0.9719173000000003
0,0,on,195,207,0,7.056375,5.999167,0.220167,0.021083001,0.730958,7.415375,23.0,4164.0,0.208417,2000.0,1400.0,2.0,1.0572080000000001
0,0,on,196,208,1,7.383542,6.408834,0.19291699,0.018875,0.68633395,7.675,23.0,4164.0,0.22204200000000002,2000.0,1400.0,2.0,0.9747080000000006
0,0,on,197,209,0,7.187667,6.144708,0.187208,0.020125,0.758417,7.470541,23.0,4164.0,0.18083300000000002,2000.0,1400.0,2.0,1.0429590000000006
0,0,on,198,210,1,7.124458,6.1014996,0.206,0.018000001,0.72150004,7.404291,23.0,4164.0,0.249542,2000.0,1400.0,2.0,1.0229583999999994
0,0,on,199,211,0,6.992958,6.0559173,0.198459,0.019458001,0.641375,7.287125,23.0,4164.0,0.174708,2000.0,1400.0,2.0,0.9370406999999998
0,0,on,200,212,1,6.805791,5.8483753,0.2405,0.018542,0.54975,7.1800003,23.0,4164.0,0.169917,2000.0,1400.0,2.0,0.9574157000000003
0,0,on,201,213,0,7.2225423,6.143292,0.29749998,0.020542,0.68,7.51625,23.0,4164.0,0.081334,2000.0,1400.0,2.0,1.0792503
0,0,on,202,214,1,7.380917,6.331875,0.209917,0.018875,0.711083,7.6699166,23.0,4164.0,0.193542,2000.0,1400.0,2.0,1.049042
0,0,on,203,215,0,7.1957498,6.119792,0.236958,0.018667001,0.74016696,7.487833,23.0,4164.0,0.228625,2000.0,1400.0,2.0,1.0759577999999994
0,0,on,204,216,1,6.948666,5.996042,0.216417,0.019583,0.637458,7.303541,23.0,4164.0,0.22875,2000.0,1400.0,2.0,0.9526240000000001
0,0,on,205,217,0,6.976125,5.979125,0.23012501,0.018958,0.66375,7.330209,23.0,4164.0,0.213625,2000.0,1400.0,2.0,0.9969999999999999
0,0,on,206,218,1,7.0723753,6.0306253,0.23891601,0.020957999,0.7015,7.421583,23.0,4164.0,0.175416,2000.0,1400.0,2.0,1.0417500000000004
0,0,on,207,219,0,7.236,6.1930842,0.186791,0.021583,0.75725,7.527417,23.0,4164.0,0.22233299999999998,2000.0,1400.0,2.0,1.0429157999999994
0,0,on,208,220,1,7.1705422,6.127542,0.211458,0.019875001,0.733083,7.4537916,23.0,4164.0,0.2535,2000.0,1400.0,2.0,1.0430001999999998
0,0,on,209,221,0,7.1392503,6.031,0.224208,0.018250002,0.779917,7.482583,23.0,4164.0,0.203,2000.0,1400.0,2.0,1.1082503
0,0,on,210,222,1,7.1920424,6.118875,0.251458,0.017708,0.723917,7.483458,23.0,4164.0,0.241292,2000.0,1400.0,2.0,1.0731674
0,0,on,211,223,0,7.108458,6.1097918,0.208334,0.018541,0.69358397,7.3946247,23.0,4164.0,0.196875,2000.0,1400.0,2.0,0.9986661999999997
0,0,on,212,224,1,7.073917,5.979291,0.260167,0.021583999,0.701541,7.368792,23.0,4164.0,0.181375,2000.0,1400.0,2.0,1.0946259999999999
0,0,on,213,225,0,6.997542,5.969583,0.223125,0.019417001,0.703416,7.357542,23.0,4164.0,0.185791,2000.0,1400.0,2.0,1.027959
0,0,on,214,226,1,7.4802504,6.022833,0.234583,0.018250002,1.127833,7.795792,23.0,4164.0,0.183542,2000.0,1400.0,2.0,1.4574173999999998
0,0,on,215,227,0,7.031875,5.946958,0.214125,0.022875,0.769041,7.483875,23.0,4164.0,0.254083,2000.0,1400.0,2.0,1.084917
0,0,on,216,228,1,7.002292,5.9932923,0.294333,0.01875,0.618125,7.2809587,23.0,4164.0,0.247125,2000.0,1400.0,2.0,1.0089996999999995
0,0,on,217,229,0,7.0794168,5.970791,0.255584,0.020166999,0.75200003,7.415875,23.0,4164.0,0.112583,2000.0,1400.0,2.0,1.1086257999999996
0,0,on,218,230,1,7.1045423,6.082792,0.216833,0.019208001,0.710667,7.3849583,23.0,4164.0,0.24787499999999998,2000.0,1400.0,2.0,1.0217503
0,0,on,219,231,0,7.4996667,6.138042,0.38004202,0.019208001,0.744625,7.792417,23.0,4164.0,0.188417,2000.0,1400.0,2.0,1.3616246999999992
0,0,on,220,232,1,7.078583,6.1332917,0.19475,0.019291999,0.654292,7.357,23.0,4164.0,0.23550000000000001,2000.0,1400.0,2.0,0.9452913000000001
0,0,on,221,233,0,7.122208,6.0672917,0.20804101,0.021833,0.744708,7.427959,23.0,4164.0,0.16541599999999998,2000.0,1400.0,2.0,1.0549162999999995
0,0,on,222,234,1,7.149916,6.0679173,0.218291,0.017667,0.76791704,7.447667,23.0,4164.0,0.185625,2000.0,1400.0,2.0,1.0819986999999998
0,0,on,223,235,0,7.123333,6.081,0.210875,0.020084001,0.73454195,7.412375,23.0,4164.0,0.254708,2000.0,1400.0,2.0,1.0423329999999993
0,0,on,224,236,1,7.132708,6.144917,0.183291,0.018417,0.711083,7.416791,23.0,4164.0,0.23725,2000.0,1400.0,2.0,0.9877909999999996
0,0,on,225,237,0,7.100125,6.0795,0.20475,0.019792,0.71495897,7.402625,23.0,4164.0,0.189834,2000.0,1400.0,2.0,1.020625
0,0,on,226,238,1,6.86725,5.9396253,0.198833,0.017334,0.63425,7.265458,23.0,4164.0,0.193292,2000.0,1400.0,2.0,0.9276247
0,0,on,227,239,0,7.1021247,6.0457497,0.2075,0.020583,0.743166,7.438167,23.0,4164.0,0.1405,2000.0,1400.0,2.0,1.056375
0,0,on,228,240,1,7.459416,6.339708,0.19095801,0.053583,0.794791,7.74,23.0,4164.0,0.227666,2000.0,1400.0,2.0,1.1197080000000001
0,0,on,229,241,0,7.056834,6.072,0.215083,0.02125,0.67016697,7.3596673,23.0,4164.0,0.15170799999999998,2000.0,1400.0,2.0,0.9848340000000002
0,0,on,230,242,1,7.084541,6.087125,0.19624999,0.019459,0.706125,7.357667,23.0,4164.0,0.17133400000000001,2000.0,1400.0,2.0,0.9974159999999994
0,0,on,231,243,0,6.974583,6.0334167,0.251292,0.019583,0.59725,7.255916,23.0,4164.0,0.162791,2000.0,1400.0,2.0,0.9411662999999999
0,0,on,232,244,1,7.005417,5.944709,0.300084,0.018000001,0.664166,7.340625,23.0,4164.0,0.11462499999999999,2000.0,1400.0,2.0,1.060708
0,0,on,233,245,0,6.951375,5.942541,0.21166699,0.019834,0.700834,7.3476253,23.0,4164.0,0.151959,2000.0,1400.0,2.0,1.0088339999999993
0,0,on,234,246,1,7.10275,6.09625,0.18908301,0.017833,0.724584,7.383167,23.0,4164.0,0.19791599999999998,2000.0,1400.0,2.0,1.0065
0,0,on,235,247,0,7.128417,6.197917,0.197417,0.024417,0.626459,7.412708,23.0,4164.0,0.208834,2000.0,1400.0,2.0,0.9304999999999994
0,0,on,236,248,1,6.9588327,5.9812922,0.28524998,0.020292,0.598208,7.236208,23.0,4164.0,0.14766700000000002,2000.0,1400.0,2.0,0.9775404999999999
0,0,on,237,249,0,7.056042,6.088875,0.208083,0.020709,0.661834,7.331958,23.0,4164.0,0.10787500000000001,2000.0,1400.0,2.0,0.9671669999999999
0,0,on,238,250,1,7.0646253,6.140375,0.179625,0.0185,0.651792,7.3432918,23.0,4164.0,0.166167,2000.0,1400.0,2.0,0.9242503000000006
0,0,on,239,251,0,7.0445414,5.9839997,0.279334,0.018667001,0.683,7.338333,23.0,4164.0,0.15304199999999998,2000.0,1400.0,2.0,1.0605417
0,0,on,240,252,1,7.133083,6.0610833,0.214292,0.019042,0.759792,7.413209,23.0,4164.0,0.173542,2000.0,1400.0,2.0,1.0719997
0,0,on,241,253,0,7.0926247,6.022375,0.20591699,0.018417,0.76454204,7.420667,23.0,4164.0,0.239834,2000.0,1400.0,2.0,1.0702496999999997
0,0,on,242,254,1,7.203459,6.231708,0.213916,0.018458,0.661042,7.534667,23.0,4164.0,0.248292,2000.0,1400.0,2.0,0.9717509999999994
0,0,on,243,255,0,7.014667,5.9806247,0.241708,0.020166999,0.692125,7.369,23.0,4164.0,0.16241699999999998,2000.0,1400.0,2.0,1.0340423000000003
0,0,on,244,256,1,7.098917,6.0151253,0.231958,0.018583,0.72687495,7.3858333,23.0,4164.0,0.182458,2000.0,1400.0,2.0,1.0837917
0,0,on,245,257,0,7.040292,6.083542,0.191167,0.0205,0.668625,7.328833,23.0,4164.0,0.256083,2000.0,1400.0,2.0,0.9567500000000004
0,0,on,246,258,1,7.189375,6.153834,0.17983301,0.020417,0.76020896,7.466875,23.0,4164.0,0.167041,2000.0,1400.0,2.0,1.0355410000000003
0,0,on,247,259,0,7.0462093,5.93225,0.31608403,0.019958,0.701375,7.3320417,23.0,4164.0,0.244625,2000.0,1400.0,2.0,1.1139593000000003
0,0,on,248,260,1,7.098041,6.083583,0.192583,0.019667001,0.722625,7.387,23.0,4164.0,0.185708,2000.0,1400.0,2.0,1.0144580000000003
0,0,on,249,261,0,7.0428343,6.1186666,0.192292,0.019833,0.63033295,7.3208337,23.0,4164.0,0.23954099999999998,2000.0,1400.0,2.0,0.9241676999999999
0,0,on,250,262,1,7.136208,6.07325,0.189666,0.019875001,0.77512497,7.4309173,23.0,4164.0,0.182416,2000.0,1400.0,2.0,1.062958
0,0,on,251,263,0,7.0673337,6.079334,0.198875,0.018417,0.69454104,7.356625,23.0,4164.0,0.232375,2000.0,1400.0,2.0,0.9879996999999996
0,0,on,252,264,1,7.1036253,6.082083,0.202625,0.019791,0.720375,7.392459,23.0,4164.0,0.1835,2000.0,1400.0,2.0,1.0215423000000001
0,0,on,253,265,0,7.74225,6.1959167,0.225958,0.019875001,1.223333,8.03225,23.0,4164.0,0.18770799999999999,2000.0,1400.0,2.0,1.5463333000000006
0,0,on,254,266,1,7.1359997,6.142125,0.220833,0.020416,0.67466605,7.420708,23.0,4164.0,0.325542,2000.0,1400.0,2.0,0.9938747000000001
0,0,on,255,267,0,7.2543325,6.210833,0.206875,0.021667,0.7345,7.536542,23.0,4164.0,0.172875,2000.0,1400.0,2.0,1.0434995000000002
0,0,on,256,268,1,7.103125,6.1161246,0.19424999,0.019042,0.69725,7.3860826,23.0,4164.0,0.221,2000.0,1400.0,2.0,0.9870004000000003
0,0,on,257,269,0,7.127917,6.082958,0.195625,0.020334,0.751042,7.413792,23.0,4164.0,0.192334,2000.0,1400.0,2.0,1.0449590000000004
0,0,on,258,270,1,7.0034165,5.892417,0.297208,0.019791,0.71125,7.3512907,23.0,4164.0,0.23441700000000001,2000.0,1400.0,2.0,1.1109995000000001
0,0,on,259,271,0,7.1827497,6.1331673,0.194208,0.01875,0.762666,7.4525,23.0,4164.0,0.213875,2000.0,1400.0,2.0,1.0495823999999994
0,0,on,260,272,1,7.26475,6.032667,0.257,0.019417001,0.879166,7.5480423,23.0,4164.0,0.255667,2000.0,1400.0,2.0,1.2320830000000003
0,0,on,261,273,0,6.932375,6.047292,0.219625,0.018082999,0.569542,7.222959,23.0,4164.0,0.144416,2000.0,1400.0,2.0,0.8850830000000007
0,0,on,262,274,1,6.9665837,6.052042,0.18075,0.019290999,0.63874996,7.2555003,23.0,4164.0,0.140125,2000.0,1400.0,2.0,0.9145417
0,0,on,263,275,0,6.978833,5.995,0.215625,0.020375,0.61945796,7.264208,23.0,4164.0,0.149,2000.0,1400.0,2.0,0.9838329999999997
0,0,on,264,276,1,7.0447087,6.0835,0.194375,0.018625,0.66999996,7.325291,23.0,4164.0,0.11266599999999999,2000.0,1400.0,2.0,0.9612087000000002
0,0,on,265,277,0,6.846292,5.850792,0.21312499,0.01925,0.67899996,7.301833,23.0,4164.0,0.170791,2000.0,1400.0,2.0,0.9954999999999998
0,0,on,266,278,1,7.1307917,5.999667,0.22795899,0.017625,0.804792,7.449125,23.0,4164.0,0.171709,2000.0,1400.0,2.0,1.1311247
0,0,on,267,279,0,7.259625,6.18925,0.19025,0.019958,0.785292,7.536583,23.0,4164.0,0.19529200000000002,2000.0,1400.0,2.0,1.0703749999999994
0,0,on,268,280,1,7.0445833,6.0633326,0.226708,0.018166,0.657417,7.340833,23.0,4164.0,0.230291,2000.0,1400.0,2.0,0.9812507000000004
0,0,on,269,281,0,7.064083,6.00125,0.2985,0.020916,0.66341597,7.337583,23.0,4164.0,0.147,2000.0,1400.0,2.0,1.0628330000000004
0,0,on,270,282,1,7.05525,6.079541,0.20283301,0.019917,0.677458,7.3422093,23.0,4164.0,0.15687500000000001,2000.0,1400.0,2.0,0.9757090000000002
0,0,on,271,283,0,7.095292,6.079459,0.205584,0.01875,0.713458,7.382167,23.0,4164.0,0.170833,2000.0,1400.0,2.0,1.0158329999999998
0,0,on,272,284,1,7.1170826,6.028333,0.201,0.02,0.791416,7.4105,23.0,4164.0,0.185417,2000.0,1400.0,2.0,1.0887495999999999
0,0,on,273,285,0,7.127917,6.159625,0.209417,0.018333,0.66270804,7.4099593,23.0,4164.0,0.18820800000000001,2000.0,1400.0,2.0,0.9682919999999999
0,0,on,274,286,1,7.312542,6.223458,0.21591699,0.017333,0.78116703,7.591708,23.0,4164.0,0.182708,2000.0,1400.0,2.0,1.0890839999999997
0,0,on,275,287,0,7.164583,6.0940833,0.216042,0.019541,0.758584,7.448792,23.0,4164.0,0.21016700000000002,2000.0,1400.0,2.0,1.0704997
0,0,on,276,288,1,7.095833,6.0968747,0.19325,0.019791,0.709958,7.381583,23.0,4164.0,0.249084,2000.0,1400.0,2.0,0.9989583
0,0,on,277,289,0,7.08475,6.115333,0.20162499,0.020292,0.67074996,7.374167,23.0,4164.0,0.183542,2000.0,1400.0,2.0,0.969417
0,0,on,278,290,1,7.0858326,6.087458,0.182834,0.018334,0.717584,7.360292,23.0,4164.0,0.211334,2000.0,1400.0,2.0,0.9983746
0,0,on,279,291,0,7.081084,6.03125,0.21100001,0.019792,0.741458,7.364791,23.0,4164.0,0.183167,2000.0,1400.0,2.0,1.0498339999999997
0,0,on,280,292,1,7.035,6.0967503,0.186208,0.018459002,0.66091704,7.31425,23.0,4164.0,0.2585,2000.0,1400.0,2.0,0.9382497000000001
0,0,on,281,293,0,7.042584,6.150125,0.1885,0.019584,0.561875,7.311333,23.0,4164.0,0.172583,2000.0,1400.0,2.0,0.8924589999999997
0,0,on,282,294,1,7.163333,6.145375,0.232583,0.01925,0.691917,7.447125,23.0,4164.0,0.090291,2000.0,1400.0,2.0,1.0179580000000001
0,0,on,283,295,0,7.089,6.0722923,0.201709,0.018542,0.718042,7.378542,23.0,4164.0,0.17308300000000001,2000.0,1400.0,2.0,1.0167077000000004
0,0,on,284,296,1,7.0341673,6.044209,0.225875,0.020333,0.666333,7.324458,23.0,4164.0,0.21004199999999998,2000.0,1400.0,2.0,0.9899582999999996
0,0,on,285,297,0,6.977333,6.0394588,0.199375,0.020875001,0.63241696,7.267375,23.0,4164.0,0.168292,2000.0,1400.0,2.0,0.9378741999999995
0,0,on,286,298,1,7.0837917,5.993667,0.271709,0.021,0.72349995,7.368291,23.0,4164.0,0.139209,2000.0,1400.0,2.0,1.0901246999999996
0,0,on,287,299,0,7.0967503,6.073917,0.21016699,0.02,0.713209,7.386625,23.0,4164.0,0.126917,2000.0,1400.0,2.0,1.0228333000000003
0,0,on,288,300,1,7.387167,6.098959,0.220584,0.0205,0.97275,7.660416,23.0,4164.0,0.192375,2000.0,1400.0,2.0,1.288208
0,0,on,289,301,0,7.179084,6.093708,0.192458,0.019416,0.798959,7.4658747,23.0,4164.0,0.356291,2000.0,1400.0,2.0,1.0853759999999992
0,0,on,290,302,1,7.1235,6.091458,0.225833,0.01725,0.715208,7.4005837,23.0,4164.0,0.25637499999999996,2000.0,1400.0,2.0,1.0320419999999997
0,0,on,291,303,0,7.287208,6.185375,0.19999999,0.019625,0.794375,7.561375,23.0,4164.0,0.184625,2000.0,1400.0,2.0,1.101833
0,0,on,292,304,1,7.21,6.0873327,0.197417,0.0225,0.821959,7.4979167,23.0,4164.0,0.189917,2000.0,1400.0,2.0,1.1226672999999998
0,0,on,293,305,0,7.059041,6.095916,0.214,0.018708,0.657042,7.336958,23.0,4164.0,0.313541,2000.0,1400.0,2.0,0.9631249999999998
0,0,on,294,306,1,7.04,6.084916,0.185542,0.018917,0.67841697,7.318459,23.0,4164.0,0.16695800000000002,2000.0,1400.0,2.0,0.9550840000000003
0,0,on,295,307,0,7.0462923,6.046583,0.215083,0.019042,0.688292,7.351625,23.0,4164.0,0.178208,2000.0,1400.0,2.0,0.9997093000000001
0,0,on,296,308,1,7.066042,6.069417,0.20725,0.019458001,0.695458,7.351,23.0,4164.0,0.186334,2000.0,1400.0,2.0,0.9966250000000008
0,0,on,297,309,0,6.993834,5.967417,0.292959,0.019667001,0.633291,7.294792,23.0,4164.0,0.1725,2000.0,1400.0,2.0,1.0264169999999995
0,0,on,298,310,1,7.155709,6.076791,0.18625,0.018208,0.801041,7.433334,23.0,4164.0,0.149166,2000.0,1400.0,2.0,1.0789179999999998
0,0,on,299,311,0,7.379958,6.063417,0.216041,0.020875001,1.003167,7.659208,23.0,4164.0,0.18537499999999998,2000.0,1400.0,2.0,1.316541
0,0,on,300,312,1,7.2825003,6.141625,0.228833,0.018375,0.817709,7.557542,23.0,4164.0,0.35291700000000004,2000.0,1400.0,2.0,1.1408752999999994
0,0,on,301,313,0,7.138166,6.10725,0.19974999,0.020792,0.731208,7.425458,23.0,4164.0,0.2455,2000.0,1400.0,2.0,1.0309160000000004
0,0,on,302,314,1,7.038416,6.071333,0.20425,0.0185,0.664833,7.3152084,23.0,4164.0,0.223459,2000.0,1400.0,2.0,0.9670829999999997
0,0,on,303,315,0,6.937209,5.936,0.237834,0.021333,0.659333,7.299584,23.0,4164.0,0.148,2000.0,1400.0,2.0,1.0012090000000002
0,0,on,304,316,1,7.0768337,5.998208,0.204583,0.044167,0.747625,7.4581246,23.0,4164.0,0.16975,2000.0,1400.0,2.0,1.0786257
0,0,on,305,317,0,7.164917,6.06325,0.23416701,0.021667,0.767125,7.4589157,23.0,4164.0,0.197542,2000.0,1400.0,2.0,1.101667
0,0,on,306,318,1,7.104,6.068375,0.194084,0.017375,0.747583,7.404583,23.0,4164.0,0.24733300000000003,2000.0,1400.0,2.0,1.0356250000000005
0,0,on,307,319,0,7.0410423,6.049667,0.24775,0.020792,0.64012504,7.3312087,23.0,4164.0,0.193958,2000.0,1400.0,2.0,0.9913752999999996
0,0,on,308,320,1,7.057541,6.068625,0.204458,0.020125,0.68491596,7.349459,23.0,4164.0,0.150375,2000.0,1400.0,2.0,0.9889159999999997
0,0,on,309,321,0,7.546667,6.016416,0.21033399,0.020125,1.2212919,7.875625,23.0,4164.0,0.176291,2000.0,1400.0,2.0,1.5302509999999998
0,0,on,310,322,1,7.121792,6.175667,0.182084,0.019375,0.666917,7.409709,23.0,4164.0,0.18475,2000.0,1400.0,2.0,0.9461250000000003
0,0,on,311,323,0,7.1647077,6.009125,0.221083,0.022042,0.830292,7.514667,23.0,4164.0,0.156625,2000.0,1400.0,2.0,1.1555827
0,0,on,312,324,1,7.102458,6.072667,0.20191701,0.017459,0.733583,7.395709,23.0,4164.0,0.214625,2000.0,1400.0,2.0,1.0297910000000003
0,0,on,313,325,0,7.27575,6.20425,0.20075,0.020541,0.770417,7.5614576,23.0,4164.0,0.18495799999999998,2000.0,1400.0,2.0,1.0715000000000003
0,0,on,314,326,1,7.133667,6.06775,0.230208,0.019749999,0.73562497,7.420333,23.0,4164.0,0.258084,2000.0,1400.0,2.0,1.0659169999999998
0,0,on,315,327,0,7.158375,6.119167,0.239292,0.018542,0.699042,7.464,23.0,4164.0,0.225792,2000.0,1400.0,2.0,1.0392080000000004
0,0,on,316,328,1,7.042459,6.05125,0.217375,0.020459,0.675708,7.315292,23.0,4164.0,0.192416,2000.0,1400.0,2.0,0.9912090000000005
0,0,on,317,329,0,6.988333,6.0273747,0.207791,0.019708,0.655875,7.2945,23.0,4164.0,0.168583,2000.0,1400.0,2.0,0.9609582999999997
0,0,on,318,330,1,7.142125,6.000584,0.275291,0.019041,0.77066696,7.418583,23.0,4164.0,0.153666,2000.0,1400.0,2.0,1.1415410000000001
0,0,on,319,331,0,7.131917,6.152125,0.191125,0.018417,0.695375,7.4022083,23.0,4164.0,0.22179200000000002,2000.0,1400.0,2.0,0.9797919999999998
0,0,on,320,332,1,7.0021667,5.9117923,0.373459,0.019749999,0.62004197,7.347333,23.0,4164.0,0.18208300000000002,2000.0,1400.0,2.0,1.0903744
0,0,on,321,333,0,7.03825,5.983917,0.241375,0.019167,0.710667,7.385875,23.0,4164.0,0.107292,2000.0,1400.0,2.0,1.0543329999999997
0,0,on,322,334,1,7.0745,6.039917,0.2185,0.019749999,0.720334,7.406708,23.0,4164.0,0.194083,2000.0,1400.0,2.0,1.0345829999999996
0,0,on,323,335,0,7.190708,6.065917,0.206667,0.02025,0.815875,7.488917,23.0,4164.0,0.184584,2000.0,1400.0,2.0,1.124791
0,0,on,324,336,1,7.080875,6.071208,0.21241699,0.019167,0.699166,7.368042,23.0,4164.0,0.221833,2000.0,1400.0,2.0,1.0096669999999994
0,0,on,325,337,0,7.2079997,6.056292,0.263667,0.02025,0.78616697,7.493916,23.0,4164.0,0.192916,2000.0,1400.0,2.0,1.1517077000000002
0,0,on,326,338,1,7.049583,6.005084,0.23308301,0.020375,0.710167,7.39,23.0,4164.0,0.25637499999999996,2000.0,1400.0,2.0,1.044499
0,0,on,327,339,0,7.1245418,6.154125,0.209542,0.018541,0.663792,7.422583,23.0,4164.0,0.196792,2000.0,1400.0,2.0,0.9704168000000006
0,0,on,328,340,1,6.982666,5.958917,0.224042,0.020292,0.670458,7.3006253,23.0,4164.0,0.203708,2000.0,1400.0,2.0,1.0237490000000005
0,0,on,329,341,0,7.005,6.007167,0.235958,0.019417001,0.662834,7.324709,23.0,4164.0,0.172791,2000.0,1400.0,2.0,0.997833
0,0,on,330,342,1,7.018458,5.954125,0.260375,0.021166999,0.701167,7.366208,23.0,4164.0,0.168958,2000.0,1400.0,2.0,1.0643329999999995
0,0,on,331,343,0,7.1573753,6.078125,0.20191701,0.020166999,0.78145796,7.4379168,23.0,4164.0,0.165708,2000.0,1400.0,2.0,1.0792503
0,0,on,332,344,1,7.208625,6.081792,0.20737499,0.018208,0.79429203,7.492958,23.0,4164.0,0.27129200000000003,2000.0,1400.0,2.0,1.1268329999999995
0,0,on,333,345,0,7.122542,6.002917,0.23829201,0.019958999,0.774709,7.470333,23.0,4164.0,0.262167,2000.0,1400.0,2.0,1.119625
0,0,on,334,346,1,6.957667,5.994917,0.230417,0.020416,0.632833,7.296917,23.0,4164.0,0.211208,2000.0,1400.0,2.0,0.9627499999999998
0,0,on,335,347,0,7.2462497,6.055709,0.211209,0.019958,0.875041,7.5395837,23.0,4164.0,0.139667,2000.0,1400.0,2.0,1.1905406999999997
0,0,on,336,348,1,7.122666,6.052292,0.275125,0.019625,0.69374996,7.4665833,23.0,4164.0,0.24850000000000003,2000.0,1400.0,2.0,1.0703740000000002
0,0,on,337,349,0,7.081584,5.9917917,0.234833,0.019917,0.754667,7.420375,23.0,4164.0,0.181292,2000.0,1400.0,2.0,1.0897923
0,0,on,338,350,1,7.414708,5.9864173,0.21916701,0.017625,1.111291,7.78025,23.0,4164.0,0.219292,2000.0,1400.0,2.0,1.4282906999999998
0,0,on,339,351,0,7.1345,6.156958,0.200458,0.019,0.6825,7.41875,23.0,4164.0,0.19387500000000002,2000.0,1400.0,2.0,0.9775419999999997
0,0,on,340,352,1,7.087125,6.08675,0.198666,0.0205,0.70158297,7.3775,23.0,4164.0,0.177417,2000.0,1400.0,2.0,1.000375
0,0,on,341,353,0,7.099167,6.0388746,0.22562501,0.021042,0.733166,7.390583,23.0,4164.0,0.18433300000000002,2000.0,1400.0,2.0,1.0602923999999998
0,0,on,342,354,1,7.0663333,6.067417,0.20150001,0.018958,0.698291,7.355459,23.0,4164.0,0.178375,2000.0,1400.0,2.0,0.9989163000000003
0,0,on,343,355,0,7.093958,5.967416,0.207333,0.020833,0.814,7.472125,23.0,4164.0,0.19,2000.0,1400.0,2.0,1.1265419999999997
0,0,on,344,356,1,7.100625,6.08125,0.222042,0.019459,0.697208,7.3849583,23.0,4164.0,0.221,2000.0,1400.0,2.0,1.0193750000000001
0,0,on,345,357,0,7.5258336,6.123208,0.19849999,0.020375,1.1068751,7.8166666,23.0,4164.0,0.183458,2000.0,1400.0,2.0,1.4026256000000004
0,0,on,346,358,1,7.039125,6.0915003,0.190625,0.019,0.664916,7.372917,23.0,4164.0,0.196208,2000.0,1400.0,2.0,0.9476247000000004
0,0,on,347,359,0,6.9901247,6.0500836,0.23200001,0.020666001,0.615875,7.2669168,23.0,4164.0,0.179167,2000.0,1400.0,2.0,0.9400411000000002
0,0,on,348,360,1,6.960917,5.921833,0.28866702,0.018166,0.62875,7.253208,23.0,4164.0,0.11108299999999999,2000.0,1400.0,2.0,1.039084
0,0,on,349,361,0,7.149458,6.08175,0.224791,0.019499999,0.744541,7.434042,23.0,4164.0,0.108416,2000.0,1400.0,2.0,1.0677079999999997
0,0,on,350,362,1,6.974917,5.9795833,0.20708299,0.019166,0.687083,7.333959,23.0,4164.0,0.173667,2000.0,1400.0,2.0,0.9953336999999998
0,0,on,351,363,0,7.024084,6.094666,0.183833,0.02025,0.652042,7.306,23.0,4164.0,0.17325000000000002,2000.0,1400.0,2.0,0.9294180000000001
0,0,on,352,364,1,7.152042,6.0561247,0.29279202,0.018958,0.704625,7.4842496,23.0,4164.0,0.165708,2000.0,1400.0,2.0,1.0959173
0,0,on,353,365,0,7.127833,6.084125,0.20712501,0.019125,0.74037504,7.420125,23.0,4164.0,0.133833,2000.0,1400.0,2.0,1.0437079999999996
0,0,on,354,366,1,7.130959,6.145083,0.201417,0.020375,0.684834,7.4175,23.0,4164.0,0.232,2000.0,1400.0,2.0,0.9858760000000002
0,0,on,355,367,0,7.121875,6.078,0.19049999,0.018833,0.757375,7.4090834,23.0,4164.0,0.19479100000000002,2000.0,1400.0,2.0,1.0438749999999999
0,0,on,356,368,1,7.036334,6.082833,0.196,0.019583,0.662208,7.319209,23.0,4164.0,0.188916,2000.0,1400.0,2.0,0.9535010000000002
0,0,on,357,369,0,6.977083,6.046416,0.206166,0.019749999,0.57774997,7.265625,23.0,4164.0,0.16591699999999998,2000.0,1400.0,2.0,0.9306670000000006
0,0,on,358,370,1,6.9437923,6.023916,0.214667,0.018208,0.60816705,7.2520843,23.0,4164.0,0.137959,2000.0,1400.0,2.0,0.9198763000000003
0,0,on,359,371,0,7.106042,6.156958,0.213458,0.019916,0.633417,7.393417,23.0,4164.0,0.17575,2000.0,1400.0,2.0,0.949084
0,0,on,360,372,1,7.174292,6.1005,0.212584,0.019791,0.75829196,7.467709,23.0,4164.0,0.193917,2000.0,1400.0,2.0,1.073792
0,1,on,121,131,0,6.303833,5.210459,0.297583,0.018458,0.686917,6.684041,23.0,4164.0,0.08237499999999999,2000.0,1400.0,2.0,1.0933739999999998
0,1,on,122,132,1,6.317583,5.315542,0.26933298,0.018958,0.63495904,6.61525,23.0,4164.0,0.18325,2000.0,1400.0,2.0,1.0020410000000002
0,1,on,123,133,0,6.4477077,5.342834,0.284375,0.018042,0.722542,6.735667,23.0,4164.0,0.182709,2000.0,1400.0,2.0,1.1048736999999997
0,1,on,124,134,1,6.1685,4.905375,0.30225,0.020041,0.59245896,6.5663342,23.0,4164.0,0.181041,2000.0,1400.0,2.0,1.2631249999999996
0,1,on,125,135,0,6.503875,5.209042,0.32054198,0.037875,0.80058396,6.810041,23.0,4164.0,0.111833,2000.0,1400.0,2.0,1.2948329999999997
0,1,on,126,136,1,6.5300407,5.3624163,0.293208,0.017042,0.711167,6.818416,23.0,4164.0,0.17341700000000002,2000.0,1400.0,2.0,1.1676244000000002
0,1,on,127,137,0,6.7011247,5.511333,0.234833,0.021541,0.853209,6.990917,23.0,4164.0,0.174292,2000.0,1400.0,2.0,1.1897917000000007
0,1,on,128,138,1,6.3512077,5.275708,0.2685,0.01725,0.701792,6.677959,23.0,4164.0,0.272625,2000.0,1400.0,2.0,1.0754997
0,1,on,129,139,0,6.3957086,5.301042,0.25308302,0.02025,0.65112495,6.697208,23.0,4164.0,0.176292,2000.0,1400.0,2.0,1.0946666
0,1,on,130,140,1,6.6238747,5.207083,0.26775,0.017291,0.93874997,6.922708,23.0,4164.0,0.13245800000000002,2000.0,1400.0,2.0,1.4167917
0,1,on,131,141,0,6.4545407,5.3626246,0.236709,0.0185,0.757583,6.802625,23.0,4164.0,0.384042,2000.0,1400.0,2.0,1.0919160999999997
0,1,on,132,142,1,6.562209,5.438959,0.25775,0.017584,0.761,6.908958,23.0,4164.0,0.252041,2000.0,1400.0,2.0,1.1232500000000005
0,1,on,133,143,0,6.411292,5.256583,0.238208,0.020375,0.66375,6.710958,23.0,4164.0,0.195417,2000.0,1400.0,2.0,1.1547090000000004
0,1,on,134,144,1,6.55625,5.553,0.234584,0.018458,0.671916,6.845792,23.0,4164.0,0.160167,2000.0,1400.0,2.0,1.0032500000000004
0,1,on,135,145,0,6.5203753,5.2668333,0.354542,0.018333,0.79916596,6.815791,23.0,4164.0,0.176042,2000.0,1400.0,2.0,1.2535420000000004
0,1,on,136,146,1,6.4372916,5.226959,0.362167,0.018083999,0.747917,6.742958,23.0,4164.0,0.187625,2000.0,1400.0,2.0,1.2103326
0,1,on,137,147,0,6.666958,5.4122906,0.22437501,0.02075,0.927083,6.962958,23.0,4164.0,0.16975,2000.0,1400.0,2.0,1.2546673999999998
0,1,on,138,148,1,6.572084,5.415959,0.22445899,0.019167,0.828458,6.866167,23.0,4164.0,0.181208,2000.0,1400.0,2.0,1.1561250000000003
0,1,on,139,149,0,6.424667,5.364459,0.264167,0.019708,0.69437504,6.722708,23.0,4164.0,0.238625,2000.0,1400.0,2.0,1.0602080000000003
0,1,on,140,150,1,6.3375,5.266542,0.262458,0.018125,0.706084,6.701584,23.0,4164.0,0.175,2000.0,1400.0,2.0,1.070958
0,1,on,141,151,0,6.343666,5.3416247,0.227375,0.019167,0.597209,6.639542,23.0,4164.0,0.196708,2000.0,1400.0,2.0,1.0020413000000001
0,1,on,142,152,1,6.350083,5.338958,0.24554102,0.017958,0.66666603,6.630167,23.0,4164.0,0.102542,2000.0,1400.0,2.0,1.0111249999999998
0,1,on,143,153,0,6.276917,5.219459,0.2565,0.01675,0.603458,6.5967503,23.0,4164.0,0.183542,2000.0,1400.0,2.0,1.0574580000000005
0,1,on,144,154,1,6.7513747,5.543667,0.258458,0.018708,0.847083,7.0376253,23.0,4164.0,0.09804199999999999,2000.0,1400.0,2.0,1.2077077000000003
0,1,on,145,155,0,6.3587914,5.202583,0.325666,0.019792,0.656292,6.679542,23.0,4164.0,0.18825,2000.0,1400.0,2.0,1.1562084000000006
0,1,on,146,156,1,6.904667,5.330834,0.256583,0.021833,1.079709,7.195625,23.0,4164.0,0.104792,2000.0,1400.0,2.0,1.5738329999999996
0,1,on,147,157,0,6.326875,5.394084,0.213583,0.020041,0.618,6.676875,23.0,4164.0,0.079917,2000.0,1400.0,2.0,0.9327909999999999
0,1,on,148,158,1,6.21075,5.15725,0.43783298,0.017208,0.514708,6.5255003,23.0,4164.0,0.177084,2000.0,1400.0,2.0,1.0534999999999997
0,1,on,149,159,0,6.281334,5.275667,0.22733401,0.019625,0.59837496,6.608292,23.0,4164.0,0.081042,2000.0,1400.0,2.0,1.0056669999999999
0,1,on,150,160,1,6.545167,5.497083,0.24666701,0.035875,0.68275005,6.834209,23.0,4164.0,0.144333,2000.0,1400.0,2.0,1.0480840000000002
0,1,on,151,161,0,6.6543326,5.53475,0.222292,0.020083,0.79470795,6.952083,23.0,4164.0,0.18537499999999998,2000.0,1400.0,2.0,1.1195826000000002
0,1,on,152,162,1,6.634584,5.5495005,0.20908299,0.028458,0.765416,6.9175,23.0,4164.0,0.223834,2000.0,1400.0,2.0,1.0850835000000005
0,1,on,153,163,0,6.386959,5.190792,0.428916,0.017958,0.671166,6.673916,23.0,4164.0,0.31837499999999996,2000.0,1400.0,2.0,1.196167
0,1,on,154,164,1,6.4012504,5.375084,0.20779201,0.017125,0.726,6.682625,23.0,4164.0,0.12262500000000001,2000.0,1400.0,2.0,1.0261664000000001
0,1,on,155,165,0,6.2494173,5.228125,0.223084,0.01925,0.64162505,6.624833,23.0,4164.0,0.22725,2000.0,1400.0,2.0,1.0212922999999998
0,1,on,156,166,1,6.216333,5.208291,0.286417,0.017584,0.552292,6.501667,23.0,4164.0,0.14100000000000001,2000.0,1400.0,2.0,1.0080419999999997
0,1,on,157,167,0,6.1732497,5.243667,0.22475,0.019,0.544625,6.462583,23.0,4164.0,0.111375,2000.0,1400.0,2.0,0.9295827000000001
0,1,on,158,168,1,6.417125,5.365083,0.231208,0.019208001,0.65925,6.717958,23.0,4164.0,0.092625,2000.0,1400.0,2.0,1.0520420000000001
0,1,on,159,169,0,6.4745,5.36625,0.25770798,0.020957999,0.740208,6.793375,23.0,4164.0,0.149167,2000.0,1400.0,2.0,1.10825
0,1,on,160,170,1,6.426375,5.0864167,0.389125,0.035625,0.62275004,6.719166,23.0,4164.0,0.185959,2000.0,1400.0,2.0,1.3399583000000002
0,1,on,161,171,0,6.2391667,5.3025,0.23454201,0.018958,0.550542,6.521333,23.0,4164.0,0.090833,2000.0,1400.0,2.0,0.9366667
0,1,on,162,172,1,6.321792,5.374125,0.199667,0.060791,0.600834,6.621875,23.0,4164.0,0.109125,2000.0,1400.0,2.0,0.947667
0,1,on,163,173,0,6.416291,5.360208,0.21100001,0.035042003,0.66420805,6.706833,23.0,4164.0,0.175042,2000.0,1400.0,2.0,1.056083
0,1,on,164,174,1,6.3858747,5.3431673,0.22991599,0.020917,0.71125,6.728791,23.0,4164.0,0.109042,2000.0,1400.0,2.0,1.0427073999999994
0,1,on,165,175,0,6.475458,5.450542,0.298292,0.018167,0.62329197,6.774459,23.0,4164.0,0.178875,2000.0,1400.0,2.0,1.0249159999999993
0,1,on,166,176,1,6.384084,5.388917,0.21841599,0.018708,0.680708,6.6853337,23.0,4164.0,0.113042,2000.0,1400.0,2.0,0.9951669999999995
0,1,on,167,177,0,6.2200418,5.229333,0.22566599,0.019166,0.60625005,6.6075,23.0,4164.0,0.174833,2000.0,1400.0,2.0,0.9907088000000002
0,1,on,168,178,1,9.417833,8.3099165,0.30016702,0.019583,0.70879203,9.709875,23.0,4164.0,0.109959,2000.0,1400.0,2.0,1.1079165
0,1,on,169,179,0,2.046458,0.91104096,0.328542,0.014166,0.62399995,2.348333,23.0,4164.0,0.197458,2000.0,1400.0,2.0,1.1354170399999999
0,1,on,170,180,1,6.467584,5.2424173,0.23012501,0.018458,0.886917,6.856083,23.0,4164.0,0.079458,2000.0,1400.0,2.0,1.2251667000000008
0,1,on,171,181,0,6.394833,5.3737497,0.289792,0.018583,0.635,6.6773753,23.0,4164.0,0.20900000000000002,2000.0,1400.0,2.0,1.0210833
0,1,on,172,182,1,6.572458,5.4711246,0.278333,0.019541,0.719209,6.883459,23.0,4164.0,0.140667,2000.0,1400.0,2.0,1.1013334000000006
0,1,on,173,183,0,6.319875,5.234334,0.304375,0.019082999,0.617,6.618292,23.0,4164.0,0.17791700000000002,2000.0,1400.0,2.0,1.085541
0,1,on,174,184,1,6.375916,5.367,0.233125,0.01875,0.676125,6.698416,23.0,4164.0,0.13345800000000002,2000.0,1400.0,2.0,1.0089160000000001
0,1,on,175,185,0,6.3867917,5.3560424,0.23550001,0.018291999,0.626083,6.680708,23.0,4164.0,0.153708,2000.0,1400.0,2.0,1.0307493
0,1,on,176,186,1,6.8233747,5.2840004,0.293667,0.0175,1.149042,7.1159577,23.0,4164.0,0.112292,2000.0,1400.0,2.0,1.5393742999999995
0,1,on,177,187,0,6.6483326,5.562833,0.232708,0.019334,0.751334,6.93225,23.0,4164.0,0.192791,2000.0,1400.0,2.0,1.0854995999999995
0,1,on,178,188,1,6.356792,5.285083,0.278334,0.020667,0.631791,6.6526246,23.0,4164.0,0.238875,2000.0,1400.0,2.0,1.0717090000000002
0,1,on,179,189,0,6.343083,5.238208,0.314292,0.021542,0.62425,6.642583,23.0,4164.0,0.129375,2000.0,1400.0,2.0,1.1048749999999998
0,1,on,180,190,1,6.4225,5.3998747,0.23716599,0.018250002,0.68762505,6.705917,23.0,4164.0,0.129167,2000.0,1400.0,2.0,1.0226253000000005
0,1,on,181,191,0,6.460833,5.449333,0.305875,0.018833,0.605625,6.763875,23.0,4164.0,0.185958,2000.0,1400.0,2.0,1.0114999999999998
0,1,on,182,192,1,6.356,5.37575,0.209917,0.01925,0.672084,6.6452084,23.0,4164.0,0.1055,2000.0,1400.0,2.0,0.9802499999999998
0,1,on,183,193,0,6.4631248,5.222917,0.382083,0.019791,0.761792,6.747167,23.0,4164.0,0.14650000000000002,2000.0,1400.0,2.0,1.2402078000000003
0,1,on,184,194,1,6.401291,5.390041,0.222167,0.020042,0.69320804,6.6739173,23.0,4164.0,0.161292,2000.0,1400.0,2.0,1.0112499999999995
0,1,on,185,195,0,6.469541,5.384,0.226833,0.019167,0.757458,6.766708,23.0,4164.0,0.175875,2000.0,1400.0,2.0,1.085541
0,1,on,186,196,1,6.411791,5.4174576,0.21741699,0.019290999,0.675166,6.705166,23.0,4164.0,0.235959,2000.0,1400.0,2.0,0.9943334000000004
0,1,on,187,197,0,6.315792,5.160584,0.440667,0.018042,0.614875,6.619416,23.0,4164.0,0.157542,2000.0,1400.0,2.0,1.155208
0,1,on,188,198,1,6.4424996,5.3547916,0.22675,0.019708999,0.763334,6.733917,23.0,4164.0,0.11620899999999999,2000.0,1400.0,2.0,1.0877079999999992
0,1,on,189,199,0,6.3622093,5.336875,0.254417,0.01675,0.67870903,6.657667,23.0,4164.0,0.223833,2000.0,1400.0,2.0,1.0253343
0,1,on,190,200,1,6.52075,5.497042,0.21895799,0.019916,0.705917,6.8163333,23.0,4164.0,0.1775,2000.0,1400.0,2.0,1.0237079999999992
0,1,on,191,201,0,6.376125,5.403584,0.310125,0.0185,0.565459,6.653375,23.0,4164.0,0.174875,2000.0,1400.0,2.0,0.9725409999999997
0,1,on,192,202,1,6.362042,5.00425,0.50074995,0.01875,0.665208,6.651792,23.0,4164.0,0.103166,2000.0,1400.0,2.0,1.3577919999999999
0,1,on,193,203,0,6.325292,5.285,0.225917,0.020083,0.642541,6.6245832,23.0,4164.0,0.118583,2000.0,1400.0,2.0,1.040292
0,1,on,194,204,1,6.464208,5.294125,0.259958,0.017917,0.778333,6.7557077,23.0,4164.0,0.12283300000000001,2000.0,1400.0,2.0,1.170083
0,1,on,195,205,0,6.381375,5.333625,0.24570802,0.017874999,0.642334,6.6758747,23.0,4164.0,0.239292,2000.0,1400.0,2.0,1.0477500000000006
0,1,on,196,206,1,6.400792,5.3406253,0.242333,0.019708,0.690041,6.69575,23.0,4164.0,0.11558299999999999,2000.0,1400.0,2.0,1.0601667
0,1,on,197,207,0,6.615792,5.611084,0.29500002,0.019499999,0.54925,6.906708,23.0,4164.0,0.19275,2000.0,1400.0,2.0,1.004708
0,1,on,198,208,1,6.4049582,5.499084,0.202792,0.017125,0.61275,6.6721673,23.0,4164.0,0.08416599999999999,2000.0,1400.0,2.0,0.9058742000000004
0,1,on,199,209,0,6.323417,4.992292,0.456625,0.019917,0.61325,6.608,23.0,4164.0,0.136584,2000.0,1400.0,2.0,1.3311250000000001
0,1,on,200,210,1,6.4312916,5.336042,0.25187498,0.019708999,0.71225,6.7284594,23.0,4164.0,0.107125,2000.0,1400.0,2.0,1.0952495999999998
0,1,on,201,211,0,6.317583,5.315667,0.282792,0.018082999,0.623042,6.600667,23.0,4164.0,0.18870900000000002,2000.0,1400.0,2.0,1.0019159999999996
0,1,on,202,212,1,6.4560843,5.348208,0.23770799,0.019499999,0.769875,6.7555003,23.0,4164.0,0.103583,2000.0,1400.0,2.0,1.1078763
0,1,on,203,213,0,6.311708,5.272958,0.262167,0.017958,0.59925,6.595292,23.0,4164.0,0.253917,2000.0,1400.0,2.0,1.0387500000000003
0,1,on,204,214,1,6.403708,5.2935,0.279291,0.0175,0.629166,6.6965,23.0,4164.0,0.113792,2000.0,1400.0,2.0,1.110208
0,1,on,205,215,0,6.299666,5.2463336,0.265417,0.017042,0.604667,6.604291,23.0,4164.0,0.112458,2000.0,1400.0,2.0,1.0533324000000004
0,1,on,206,216,1,6.217834,5.1436253,0.307042,0.018000001,0.641875,6.622375,23.0,4164.0,0.0925,2000.0,1400.0,2.0,1.0742086999999998
0,1,on,207,217,0,6.223625,5.137791,0.317417,0.019916,0.568584,6.519291,23.0,4164.0,0.11283299999999999,2000.0,1400.0,2.0,1.0858340000000002
0,1,on,208,218,1,6.31175,5.257959,0.239125,0.0185,0.634584,6.604792,23.0,4164.0,0.083792,2000.0,1400.0,2.0,1.0537910000000004
0,1,on,209,219,0,7.03,5.343875,0.29162502,0.022708,1.291541,7.312416,23.0,4164.0,0.104292,2000.0,1400.0,2.0,1.6861250000000005
0,1,on,210,220,1,6.661833,5.6743326,0.235292,0.018167,0.655625,6.9475,23.0,4164.0,0.129,2000.0,1400.0,2.0,0.9875004000000001
0,1,on,211,221,0,6.3805,5.3606253,0.290584,0.017041,0.63404095,6.6755,23.0,4164.0,0.15925,2000.0,1400.0,2.0,1.0198747
0,1,on,212,222,1,6.3737082,5.287,0.321834,0.019125,0.662416,6.6655827,23.0,4164.0,0.091917,2000.0,1400.0,2.0,1.0867082000000003
0,1,on,213,223,0,6.299541,5.2853746,0.22733301,0.017167,0.630459,6.6452913,23.0,4164.0,0.208584,2000.0,1400.0,2.0,1.0141663999999997
0,1,on,214,224,1,7.1795,5.276333,0.32525,0.019,1.4697081,7.476333,23.0,4164.0,0.10625,2000.0,1400.0,2.0,1.9031669999999998
0,1,on,215,225,0,6.907208,5.496292,0.22225,0.018125,1.086458,7.207292,23.0,4164.0,0.46099999999999997,2000.0,1400.0,2.0,1.4109159999999994
0,1,on,216,226,1,7.243542,6.194458,0.22649999,0.020959,0.721583,7.519375,23.0,4164.0,0.317917,2000.0,1400.0,2.0,1.0490839999999997
0,1,on,217,227,0,6.506958,5.574833,0.18962501,0.018542,0.645041,6.7949996,23.0,4164.0,0.17675,2000.0,1400.0,2.0,0.9321250000000001
0,1,on,218,228,1,6.2747917,5.257917,0.283333,0.019167,0.57874995,6.5733747,23.0,4164.0,0.14925,2000.0,1400.0,2.0,1.0168746999999998
0,1,on,219,229,0,6.258167,5.288,0.299541,0.020667,0.571916,6.552167,23.0,4164.0,0.08524999999999999,2000.0,1400.0,2.0,0.970167
0,1,on,220,230,1,6.361792,5.352959,0.223625,0.020541,0.68908304,6.647917,23.0,4164.0,0.08337499999999999,2000.0,1400.0,2.0,1.008833
0,1,on,221,231,0,6.2002087,5.210292,0.29500002,0.017916,0.53720796,6.4994164,23.0,4164.0,0.187834,2000.0,1400.0,2.0,0.9899167000000002
0,1,on,222,232,1,6.49325,5.2922497,0.293958,0.021459,0.742833,6.7792077,23.0,4164.0,0.10370800000000001,2000.0,1400.0,2.0,1.2010002999999996
0,1,on,223,233,0,6.342666,5.16475,0.327458,0.020292,0.67566705,6.6805,23.0,4164.0,0.099042,2000.0,1400.0,2.0,1.1779160000000006
0,1,on,224,234,1,6.307375,5.260333,0.30354202,0.018834,0.58566695,6.588875,23.0,4164.0,0.171541,2000.0,1400.0,2.0,1.0470420000000003
0,1,on,225,235,0,6.360167,5.2382917,0.264417,0.018250002,0.68537503,6.6620827,23.0,4164.0,0.083875,2000.0,1400.0,2.0,1.1218752999999992
0,1,on,226,236,1,6.4623327,5.414959,0.22679101,0.01625,0.720791,6.7539167,23.0,4164.0,0.11395799999999999,2000.0,1400.0,2.0,1.0473737000000005
0,1,on,227,237,0,6.369792,5.273125,0.321666,0.02,0.667709,6.685291,23.0,4164.0,0.20333400000000001,2000.0,1400.0,2.0,1.096667
0,1,on,228,238,1,6.3948336,5.240167,0.327375,0.018917,0.656,6.685042,23.0,4164.0,0.142416,2000.0,1400.0,2.0,1.1546666000000005
0,1,on,229,239,0,6.560375,5.337625,0.293292,0.019041,0.826209,6.869208,23.0,4164.0,0.11687499999999999,2000.0,1400.0,2.0,1.2227499999999996
0,1,on,230,240,1,6.5449576,5.415833,0.26120803,0.019625,0.771959,6.82475,23.0,4164.0,0.112625,2000.0,1400.0,2.0,1.1291246
0,1,on,231,241,0,6.467375,5.3669167,0.31483302,0.019375,0.627041,6.770042,23.0,4164.0,0.1665,2000.0,1400.0,2.0,1.1004582999999997
0,1,on,232,242,1,6.316166,5.266541,0.23991701,0.018583,0.59704196,6.618833,23.0,4164.0,0.117125,2000.0,1400.0,2.0,1.0496249999999998
0,1,on,233,243,0,6.405125,5.2946253,0.22383301,0.017625,0.727084,6.699042,23.0,4164.0,0.1105,2000.0,1400.0,2.0,1.1104997
0,1,on,234,244,1,6.47375,5.374583,0.251167,0.020584,0.743958,6.7791657,23.0,4164.0,0.12925,2000.0,1400.0,2.0,1.0991669999999996
0,1,on,235,245,0,6.4849997,5.382375,0.2395,0.021041,0.697833,6.773375,23.0,4164.0,0.225708,2000.0,1400.0,2.0,1.1026247000000007
0,1,on,236,246,1,7.13625,5.986042,0.315,0.02,0.668917,7.432541,23.0,4164.0,0.182416,2000.0,1400.0,2.0,1.1502080000000001
0,1,on,237,247,0,6.530208,5.556625,0.18333301,0.065542,0.64225,6.806917,23.0,4164.0,0.149958,2000.0,1400.0,2.0,0.9735829999999996
0,1,on,238,248,1,6.549458,5.3132496,0.3815,0.017959,0.755417,6.8529577,23.0,4164.0,0.165542,2000.0,1400.0,2.0,1.2362083999999998
0,1,on,239,249,0,6.310042,5.255292,0.269791,0.018250002,0.616625,6.622458,23.0,4164.0,0.224334,2000.0,1400.0,2.0,1.0547500000000003
0,1,on,240,250,1,6.459125,5.3390417,0.299334,0.029333,0.703375,6.7585,23.0,4164.0,0.10925,2000.0,1400.0,2.0,1.1200833000000001
0,1,on,241,251,0,6.362292,5.228292,0.385,0.018000001,0.647834,6.6615,23.0,4164.0,0.199042,2000.0,1400.0,2.0,1.1340000000000003
0,1,on,242,252,1,6.5906672,5.4590826,0.224584,0.052333,0.766917,6.895917,23.0,4164.0,0.118125,2000.0,1400.0,2.0,1.1315846
0,1,on,243,253,0,6.857,5.512959,0.25516698,0.018958999,0.899292,7.150708,23.0,4164.0,0.173041,2000.0,1400.0,2.0,1.3440409999999998
0,1,on,244,254,1,6.529541,5.4624996,0.218584,0.016958,0.751334,6.828083,23.0,4164.0,0.23900000000000002,2000.0,1400.0,2.0,1.0670414
0,1,on,245,255,0,6.0905843,5.09775,0.27374998,0.019667001,0.51070803,6.493708,23.0,4164.0,0.22583299999999998,2000.0,1400.0,2.0,0.9928343000000002
0,1,on,246,256,1,6.7220826,5.720416,0.213625,0.021125,0.684042,7.008625,23.0,4164.0,0.076583,2000.0,1400.0,2.0,1.0016666
0,1,on,247,257,0,6.480792,5.455458,0.228958,0.017917,0.639792,6.771292,23.0,4164.0,0.175042,2000.0,1400.0,2.0,1.025334
0,1,on,248,258,1,6.652542,5.581375,0.220209,0.020792,0.751792,6.929833,23.0,4164.0,0.122333,2000.0,1400.0,2.0,1.071167
0,1,on,249,259,0,6.415875,5.345125,0.274208,0.018082999,0.696833,6.717708,23.0,4164.0,0.208042,2000.0,1400.0,2.0,1.0707499999999994
0,1,on,250,260,1,6.428,5.3715,0.30854198,0.019791,0.648917,6.725333,23.0,4164.0,0.176708,2000.0,1400.0,2.0,1.0564999999999998
0,1,on,251,261,0,6.368875,5.382291,0.243,0.021625,0.643959,6.65925,23.0,4164.0,0.147792,2000.0,1400.0,2.0,0.9865839999999997
0,1,on,252,262,1,6.141625,5.072959,0.258,0.01925,0.65662503,6.625833,23.0,4164.0,0.154583,2000.0,1400.0,2.0,1.0686660000000003
0,1,on,253,263,0,6.3231673,5.285042,0.233541,0.0175,0.635916,6.619541,23.0,4164.0,0.14783400000000002,2000.0,1400.0,2.0,1.0381253
0,1,on,254,264,1,6.5466666,5.267375,0.332333,0.018958,0.84375,6.851417,23.0,4164.0,0.12483399999999999,2000.0,1400.0,2.0,1.2792915999999996
0,1,on,255,265,0,6.4005837,5.3735,0.24695799,0.019875001,0.672208,6.70575,23.0,4164.0,0.21800000000000003,2000.0,1400.0,2.0,1.0270837000000004
0,1,on,256,266,1,6.466333,5.293458,0.29275,0.018333,0.77599996,6.777208,23.0,4164.0,0.16558299999999998,2000.0,1400.0,2.0,1.1728749999999994
0,1,on,257,267,0,6.375042,5.3410826,0.239958,0.017,0.69575,6.697,23.0,4164.0,0.235833,2000.0,1400.0,2.0,1.0339593999999996
0,1,on,258,268,1,6.407917,5.393708,0.237625,0.018875,0.678584,6.698792,23.0,4164.0,0.18104199999999998,2000.0,1400.0,2.0,1.0142090000000001
0,1,on,259,269,0,6.31725,5.272583,0.244125,0.017042,0.627875,6.6437497,23.0,4164.0,0.16766599999999998,2000.0,1400.0,2.0,1.0446669999999996
0,1,on,260,270,1,6.75875,4.886291,1.0890421,0.02,0.68333304,7.055041,23.0,4164.0,0.111,2000.0,1400.0,2.0,1.872459
0,1,on,261,271,0,6.5593343,5.378542,0.24079199,0.019167,0.841167,6.86325,23.0,4164.0,0.172625,2000.0,1400.0,2.0,1.1807922999999994
0,1,on,262,272,1,6.411333,5.289333,0.252959,0.018250002,0.68929195,6.7079997,23.0,4164.0,0.236791,2000.0,1400.0,2.0,1.1219999999999999
0,1,on,263,273,0,6.3405,5.2277503,0.3815,0.02,0.62754196,6.6435423,23.0,4164.0,0.1725,2000.0,1400.0,2.0,1.1127496999999993
0,1,on,264,274,1,6.525958,5.424,0.293833,0.018958999,0.707458,6.825875,23.0,4164.0,0.110167,2000.0,1400.0,2.0,1.1019579999999998
0,1,on,265,275,0,6.323459,5.284166,0.234792,0.020166999,0.626417,6.6196656,23.0,4164.0,0.168042,2000.0,1400.0,2.0,1.0392929999999998
0,1,on,266,276,1,6.3374166,4.956583,0.57,0.017874999,0.64500004,6.6367083,23.0,4164.0,0.111542,2000.0,1400.0,2.0,1.3808335999999999
0,1,on,267,277,0,6.461916,5.3710003,0.314167,0.017625,0.675375,6.752791,23.0,4164.0,0.114834,2000.0,1400.0,2.0,1.0909157
0,1,on,268,278,1,6.587542,5.4066253,0.241,0.017665999,0.81200004,6.873166,23.0,4164.0,0.179375,2000.0,1400.0,2.0,1.1809167
0,1,on,269,279,0,6.271458,5.269625,0.308083,0.01575,0.591541,6.620208,23.0,4164.0,0.254708,2000.0,1400.0,2.0,1.0018330000000004
0,1,on,270,280,1,6.572208,5.2887497,0.332167,0.019917,0.850625,6.893833,23.0,4164.0,0.097667,2000.0,1400.0,2.0,1.2834582999999995
0,1,on,271,281,0,6.468416,5.425833,0.22837499,0.022625,0.713875,6.744125,23.0,4164.0,0.208125,2000.0,1400.0,2.0,1.0425830000000005
0,1,on,272,282,1,6.559042,5.533333,0.21525,0.019417001,0.712792,6.851,23.0,4164.0,0.184,2000.0,1400.0,2.0,1.025709
0,1,on,273,283,0,6.537375,5.3962502,0.253959,0.01725,0.721625,6.833291,23.0,4164.0,0.18187499999999998,2000.0,1400.0,2.0,1.1411248
0,1,on,274,284,1,6.420291,5.398709,0.231834,0.018082999,0.691625,6.705834,23.0,4164.0,0.133666,2000.0,1400.0,2.0,1.0215819999999995
0,1,on,275,285,0,6.5295,5.320292,0.341084,0.018916,0.70762503,6.817708,23.0,4164.0,0.176917,2000.0,1400.0,2.0,1.2092079999999994
0,1,on,276,286,1,6.369125,5.245709,0.364917,0.017791001,0.65958303,6.670375,23.0,4164.0,0.106,2000.0,1400.0,2.0,1.1234160000000006
0,1,on,277,287,0,6.339875,5.1280828,0.440083,0.018334,0.672875,6.6417913,23.0,4164.0,0.12675,2000.0,1400.0,2.0,1.2117922000000005
0,1,on,278,288,1,6.336667,5.2406664,0.33025002,0.01875,0.660541,6.644666,23.0,4164.0,0.160416,2000.0,1400.0,2.0,1.0960006
0,1,on,279,289,0,6.24275,5.190667,0.263584,0.018625,0.60425,6.574167,23.0,4164.0,0.12045800000000001,2000.0,1400.0,2.0,1.0520829999999997
0,1,on,280,290,1,6.4382076,5.262792,0.367584,0.018417,0.7075,6.723375,23.0,4164.0,0.104542,2000.0,1400.0,2.0,1.1754156
0,1,on,281,291,0,6.515667,5.4065,0.229958,0.020791,0.77591705,6.79975,23.0,4164.0,0.17124999999999999,2000.0,1400.0,2.0,1.1091669999999993
0,1,on,282,292,1,6.492375,5.4093747,0.22904101,0.019458001,0.691166,6.783875,23.0,4164.0,0.201167,2000.0,1400.0,2.0,1.0830003000000001
0,1,on,283,293,0,6.3630424,5.2480407,0.26999998,0.019417001,0.657667,6.689084,23.0,4164.0,0.12770800000000002,2000.0,1400.0,2.0,1.1150017000000005
0,1,on,284,294,1,6.2304583,5.000791,0.526083,0.019167,0.59975004,6.604333,23.0,4164.0,0.13525,2000.0,1400.0,2.0,1.2296672999999991
0,1,on,285,295,0,6.5501657,5.457125,0.21320799,0.020792,0.778167,6.8332076,23.0,4164.0,0.129333,2000.0,1400.0,2.0,1.0930407000000004
0,1,on,286,296,1,7.021416,5.851375,0.26900002,0.021333,0.796875,7.332666,23.0,4164.0,0.193792,2000.0,1400.0,2.0,1.1700410000000003
0,1,on,287,297,0,6.526,5.434292,0.231333,0.022042,0.758,6.811834,23.0,4164.0,0.142959,2000.0,1400.0,2.0,1.0917079999999997
0,1,on,288,298,1,6.415,5.223167,0.34491602,0.021166999,0.690417,6.706167,23.0,4164.0,0.247125,2000.0,1400.0,2.0,1.191833
0,1,on,289,299,0,6.368625,5.28125,0.37095898,0.019499999,0.61633396,6.657209,23.0,4164.0,0.16591699999999998,2000.0,1400.0,2.0,1.0873749999999998
0,1,on,290,300,1,6.481375,5.36525,0.233167,0.019917,0.784,6.763375,23.0,4164.0,0.137291,2000.0,1400.0,2.0,1.1161250000000003
0,1,on,291,301,0,6.109958,4.9438753,0.38924998,0.020208,0.602458,6.5840406,23.0,4164.0,0.24212499999999998,2000.0,1400.0,2.0,1.1660826999999996
0,1,on,292,302,1,6.2944584,5.2102094,0.37025,0.020084001,0.61470896,6.585833,23.0,4164.0,0.12445800000000001,2000.0,1400.0,2.0,1.0842489999999998
0,1,on,293,303,0,6.7599998,5.308333,0.2955,0.019333,1.046333,7.043208,23.0,4164.0,0.10179200000000001,2000.0,1400.0,2.0,1.4516668
0,1,on,294,304,1,6.467334,5.441792,0.239333,0.018333,0.687667,6.761292,23.0,4164.0,0.440334,2000.0,1400.0,2.0,1.0255419999999997
0,1,on,295,305,0,6.354167,5.167708,0.33162498,0.020083,0.656416,6.643958,23.0,4164.0,0.177958,2000.0,1400.0,2.0,1.1864590000000002
0,1,on,296,306,1,6.428,5.300291,0.29408398,0.017834,0.73395795,6.7191668,23.0,4164.0,0.121708,2000.0,1400.0,2.0,1.1277090000000003
0,1,on,297,307,0,6.3417497,5.2581663,0.294584,0.018792,0.63066703,6.6247916,23.0,4164.0,0.210208,2000.0,1400.0,2.0,1.0835834000000002
0,1,on,298,308,1,6.325083,5.205,0.23025,0.018041,0.789417,6.7181664,23.0,4164.0,0.116292,2000.0,1400.0,2.0,1.1200830000000002
0,1,on,299,309,0,6.383083,5.262333,0.35320798,0.036167,0.642708,6.687875,23.0,4164.0,0.19625,2000.0,1400.0,2.0,1.1207500000000001
0,1,on,300,310,1,6.8223333,5.3118753,0.374416,0.016833,1.03925,7.1130843,23.0,4164.0,0.08541699999999999,2000.0,1400.0,2.0,1.5104580000000007
0,1,on,301,311,0,6.446292,5.431875,0.231792,0.018250002,0.683625,6.7284584,23.0,4164.0,0.099375,2000.0,1400.0,2.0,1.014417
0,1,on,302,312,1,6.419542,5.4134583,0.199208,0.018417,0.709333,6.725292,23.0,4164.0,0.168875,2000.0,1400.0,2.0,1.0060836999999996
0,1,on,303,313,0,6.451667,5.3545,0.27354202,0.019417001,0.72370803,6.739667,23.0,4164.0,0.183417,2000.0,1400.0,2.0,1.0971669999999998
0,1,on,304,314,1,6.370084,5.341875,0.258,0.019416,0.669375,6.670458,23.0,4164.0,0.176,2000.0,1400.0,2.0,1.0282090000000004
0,1,on,305,315,0,6.438084,5.418125,0.247917,0.02025,0.604833,6.736084,23.0,4164.0,0.171167,2000.0,1400.0,2.0,1.019959
0,1,on,306,316,1,6.295375,5.315542,0.218291,0.019834,0.60179204,6.575458,23.0,4164.0,0.146375,2000.0,1400.0,2.0,0.9798330000000002
0,1,on,307,317,0,6.594917,5.4379582,0.260292,0.021625,0.704917,6.8943753,23.0,4164.0,0.09304100000000001,2000.0,1400.0,2.0,1.1569588
0,1,on,308,318,1,6.442375,5.442708,0.219583,0.01775,0.68175,6.727292,23.0,4164.0,0.165292,2000.0,1400.0,2.0,0.9996670000000005
0,1,on,309,319,0,6.409334,5.197959,0.345959,0.018958,0.70445895,6.7061253,23.0,4164.0,0.177625,2000.0,1400.0,2.0,1.2113750000000003
0,1,on,310,320,1,6.302875,5.373167,0.21691701,0.019958,0.614875,6.597333,23.0,4164.0,0.17658300000000002,2000.0,1400.0,2.0,0.9297080000000006
0,1,on,311,321,0,6.2889156,5.190208,0.256625,0.023,0.642,6.5697503,23.0,4164.0,0.147042,2000.0,1400.0,2.0,1.0987076
0,1,on,312,322,1,6.440292,5.3765,0.243292,0.018958,0.719291,6.733583,23.0,4164.0,0.121959,2000.0,1400.0,2.0,1.0637920000000003
0,1,on,313,323,0,6.256666,5.260291,0.244125,0.017041,0.589334,6.550625,23.0,4164.0,0.2,2000.0,1400.0,2.0,0.9963750000000005
0,1,on,314,324,1,6.4561253,5.349416,0.244584,0.019166,0.68537503,6.758709,23.0,4164.0,0.09787499999999999,2000.0,1400.0,2.0,1.1067093000000003
0,1,on,315,325,0,6.446916,5.448041,0.232958,0.035666,0.65208304,6.731417,23.0,4164.0,0.125334,2000.0,1400.0,2.0,0.998875
0,1,on,316,326,1,6.429458,5.4067917,0.22250001,0.017583,0.637208,6.767208,23.0,4164.0,0.165375,2000.0,1400.0,2.0,1.0226663
0,1,on,317,327,0,6.366584,5.286958,0.287708,0.02025,0.693166,6.655084,23.0,4164.0,0.10525,2000.0,1400.0,2.0,1.0796259999999993
0,1,on,318,328,1,6.3185406,5.226084,0.294166,0.017665999,0.63629097,6.6145,23.0,4164.0,0.16695800000000002,2000.0,1400.0,2.0,1.0924566000000002
0,1,on,319,329,0,6.356084,5.268375,0.307292,0.020917,0.68179196,6.646291,23.0,4164.0,0.115667,2000.0,1400.0,2.0,1.0877090000000003
0,1,on,320,330,1,6.426209,5.278125,0.287458,0.019917,0.7015,6.7238326,23.0,4164.0,0.164458,2000.0,1400.0,2.0,1.1480839999999999
0,1,on,321,331,0,6.550708,5.517417,0.226959,0.018042,0.70683295,6.845417,23.0,4164.0,0.17008299999999998,2000.0,1400.0,2.0,1.0332910000000002
0,1,on,322,332,1,6.227459,5.326417,0.221083,0.017458,0.527083,6.5247917,23.0,4164.0,0.192584,2000.0,1400.0,2.0,0.9010419999999995
0,1,on,323,333,0,6.45675,5.413125,0.293667,0.021583999,0.581417,6.76175,23.0,4164.0,0.090375,2000.0,1400.0,2.0,1.0436250000000005
0,1,on,324,334,1,6.306,5.1415,0.332167,0.018916,0.63204104,6.6065,23.0,4164.0,0.0815,2000.0,1400.0,2.0,1.1645000000000003
0,1,on,325,335,0,6.341083,5.291459,0.288416,0.018625,0.662333,6.622625,23.0,4164.0,0.110709,2000.0,1400.0,2.0,1.0496240000000006
0,1,on,326,336,1,6.452417,5.323166,0.219958,0.021375,0.73783404,6.7382503,23.0,4164.0,0.173292,2000.0,1400.0,2.0,1.129251
0,1,on,327,337,0,6.3871245,5.363083,0.245792,0.019333,0.67841697,6.684,23.0,4164.0,0.137542,2000.0,1400.0,2.0,1.0240415
0,1,on,328,338,1,6.37,5.3063335,0.290584,0.01875,0.67045903,6.673,23.0,4164.0,0.163208,2000.0,1400.0,2.0,1.0636665
0,1,on,329,339,0,6.416459,5.308875,0.27854198,0.02,0.727,6.7087917,23.0,4164.0,0.15175,2000.0,1400.0,2.0,1.1075840000000001
0,1,on,330,340,1,6.2232914,5.203167,0.236,0.020625,0.612667,6.623417,23.0,4164.0,0.175334,2000.0,1400.0,2.0,1.0201244000000003
0,1,on,331,341,0,6.621,5.276625,0.241709,0.021209,1.000375,6.954708,23.0,4164.0,0.08491599999999999,2000.0,1400.0,2.0,1.3443750000000003
0,1,on,332,342,1,6.7015,5.353917,0.294375,0.018792,0.95412505,6.986583,23.0,4164.0,0.462625,2000.0,1400.0,2.0,1.3475830000000002
0,1,on,333,343,0,6.5179996,5.44075,0.22616701,0.019459,0.729625,6.799834,23.0,4164.0,0.356541,2000.0,1400.0,2.0,1.0772495999999991
0,1,on,334,344,1,6.380875,5.347583,0.218792,0.020333,0.64141697,6.666541,23.0,4164.0,0.224959,2000.0,1400.0,2.0,1.0332919999999994
0,1,on,335,345,0,6.29675,5.252208,0.25004202,0.020625,0.625084,6.593334,23.0,4164.0,0.152417,2000.0,1400.0,2.0,1.0445419999999999
0,1,on,336,346,1,6.364083,5.252042,0.32325,0.018250002,0.66370803,6.661791,23.0,4164.0,0.12575,2000.0,1400.0,2.0,1.1120409999999996
0,1,on,337,347,0,6.288125,5.292583,0.22649999,0.01625,0.598958,6.604834,23.0,4164.0,0.11820800000000001,2000.0,1400.0,2.0,0.9955420000000004
0,1,on,338,348,1,6.313334,5.2660003,0.231334,0.017583,0.64795804,6.608584,23.0,4164.0,0.1145,2000.0,1400.0,2.0,1.0473337000000003
0,1,on,339,349,0,6.4841657,5.253792,0.242666,0.020583,0.778041,6.786291,23.0,4164.0,0.119084,2000.0,1400.0,2.0,1.2303737000000003
0,1,on,340,350,1,6.591458,5.3084593,0.221542,0.019416,0.887958,6.8918753,23.0,4164.0,0.201542,2000.0,1400.0,2.0,1.2829987000000003
0,1,on,341,351,0,6.389,5.304834,0.304375,0.019084001,0.679583,6.696583,23.0,4164.0,0.328334,2000.0,1400.0,2.0,1.0841660000000006
0,1,on,342,352,1,6.289084,5.205458,0.325042,0.020208,0.593791,6.574666,23.0,4164.0,0.18212499999999998,2000.0,1400.0,2.0,1.0836259999999998
0,1,on,343,353,0,6.340375,5.204375,0.256167,0.021708,0.63966596,6.64325,23.0,4164.0,0.08679100000000001,2000.0,1400.0,2.0,1.1360000000000001
0,1,on,344,354,1,6.335417,5.180792,0.380208,0.017541999,0.674375,6.6350837,23.0,4164.0,0.123208,2000.0,1400.0,2.0,1.1546249999999993
0,1,on,345,355,0,6.330417,5.250292,0.241917,0.016458,0.671,6.630334,23.0,4164.0,0.12216700000000001,2000.0,1400.0,2.0,1.0801249999999998
0,1,on,346,356,1,6.493,5.2665,0.22354199,0.019208001,0.833583,6.7772503,23.0,4164.0,0.17225000000000001,2000.0,1400.0,2.0,1.2265000000000006
0,1,on,347,357,0,6.366334,5.2618337,0.311417,0.021541,0.63083297,6.648084,23.0,4164.0,0.127333,2000.0,1400.0,2.0,1.1045002999999998
0,1,on,348,358,1,6.3855,5.245958,0.32866699,0.017584,0.619125,6.662667,23.0,4164.0,0.085208,2000.0,1400.0,2.0,1.1395420000000005
0,1,on,349,359,0,6.382958,5.202417,0.30245802,0.020209,0.714167,6.691792,23.0,4164.0,0.107166,2000.0,1400.0,2.0,1.1805410000000007
0,1,on,350,360,1,6.391375,5.372084,0.215667,0.027958,0.696083,6.687167,23.0,4164.0,0.12675,2000.0,1400.0,2.0,1.019291
0,1,on,351,361,0,6.40625,5.3137918,0.23454201,0.019708,0.6955,6.717084,23.0,4164.0,0.17375,2000.0,1400.0,2.0,1.0924582000000003
0,1,on,352,362,1,6.3391666,5.277375,0.309375,0.02,0.651708,6.6530004,23.0,4164.0,0.16470800000000002,2000.0,1400.0,2.0,1.0617916000000003
0,1,on,353,363,0,6.4763327,5.383792,0.30116698,0.019334,0.63733304,6.765209,23.0,4164.0,0.15537499999999999,2000.0,1400.0,2.0,1.0925407000000007
0,1,on,354,364,1,6.3104167,5.182625,0.402459,0.020917,0.612459,6.6105003,23.0,4164.0,0.11429199999999999,2000.0,1400.0,2.0,1.1277917000000004
0,1,on,355,365,0,6.329625,5.18775,0.282333,0.018833,0.67125,6.619417,23.0,4164.0,0.11299999999999999,2000.0,1400.0,2.0,1.1418749999999998
0,1,on,356,366,1,6.2017093,5.199584,0.240625,0.018583,0.587458,6.545125,23.0,4164.0,0.099083,2000.0,1400.0,2.0,1.0021253000000003
0,1,on,357,367,0,6.3162503,5.333458,0.285208,0.01875,0.599834,6.601625,23.0,4164.0,0.093666,2000.0,1400.0,2.0,0.9827922999999998
0,1,on,358,368,1,6.438625,5.375167,0.235625,0.020625,0.72475,6.724417,23.0,4164.0,0.107417,2000.0,1400.0,2.0,1.0634579999999998
0,1,on,359,369,0,6.400125,5.3571672,0.2395,0.016958,0.70912504,6.709417,23.0,4164.0,0.193167,2000.0,1400.0,2.0,1.0429578
0,1,on,360,370,1,6.429875,5.340333,0.28562498,0.019792,0.628833,6.725375,23.0,4164.0,0.193375,2000.0,1400.0,2.0,1.0895419999999998
0,2,off,121,131,0,4.4041247,3.450417,0.30412498,0.017792,0.553375,4.7166247,23.0,4164.0,0.13262500000000002,2000.0,1400.0,2.0,0.9537076999999998
0,2,off,122,132,0,4.850791,3.8214588,0.302875,0.0215,0.6275,5.167958,23.0,4164.0,0.108292,2000.0,1400.0,2.0,1.0293322000000003
0,2,off,123,133,0,4.686583,3.592166,0.325708,0.026167,0.665833,5.0049157,23.0,4164.0,0.107625,2000.0,1400.0,2.0,1.0944169999999995
0,2,off,124,134,0,4.644083,3.6269588,0.325125,0.018917,0.60116696,4.9379168,23.0,4164.0,0.143625,2000.0,1400.0,2.0,1.0171242
0,2,off,125,135,0,4.434166,3.488625,0.32204202,0.020957999,0.528458,4.736541,23.0,4164.0,0.095208,2000.0,1400.0,2.0,0.9455410000000004
0,2,off,126,136,0,4.599541,3.4615421,0.32995802,0.017042,0.716167,4.908583,23.0,4164.0,0.101417,2000.0,1400.0,2.0,1.1379989000000004
0,2,off,127,137,0,4.5014577,3.5570002,0.329625,0.018125,0.525208,4.795375,23.0,4164.0,0.20358400000000001,2000.0,1400.0,2.0,0.9444574999999995
0,2,off,128,138,0,4.508542,3.504334,0.291917,0.019333,0.617334,4.8040423,23.0,4164.0,0.106834,2000.0,1400.0,2.0,1.0042080000000002
0,2,off,129,139,0,4.491333,3.486333,0.310375,0.019792,0.600959,4.82575,23.0,4164.0,0.153291,2000.0,1400.0,2.0,1.005
0,2,off,130,140,0,4.993583,3.991042,0.25849998,0.017584,0.65125,5.270625,23.0,4164.0,0.164,2000.0,1400.0,2.0,1.002541
0,2,off,131,141,0,4.7183332,3.772625,0.339583,0.019499999,0.510541,5.0233326,23.0,4164.0,0.115834,2000.0,1400.0,2.0,0.9457081999999999
0,2,off,132,142,0,4.50875,3.476625,0.309,0.019667001,0.629917,4.817542,23.0,4164.0,0.098458,2000.0,1400.0,2.0,1.0321250000000002
0,2,off,133,143,0,4.62625,3.585125,0.31366602,0.0185,0.633708,4.913792,23.0,4164.0,0.0945,2000.0,1400.0,2.0,1.0411249999999996
0,2,off,134,144,0,4.509542,3.4442909,0.335708,0.018833,0.639583,4.8149157,23.0,4164.0,0.223666,2000.0,1400.0,2.0,1.0652510999999998
0,2,off,135,145,0,4.515542,3.516542,0.296875,0.01925,0.607541,4.82225,23.0,4164.0,0.12387499999999999,2000.0,1400.0,2.0,0.9990000000000001
0,2,off,136,146,0,4.4319158,3.11725,0.5905,0.018917,0.625792,4.8057923,23.0,4164.0,0.11495899999999999,2000.0,1400.0,2.0,1.3146657999999998
0,2,off,137,147,0,4.461625,3.514833,0.328917,0.019583,0.522584,4.7825413,23.0,4164.0,0.11870800000000001,2000.0,1400.0,2.0,0.9467919999999999
0,2,off,138,148,0,4.527458,3.5238328,0.30925,0.019,0.602208,4.8294163,23.0,4164.0,0.118334,2000.0,1400.0,2.0,1.0036252
0,2,off,139,149,0,4.3835,3.434083,0.32329202,0.019625,0.498875,4.688416,23.0,4164.0,0.11741700000000001,2000.0,1400.0,2.0,0.9494169999999995
0,2,off,140,150,0,4.854666,3.74825,0.32420897,0.018082999,0.692333,5.186875,23.0,4164.0,0.08491599999999999,2000.0,1400.0,2.0,1.1064159999999998
0,2,off,141,151,0,4.49375,3.569,0.22825001,0.018042,0.60174996,4.8068748,23.0,4164.0,0.175708,2000.0,1400.0,2.0,0.9247500000000004
0,2,off,142,152,0,4.658042,3.5931249,0.284083,0.019082999,0.685166,5.011542,23.0,4164.0,0.16458299999999998,2000.0,1400.0,2.0,1.0649171000000002
0,2,off,143,153,0,4.6309156,3.703459,0.294333,0.017958,0.53841704,4.9245,23.0,4164.0,0.16991599999999998,2000.0,1400.0,2.0,0.9274565999999997
0,2,off,144,154,0,4.596375,3.545875,0.320041,0.020333,0.638167,4.8967094,23.0,4164.0,0.096541,2000.0,1400.0,2.0,1.0505
0,2,off,145,155,0,4.3927913,3.467,0.301834,0.01625,0.536,4.739,23.0,4164.0,0.107458,2000.0,1400.0,2.0,0.9257912999999998
0,2,off,146,156,0,4.792583,3.7825,0.291792,0.019542,0.617083,5.126708,23.0,4164.0,0.113708,2000.0,1400.0,2.0,1.0100829999999994
0,2,off,147,157,0,4.3676667,3.32325,0.4365,0.018000001,0.518417,4.666417,23.0,4164.0,0.103833,2000.0,1400.0,2.0,1.0444167000000002
0,2,off,148,158,0,4.6418753,3.505833,0.33833298,0.019125,0.706708,4.931333,23.0,4164.0,0.10087499999999999,2000.0,1400.0,2.0,1.1360422999999997
0,2,off,149,159,0,4.8023343,3.801417,0.311083,0.01875,0.593875,5.1159997,23.0,4164.0,0.219917,2000.0,1400.0,2.0,1.0009173000000002
0,2,off,150,160,0,4.695125,3.6082919,0.260167,0.018541,0.73404205,4.997917,23.0,4164.0,0.16433299999999998,2000.0,1400.0,2.0,1.0868330999999998
0,2,off,151,161,0,4.5865,3.602667,0.317375,0.017625,0.5745,4.88575,23.0,4164.0,0.230458,2000.0,1400.0,2.0,0.9838330000000002
0,2,off,152,162,0,4.516875,3.4842079,0.29908302,0.02025,0.637667,4.820666,23.0,4164.0,0.150167,2000.0,1400.0,2.0,1.0326670999999998
0,2,off,153,163,0,4.715958,3.747833,0.31058303,0.019583,0.562417,5.0287924,23.0,4164.0,0.09595899999999999,2000.0,1400.0,2.0,0.9681249999999997
0,2,off,154,164,0,4.450375,3.3539162,0.423208,0.019834,0.57625,4.791042,23.0,4164.0,0.134625,2000.0,1400.0,2.0,1.0964588000000002
0,2,off,155,165,0,4.66525,3.4789581,0.345,0.018666,0.74962497,4.995709,23.0,4164.0,0.127834,2000.0,1400.0,2.0,1.1862919000000005
0,2,off,156,166,0,4.203,3.052833,0.425833,0.018416,0.62137496,4.9623747,23.0,4164.0,0.18325,2000.0,1400.0,2.0,1.1501670000000002
0,2,off,157,167,0,4.355167,3.4047081,0.350875,0.020375,0.501125,4.681333,23.0,4164.0,0.12191700000000001,2000.0,1400.0,2.0,0.9504588999999997
0,2,off,158,168,0,4.8100843,3.7519999,0.33095902,0.018417,0.631375,5.159542,23.0,4164.0,0.09579199999999999,2000.0,1400.0,2.0,1.0580843999999998
0,2,off,159,169,0,4.38075,3.4229581,0.34425,0.019584,0.519208,4.680334,23.0,4164.0,0.10500000000000001,2000.0,1400.0,2.0,0.9577919000000001
0,2,off,160,170,0,4.717708,3.632625,0.30833402,0.03675,0.661458,5.0464997,23.0,4164.0,0.092833,2000.0,1400.0,2.0,1.085083
0,2,off,161,171,0,4.625458,3.68525,0.32316598,0.018041,0.523625,4.9295,23.0,4164.0,0.11075,2000.0,1400.0,2.0,0.9402080000000002
0,2,off,162,172,0,5.092542,3.7765841,0.292416,0.059875,0.841292,5.4581666,23.0,4164.0,0.103791,2000.0,1400.0,2.0,1.3159579
0,2,off,163,173,0,4.485875,3.5374591,0.321083,0.019499999,0.534333,4.789083,23.0,4164.0,0.102625,2000.0,1400.0,2.0,0.9484159000000001
0,2,off,164,174,0,4.515208,3.4899168,0.316583,0.017541,0.620792,4.812166,23.0,4164.0,0.108625,2000.0,1400.0,2.0,1.0252912000000003
0,2,off,165,175,0,4.3972077,3.413625,0.382791,0.019667001,0.507041,4.7140417,23.0,4164.0,0.118667,2000.0,1400.0,2.0,0.9835826999999999
0,2,off,166,176,0,4.4420424,3.3616672,0.369666,0.017042,0.595167,4.7415,23.0,4164.0,0.108542,2000.0,1400.0,2.0,1.0803752000000002
0,2,off,167,177,0,4.816875,3.818833,0.31525,0.017458,0.589208,5.1309576,23.0,4164.0,0.105542,2000.0,1400.0,2.0,0.9980419999999994
0,2,off,168,178,0,4.795375,3.688,0.293834,0.016709,0.718,5.1712084,23.0,4164.0,0.16508399999999998,2000.0,1400.0,2.0,1.1073749999999998
0,2,off,169,179,0,4.757583,3.760458,0.294708,0.019082999,0.59499997,5.06775,23.0,4164.0,0.231,2000.0,1400.0,2.0,0.9971250000000005
0,2,off,170,180,0,4.494291,3.405791,0.365625,0.017833,0.629792,4.812042,23.0,4164.0,0.145084,2000.0,1400.0,2.0,1.0884999999999998
0,2,off,171,181,0,4.433833,3.495375,0.30525,0.02075,0.537209,4.733542,23.0,4164.0,0.115167,2000.0,1400.0,2.0,0.9384579999999998
0,2,off,172,182,0,4.677791,3.4191668,0.460625,0.01775,0.699,4.988,23.0,4164.0,0.100791,2000.0,1400.0,2.0,1.2586241999999999
0,2,off,173,183,0,4.341125,3.4030411,0.306625,0.015792001,0.540541,4.716458,23.0,4164.0,0.162167,2000.0,1400.0,2.0,0.9380839000000001
0,2,off,174,184,0,4.390834,3.379666,0.322334,0.019792,0.590584,4.75375,23.0,4164.0,0.119541,2000.0,1400.0,2.0,1.011168
0,2,off,175,185,0,4.476042,3.117542,0.666458,0.018583,0.53779197,4.760209,23.0,4164.0,0.094875,2000.0,1400.0,2.0,1.3584999999999998
0,2,off,176,186,0,4.898291,3.885792,0.331958,0.018917,0.583375,5.1998754,23.0,4164.0,0.11691700000000001,2000.0,1400.0,2.0,1.0124990000000005
0,2,off,177,187,0,4.4342923,3.457667,0.328709,0.02,0.552333,4.7385416,23.0,4164.0,0.095292,2000.0,1400.0,2.0,0.9766253000000003
0,2,off,178,188,0,4.5993752,3.609458,0.319875,0.018042,0.574375,4.890584,23.0,4164.0,0.103292,2000.0,1400.0,2.0,0.9899171999999998
0,2,off,179,189,0,4.44975,3.512959,0.308125,0.021,0.530041,4.750208,23.0,4164.0,0.080333,2000.0,1400.0,2.0,0.9367909999999999
0,2,off,180,190,0,4.636375,3.4992921,0.32508302,0.018082999,0.719167,4.937625,23.0,4164.0,0.08237499999999999,2000.0,1400.0,2.0,1.1370829000000002
0,2,off,181,191,0,4.3344173,3.474333,0.329792,0.019042,0.436916,4.630708,23.0,4164.0,0.17124999999999999,2000.0,1400.0,2.0,0.8600843
0,2,off,182,192,0,4.369,3.251083,0.428042,0.018791,0.597458,4.743125,23.0,4164.0,0.074958,2000.0,1400.0,2.0,1.1179169999999998
0,2,off,183,193,0,4.474625,3.4242918,0.444959,0.017708,0.512916,4.785,23.0,4164.0,0.09275,2000.0,1400.0,2.0,1.0503331999999994
0,2,off,184,194,0,4.566167,3.485541,0.315292,0.018667001,0.673084,4.8585835,23.0,4164.0,0.091167,2000.0,1400.0,2.0,1.080626
0,2,off,185,195,0,4.772291,3.830208,0.31125,0.019542,0.537041,5.063458,23.0,4164.0,0.16525,2000.0,1400.0,2.0,0.9420830000000002
0,2,off,186,196,0,4.821292,3.793875,0.32212502,0.018958,0.612417,5.111583,23.0,4164.0,0.10708300000000001,2000.0,1400.0,2.0,1.0274169999999998
0,2,off,187,197,0,4.574417,3.563208,0.344958,0.018042,0.568459,4.87425,23.0,4164.0,0.10516700000000001,2000.0,1400.0,2.0,1.0112090000000005
0,2,off,188,198,0,4.5669174,3.4903748,0.328041,0.018583,0.6545,4.859667,23.0,4164.0,0.13504200000000002,2000.0,1400.0,2.0,1.0765426000000002
0,2,off,189,199,0,4.440834,3.577041,0.283833,0.018666,0.48870802,4.778667,23.0,4164.0,0.1375,2000.0,1400.0,2.0,0.8637929999999998
0,2,off,190,200,0,4.517834,3.4819999,0.30824998,0.018667001,0.636833,4.806042,23.0,4164.0,0.11333299999999999,2000.0,1400.0,2.0,1.0358340999999998
0,2,off,191,201,0,4.724541,3.675333,0.332834,0.016542,0.624542,5.070625,23.0,4164.0,0.106959,2000.0,1400.0,2.0,1.0492080000000001
0,2,off,192,202,0,4.5325413,3.436458,0.346791,0.017541999,0.65900004,4.839792,23.0,4164.0,0.109042,2000.0,1400.0,2.0,1.0960833
0,2,off,193,203,0,4.92775,3.6166668,0.34974998,0.020041,0.853958,5.22575,23.0,4164.0,0.160875,2000.0,1400.0,2.0,1.3110831999999997
0,2,off,194,204,0,5.2182913,3.8029592,0.321959,0.017208,1.003042,5.508958,23.0,4164.0,0.379875,2000.0,1400.0,2.0,1.4153320999999996
0,2,off,195,205,0,4.439625,3.554208,0.251959,0.018167,0.536833,4.749916,23.0,4164.0,0.133208,2000.0,1400.0,2.0,0.8854170000000003
0,2,off,196,206,0,4.657084,3.544458,0.345375,0.020458,0.670833,4.953584,23.0,4164.0,0.13954200000000003,2000.0,1400.0,2.0,1.1126260000000001
0,2,off,197,207,0,4.544208,3.695791,0.25175,0.018958,0.504083,4.820833,23.0,4164.0,0.181917,2000.0,1400.0,2.0,0.8484170000000004
0,2,off,198,208,0,4.49825,3.4637501,0.330083,0.016791001,0.616417,4.799,23.0,4164.0,0.093083,2000.0,1400.0,2.0,1.0344998999999997
0,2,off,199,209,0,4.478417,3.5137498,0.31912503,0.019290999,0.525959,4.798833,23.0,4164.0,0.111084,2000.0,1400.0,2.0,0.9646672000000005
0,2,off,200,210,0,4.935542,3.877959,0.271958,0.020209,0.69154197,5.222417,23.0,4164.0,0.091041,2000.0,1400.0,2.0,1.0575829999999997
0,2,off,201,211,0,4.5648327,3.461333,0.317834,0.018042,0.69299996,4.8685417,23.0,4164.0,0.16558299999999998,2000.0,1400.0,2.0,1.1034997
0,2,off,202,212,0,4.7557087,3.583708,0.305083,0.019082999,0.77245796,5.0494576,23.0,4164.0,0.3145,2000.0,1400.0,2.0,1.1720006999999995
0,2,off,203,213,0,4.581958,3.6811671,0.313083,0.014958,0.495834,4.9512496,23.0,4164.0,0.139959,2000.0,1400.0,2.0,0.9007909000000001
0,2,off,204,214,0,4.4692087,3.47425,0.294375,0.018166,0.609208,4.763666,23.0,4164.0,0.08349999999999999,2000.0,1400.0,2.0,0.9949587000000002
0,2,off,205,215,0,4.443375,3.5075,0.326,0.017958,0.515083,4.800292,23.0,4164.0,0.107667,2000.0,1400.0,2.0,0.9358749999999998
0,2,off,206,216,0,4.6107497,3.3773332,0.40600002,0.01875,0.73383397,4.931708,23.0,4164.0,0.109208,2000.0,1400.0,2.0,1.2334165000000006
0,2,off,207,217,0,4.592667,3.596792,0.271083,0.035292,0.60883296,4.901875,23.0,4164.0,0.2155,2000.0,1400.0,2.0,0.9958749999999994
0,2,off,208,218,0,4.639583,3.6616251,0.30429202,0.01775,0.585125,4.922917,23.0,4164.0,0.101917,2000.0,1400.0,2.0,0.9779578999999998
0,2,off,209,219,0,4.46775,3.525375,0.335791,0.017125,0.517042,4.768834,23.0,4164.0,0.09925,2000.0,1400.0,2.0,0.9423749999999997
0,2,off,210,220,0,4.519334,3.48825,0.301417,0.018792,0.636709,4.876,23.0,4164.0,0.10070799999999999,2000.0,1400.0,2.0,1.031084
0,2,off,211,221,0,4.672625,3.64325,0.35020798,0.019166,0.584083,4.9785833,23.0,4164.0,0.112667,2000.0,1400.0,2.0,1.029375
0,2,off,212,222,0,4.84175,3.692875,0.402458,0.016874999,0.623,5.141792,23.0,4164.0,0.153875,2000.0,1400.0,2.0,1.1488750000000003
0,2,off,213,223,0,4.7425,3.753834,0.28141698,0.02,0.61625,5.068,23.0,4164.0,0.106458,2000.0,1400.0,2.0,0.9886659999999998
0,2,off,214,224,0,4.584833,3.532792,0.349417,0.020084001,0.609875,4.9041247,23.0,4164.0,0.162292,2000.0,1400.0,2.0,1.0520409999999996
0,2,off,215,225,0,4.4900002,3.5506248,0.31199998,0.01875,0.535834,4.795709,23.0,4164.0,0.118333,2000.0,1400.0,2.0,0.9393753999999999
0,2,off,216,226,0,4.766167,3.7313342,0.294584,0.01875,0.646958,5.0793343,23.0,4164.0,0.11325,2000.0,1400.0,2.0,1.0348328000000002
0,2,off,217,227,0,4.365458,3.4579582,0.32250002,0.019583,0.48979098,4.665083,23.0,4164.0,0.103667,2000.0,1400.0,2.0,0.9074998000000001
0,2,off,218,228,0,4.4690423,3.502083,0.330042,0.017792,0.546625,4.76375,23.0,4164.0,0.076042,2000.0,1400.0,2.0,0.9669593000000001
0,2,off,219,229,0,4.46,3.494291,0.315666,0.018291,0.558791,4.801042,23.0,4164.0,0.10450000000000001,2000.0,1400.0,2.0,0.9657089999999999
0,2,off,220,230,0,4.506834,3.5272498,0.233542,0.018209001,0.654542,4.8097496,23.0,4164.0,0.098959,2000.0,1400.0,2.0,0.9795841999999997
0,2,off,221,231,0,4.713,3.769459,0.345667,0.02075,0.501541,5.0045,23.0,4164.0,0.178041,2000.0,1400.0,2.0,0.9435410000000002
0,2,off,222,232,0,4.471791,3.512125,0.290709,0.0175,0.578459,4.773125,23.0,4164.0,0.081875,2000.0,1400.0,2.0,0.9596659999999995
0,2,off,223,233,0,4.5048747,3.5340412,0.333208,0.016792001,0.541833,4.883417,23.0,4164.0,0.108416,2000.0,1400.0,2.0,0.9708335000000003
0,2,off,224,234,0,4.7209163,3.747709,0.202083,0.015416001,0.683042,5.0066657,23.0,4164.0,0.112917,2000.0,1400.0,2.0,0.9732072999999999
0,2,off,225,235,0,4.8011246,3.861417,0.320625,0.020791,0.525209,5.101041,23.0,4164.0,0.161875,2000.0,1400.0,2.0,0.9397075999999998
0,2,off,226,236,0,4.4775,3.432042,0.330084,0.018625,0.621417,4.7922077,23.0,4164.0,0.096667,2000.0,1400.0,2.0,1.045458
0,2,off,227,237,0,4.7208753,3.712334,0.280916,0.01675,0.63908404,5.021375,23.0,4164.0,0.110333,2000.0,1400.0,2.0,1.0085413000000005
0,2,off,228,238,0,4.786042,3.697458,0.359792,0.021542,0.630791,5.175584,23.0,4164.0,0.152667,2000.0,1400.0,2.0,1.088584
0,2,off,229,239,0,4.471208,3.524291,0.31562498,0.018250002,0.537083,4.784667,23.0,4164.0,0.11675,2000.0,1400.0,2.0,0.946917
0,2,off,230,240,0,4.8765,3.84275,0.300791,0.019208001,0.635292,5.174333,23.0,4164.0,0.111125,2000.0,1400.0,2.0,1.03375
0,2,off,231,241,0,4.573958,3.654958,0.29725,0.015917,0.533792,4.884167,23.0,4164.0,0.147084,2000.0,1400.0,2.0,0.919
0,2,off,232,242,0,4.6731663,3.585541,0.327333,0.019125,0.667791,4.9742503,23.0,4164.0,0.094459,2000.0,1400.0,2.0,1.0876253
0,2,off,233,243,0,4.4267497,3.296833,0.41820797,0.019042,0.6155,4.797833,23.0,4164.0,0.15775,2000.0,1400.0,2.0,1.1299167000000003
0,2,off,234,244,0,4.674708,3.5005841,0.355708,0.017874999,0.727917,4.9815,23.0,4164.0,0.188583,2000.0,1400.0,2.0,1.1741238999999997
0,2,off,235,245,0,4.568834,3.5395,0.327333,0.018708,0.60962504,4.869125,23.0,4164.0,0.221834,2000.0,1400.0,2.0,1.029334
0,2,off,236,246,0,4.544125,3.392042,0.447458,0.016791001,0.614834,4.8367085,23.0,4164.0,0.113583,2000.0,1400.0,2.0,1.1520830000000002
0,2,off,237,247,0,4.301542,3.446416,0.32287502,0.016542,0.443208,4.6047907,23.0,4164.0,0.12812500000000002,2000.0,1400.0,2.0,0.8551260000000003
0,2,off,238,248,0,4.746334,3.665458,0.241125,0.01925,0.74508405,5.049583,23.0,4164.0,0.091958,2000.0,1400.0,2.0,1.080876
0,2,off,239,249,0,4.703709,3.766208,0.323625,0.017166,0.5215,5.035917,23.0,4164.0,0.225208,2000.0,1400.0,2.0,0.9375010000000001
0,2,off,240,250,0,4.748167,3.695375,0.27712497,0.018459002,0.68350005,5.0377502,23.0,4164.0,0.092583,2000.0,1400.0,2.0,1.0527919999999997
0,2,off,241,251,0,4.5065,3.5340831,0.35183302,0.017292,0.53225,4.812,23.0,4164.0,0.167875,2000.0,1400.0,2.0,0.9724168999999998
0,2,off,242,252,0,4.568791,3.461584,0.31837502,0.018584,0.696584,4.873375,23.0,4164.0,0.11645900000000001,2000.0,1400.0,2.0,1.1072069999999998
0,2,off,243,253,0,5.1459174,3.5885422,0.296292,0.016209,1.169125,5.533875,23.0,4164.0,0.158083,2000.0,1400.0,2.0,1.5573752
0,2,off,244,254,0,4.638208,3.6345,0.224417,0.017417,0.690041,4.9302907,23.0,4164.0,0.118959,2000.0,1400.0,2.0,1.0037079999999996
0,2,off,245,255,0,4.55725,3.5745,0.357791,0.019583,0.52787495,4.8649173,23.0,4164.0,0.179917,2000.0,1400.0,2.0,0.9827499999999998
0,2,off,246,256,0,4.4960423,3.485875,0.333458,0.020292,0.582625,4.7947087,23.0,4164.0,0.101,2000.0,1400.0,2.0,1.0101673
0,2,off,247,257,0,4.6175423,3.565625,0.3475,0.03525,0.588417,4.920666,23.0,4164.0,0.08254099999999999,2000.0,1400.0,2.0,1.0519173000000004
0,2,off,248,258,0,4.942958,3.799917,0.35429198,0.020959,0.692208,5.249625,23.0,4164.0,0.109792,2000.0,1400.0,2.0,1.1430409999999998
0,2,off,249,259,0,4.485875,3.545208,0.306167,0.016333,0.54283303,4.8269167,23.0,4164.0,0.177791,2000.0,1400.0,2.0,0.9406669999999999
0,2,off,250,260,0,4.578541,3.592333,0.30029202,0.019042,0.592584,4.882583,23.0,4164.0,0.109167,2000.0,1400.0,2.0,0.9862080000000004
0,2,off,251,261,0,4.396542,3.464292,0.340166,0.015792001,0.50362504,4.69925,23.0,4164.0,0.09525,2000.0,1400.0,2.0,0.9322500000000002
0,2,off,252,262,0,4.5446253,3.450042,0.321833,0.018667001,0.67641705,4.8452916,23.0,4164.0,0.09979199999999999,2000.0,1400.0,2.0,1.0945833
0,2,off,253,263,0,4.56325,3.496,0.336625,0.019792,0.636208,4.856959,23.0,4164.0,0.166584,2000.0,1400.0,2.0,1.06725
0,2,off,254,264,0,4.6245418,3.5849578,0.3215,0.018792,0.623125,4.9404163,23.0,4164.0,0.224667,2000.0,1400.0,2.0,1.039584
0,2,off,255,265,0,4.737584,3.872583,0.26999998,0.01875,0.503333,5.0275,23.0,4164.0,0.10354200000000001,2000.0,1400.0,2.0,0.8650009999999999
0,2,off,256,266,0,4.434833,3.364167,0.328875,0.016291,0.615875,4.7436666,23.0,4164.0,0.102667,2000.0,1400.0,2.0,1.0706660000000001
0,2,off,257,267,0,4.817875,3.8833752,0.301292,0.018834,0.534166,5.106459,23.0,4164.0,0.11866600000000001,2000.0,1400.0,2.0,0.9344997999999998
0,2,off,258,268,0,4.38975,3.3944998,0.318542,0.014125001,0.591125,4.744917,23.0,4164.0,0.10137499999999999,2000.0,1400.0,2.0,0.9952502000000001
0,2,off,259,269,0,4.4936666,3.577958,0.305792,0.016959,0.51525,4.809333,23.0,4164.0,0.100542,2000.0,1400.0,2.0,0.9157085999999999
0,2,off,260,270,0,4.502167,3.400084,0.32,0.019625,0.68845904,4.8422093,23.0,4164.0,0.091166,2000.0,1400.0,2.0,1.102083
0,2,off,261,271,0,4.462458,3.54725,0.302042,0.018625,0.521834,4.756875,23.0,4164.0,0.120084,2000.0,1400.0,2.0,0.9152079999999998
0,2,off,262,272,0,4.78625,3.615291,0.340209,0.017874999,0.725667,5.086166,23.0,4164.0,0.11379099999999999,2000.0,1400.0,2.0,1.1709589999999999
0,2,off,263,273,0,4.505833,3.569541,0.306792,0.020834,0.524375,4.801791,23.0,4164.0,0.15720900000000002,2000.0,1400.0,2.0,0.9362919999999999
0,2,off,264,274,0,4.5376663,3.5514581,0.303916,0.020875001,0.589708,4.8240843,23.0,4164.0,0.106959,2000.0,1400.0,2.0,0.9862081999999996
0,2,off,265,275,0,4.38975,3.393083,0.383334,0.01625,0.522208,4.690208,23.0,4164.0,0.10337500000000001,2000.0,1400.0,2.0,0.9966670000000004
0,2,off,266,276,0,4.8059998,3.762125,0.315292,0.014666,0.60866696,5.1263747,23.0,4164.0,0.103834,2000.0,1400.0,2.0,1.0438748000000002
0,2,off,267,277,0,4.221333,3.275875,0.317834,0.019,0.53174996,4.713875,23.0,4164.0,0.10575,2000.0,1400.0,2.0,0.9454579999999995
0,2,off,268,278,0,4.639167,3.612875,0.30037498,0.017458,0.635917,4.929875,23.0,4164.0,0.12208400000000001,2000.0,1400.0,2.0,1.0262919999999998
0,2,off,269,279,0,4.5225,3.5819168,0.31770802,0.017416,0.533791,4.815834,23.0,4164.0,0.129875,2000.0,1400.0,2.0,0.9405831999999998
0,2,off,270,280,0,4.437708,3.437792,0.295792,0.017625,0.602792,4.766041,23.0,4164.0,0.11725000000000001,2000.0,1400.0,2.0,0.9999159999999998
0,2,off,271,281,0,4.458334,3.516167,0.324125,0.019458001,0.52416694,4.767125,23.0,4164.0,0.105042,2000.0,1400.0,2.0,0.942167
0,2,off,272,282,0,4.489,3.377959,0.350708,0.018583,0.662667,4.841291,23.0,4164.0,0.1155,2000.0,1400.0,2.0,1.1110409999999997
0,2,off,273,283,0,4.465292,3.493333,0.30766702,0.017625,0.573083,4.7626247,23.0,4164.0,0.162834,2000.0,1400.0,2.0,0.971959
0,2,off,274,284,0,4.455375,3.466167,0.30983302,0.018417,0.58937496,4.7564583,23.0,4164.0,0.150041,2000.0,1400.0,2.0,0.9892080000000001
0,2,off,275,285,0,4.6809163,3.797583,0.25466698,0.019875001,0.529041,5.0652504,23.0,4164.0,0.1075,2000.0,1400.0,2.0,0.8833332999999999
0,2,off,276,286,0,4.4953327,3.445875,0.336167,0.01775,0.62125003,4.803666,23.0,4164.0,0.098,2000.0,1400.0,2.0,1.0494576999999996
0,2,off,277,287,0,4.4908752,3.5015829,0.325084,0.01775,0.569542,4.8683343,23.0,4164.0,0.11983300000000001,2000.0,1400.0,2.0,0.9892922999999998
0,2,off,278,288,0,4.428916,3.421084,0.262417,0.019459,0.64741695,4.784292,23.0,4164.0,0.146958,2000.0,1400.0,2.0,1.007832
0,2,off,279,289,0,5.045791,3.361958,0.39937502,0.016665999,1.1940839,5.3406253,23.0,4164.0,0.162791,2000.0,1400.0,2.0,1.6838330000000004
0,2,off,280,290,0,4.676834,3.6690829,0.267,0.016791001,0.648,4.983958,23.0,4164.0,0.274375,2000.0,1400.0,2.0,1.0077511000000006
0,2,off,281,291,0,4.500792,3.4619591,0.329,0.016,0.618792,4.798375,23.0,4164.0,0.1505,2000.0,1400.0,2.0,1.0388328999999996
0,2,off,282,292,0,4.46975,3.3951669,0.32975,0.020041,0.652959,4.81825,23.0,4164.0,0.12520799999999999,2000.0,1400.0,2.0,1.0745831000000003
0,2,off,283,293,0,4.974667,3.467833,0.306792,0.017584,1.108,5.255291,23.0,4164.0,0.1235,2000.0,1400.0,2.0,1.506834
0,2,off,284,294,0,4.861209,3.818333,0.307375,0.018709,0.641125,5.1610417,23.0,4164.0,0.27829200000000004,2000.0,1400.0,2.0,1.0428759999999997
0,2,off,285,295,0,4.41975,3.473708,0.314167,0.018709,0.542,4.708292,23.0,4164.0,0.14091599999999999,2000.0,1400.0,2.0,0.9460419999999998
0,2,off,286,296,0,5.09175,3.785708,0.341333,0.020583,0.838125,5.397833,23.0,4164.0,0.11375,2000.0,1400.0,2.0,1.3060420000000001
0,2,off,287,297,0,4.559166,3.563417,0.256334,0.017833,0.647125,4.871083,23.0,4164.0,0.125583,2000.0,1400.0,2.0,0.9957490000000004
0,2,off,288,298,0,4.4655,3.508084,0.258625,0.019041,0.608,4.8516674,23.0,4164.0,0.18954200000000002,2000.0,1400.0,2.0,0.9574159999999994
0,2,off,289,299,0,4.643708,3.750459,0.324833,0.019583,0.47224998,4.940959,23.0,4164.0,0.094875,2000.0,1400.0,2.0,0.893249
0,2,off,290,300,0,4.723958,3.745417,0.2935,0.019458001,0.59133303,5.026375,23.0,4164.0,0.100833,2000.0,1400.0,2.0,0.9785409999999994
0,2,off,291,301,0,4.3217497,3.42275,0.314375,0.018667001,0.491791,4.620334,23.0,4164.0,0.105667,2000.0,1400.0,2.0,0.8989996999999996
0,2,off,292,302,0,4.670875,3.62025,0.290458,0.017541999,0.66966695,4.9581246,23.0,4164.0,0.08125,2000.0,1400.0,2.0,1.0506249999999997
0,2,off,293,303,0,4.778833,3.850458,0.282833,0.019541,0.551334,5.205667,23.0,4164.0,0.168791,2000.0,1400.0,2.0,0.9283749999999995
0,2,off,294,304,0,4.528792,3.4185002,0.323041,0.017667,0.691334,4.866417,23.0,4164.0,0.120875,2000.0,1400.0,2.0,1.1102918000000002
0,2,off,295,305,0,4.5955,3.697583,0.28670898,0.016333,0.520833,4.9041247,23.0,4164.0,0.17858300000000002,2000.0,1400.0,2.0,0.8979170000000005
0,2,off,296,306,0,4.553375,3.479125,0.317459,0.018083999,0.664166,4.871292,23.0,4164.0,0.102833,2000.0,1400.0,2.0,1.0742500000000001
0,2,off,297,307,0,4.789959,3.845541,0.26658398,0.020667,0.580333,5.083334,23.0,4164.0,0.157333,2000.0,1400.0,2.0,0.9444179999999998
0,2,off,298,308,0,4.553209,3.58,0.304375,0.018000001,0.576459,4.84475,23.0,4164.0,0.159209,2000.0,1400.0,2.0,0.9732089999999998
0,2,off,299,309,0,4.5965004,3.304291,0.64716697,0.019208001,0.551167,4.893958,23.0,4164.0,0.08904100000000001,2000.0,1400.0,2.0,1.2922094
0,2,off,300,310,0,4.818417,3.7972088,0.320584,0.019375,0.61016697,5.118333,23.0,4164.0,0.11816600000000001,2000.0,1400.0,2.0,1.0212082000000002
0,2,off,301,311,0,4.465041,3.47725,0.324083,0.018250002,0.57320905,4.771125,23.0,4164.0,0.108417,2000.0,1400.0,2.0,0.9877910000000001
0,2,off,302,312,0,5.021791,3.8583748,0.285708,0.017708,0.782417,5.325541,23.0,4164.0,0.134833,2000.0,1400.0,2.0,1.1634162000000003
0,2,off,303,313,0,4.644917,3.731292,0.30108398,0.017917,0.52070904,4.933958,23.0,4164.0,0.24933300000000003,2000.0,1400.0,2.0,0.9136250000000006
0,2,off,304,314,0,4.60175,3.5526671,0.35024998,0.0185,0.598833,4.91025,23.0,4164.0,0.088,2000.0,1400.0,2.0,1.0490829000000002
0,2,off,305,315,0,4.4035,3.464041,0.319,0.019209,0.5285,4.697917,23.0,4164.0,0.11495899999999999,2000.0,1400.0,2.0,0.9394590000000003
0,2,off,306,316,0,4.57975,3.5310001,0.351458,0.017667,0.60225,4.9379997,23.0,4164.0,0.101417,2000.0,1400.0,2.0,1.0487498999999998
0,2,off,307,317,0,4.451667,3.499958,0.317042,0.019125,0.542042,4.764333,23.0,4164.0,0.100041,2000.0,1400.0,2.0,0.9517089999999997
0,2,off,308,318,0,4.497334,3.493,0.301917,0.018125,0.61237496,4.784959,23.0,4164.0,0.10137499999999999,2000.0,1400.0,2.0,1.0043340000000005
0,2,off,309,319,0,4.4451666,3.468167,0.33058298,0.01925,0.550958,4.725875,23.0,4164.0,0.145833,2000.0,1400.0,2.0,0.9769996000000001
0,2,off,310,320,0,4.7356668,3.694958,0.20204201,0.035417,0.72424996,5.0369163,23.0,4164.0,0.143542,2000.0,1400.0,2.0,1.0407087999999995
0,2,off,311,321,0,5.182709,4.0912924,0.247666,0.017709,0.753208,5.4898753,23.0,4164.0,0.190958,2000.0,1400.0,2.0,1.0914165999999996
0,2,off,312,322,0,4.5081253,3.424334,0.354709,0.019875001,0.63325,4.82725,23.0,4164.0,0.263667,2000.0,1400.0,2.0,1.0837912999999997
0,2,off,313,323,0,4.4541254,3.480583,0.33566698,0.018000001,0.543417,4.797417,23.0,4164.0,0.101417,2000.0,1400.0,2.0,0.9735423999999995
0,2,off,314,324,0,4.592584,3.547458,0.327583,0.017375,0.622959,4.9100003,23.0,4164.0,0.106792,2000.0,1400.0,2.0,1.0451260000000007
0,2,off,315,325,0,4.480084,3.519542,0.34245798,0.018708,0.520667,4.778166,23.0,4164.0,0.113917,2000.0,1400.0,2.0,0.9605419999999998
0,2,off,316,326,0,4.453042,3.343583,0.383917,0.02025,0.61891603,4.757334,23.0,4164.0,0.08125,2000.0,1400.0,2.0,1.1094589999999998
0,2,off,317,327,0,4.378042,3.447166,0.331208,0.01925,0.507209,4.682542,23.0,4164.0,0.111542,2000.0,1400.0,2.0,0.9308759999999996
0,2,off,318,328,0,5.169917,3.820292,0.262084,0.016833,0.9975421,5.451917,23.0,4164.0,0.102,2000.0,1400.0,2.0,1.349625
0,2,off,319,329,0,4.428042,3.48275,0.318542,0.017,0.532959,4.7337503,23.0,4164.0,0.131125,2000.0,1400.0,2.0,0.9452919999999998
0,2,off,320,330,0,4.821875,3.813875,0.27937502,0.019458001,0.634583,5.19175,23.0,4164.0,0.106666,2000.0,1400.0,2.0,1.0080000000000005
0,2,off,321,331,0,4.3155003,3.387042,0.325709,0.018125,0.509833,4.674166,23.0,4164.0,0.114667,2000.0,1400.0,2.0,0.9284583
0,2,off,322,332,0,4.677875,3.58575,0.2985,0.017834,0.699292,4.9815,23.0,4164.0,0.106542,2000.0,1400.0,2.0,1.0921250000000002
0,2,off,323,333,0,4.418375,3.449583,0.32662502,0.020625,0.546875,4.755167,23.0,4164.0,0.17879199999999998,2000.0,1400.0,2.0,0.9687920000000001
0,2,off,324,334,0,4.506959,3.438625,0.319583,0.018833,0.650208,4.826209,23.0,4164.0,0.0935,2000.0,1400.0,2.0,1.0683340000000001
0,2,off,325,335,0,4.5775,3.428,0.37649998,0.018958999,0.67633295,4.888209,23.0,4164.0,0.111542,2000.0,1400.0,2.0,1.1494999999999997
0,2,off,326,336,0,4.8370833,3.809125,0.310125,0.02025,0.624583,5.18575,23.0,4164.0,0.111792,2000.0,1400.0,2.0,1.0279582999999999
0,2,off,327,337,0,4.308667,3.394541,0.297292,0.017417,0.52166605,4.697125,23.0,4164.0,0.119459,2000.0,1400.0,2.0,0.914126
0,2,off,328,338,0,4.746792,3.733542,0.304959,0.020417,0.60887504,5.200292,23.0,4164.0,0.089417,2000.0,1400.0,2.0,1.0132500000000002
0,2,off,329,339,0,4.6446667,3.755167,0.316584,0.017959,0.476292,5.013208,23.0,4164.0,0.114542,2000.0,1400.0,2.0,0.8894997
0,2,off,330,340,0,4.416917,3.420959,0.289334,0.0185,0.61237496,4.7827086,23.0,4164.0,0.09112500000000001,2000.0,1400.0,2.0,0.9959579999999999
0,2,off,331,341,0,4.562708,3.578292,0.31974998,0.017917,0.573792,4.875,23.0,4164.0,0.1075,2000.0,1400.0,2.0,0.984416
0,2,off,332,342,0,4.663541,3.37675,0.58366704,0.04525,0.576834,4.962584,23.0,4164.0,0.17408300000000002,2000.0,1400.0,2.0,1.2867910000000005
0,2,off,333,343,0,4.4762077,3.507458,0.310166,0.019792,0.562833,4.7877083,23.0,4164.0,0.084416,2000.0,1400.0,2.0,0.9687496999999996
0,2,off,334,344,0,4.816417,3.7866251,0.282875,0.017709,0.62525,5.112458,23.0,4164.0,0.116583,2000.0,1400.0,2.0,1.0297919000000002
0,2,off,335,345,0,4.386166,3.416083,0.30875,0.018583,0.563333,4.737125,23.0,4164.0,0.11316699999999999,2000.0,1400.0,2.0,0.9700830000000003
0,2,off,336,346,0,4.772208,3.652416,0.31937498,0.019208001,0.705292,5.073667,23.0,4164.0,0.1185,2000.0,1400.0,2.0,1.119792
0,2,off,337,347,0,4.4454594,3.389542,0.419375,0.017625,0.538208,4.765708,23.0,4164.0,0.17275,2000.0,1400.0,2.0,1.0559173999999998
0,2,off,338,348,0,4.80425,3.555625,0.5465,0.01925,0.60154104,5.1034174,23.0,4164.0,0.111167,2000.0,1400.0,2.0,1.2486249999999997
0,2,off,339,349,0,4.50525,3.571708,0.31266698,0.019,0.52695805,4.810708,23.0,4164.0,0.10562500000000001,2000.0,1400.0,2.0,0.9335420000000001
0,2,off,340,350,0,4.584958,3.539834,0.325625,0.018958,0.62654096,4.9237504,23.0,4164.0,0.082083,2000.0,1400.0,2.0,1.0451240000000004
0,2,off,341,351,0,4.4343333,3.480959,0.310709,0.018542,0.5435,4.7320423,23.0,4164.0,0.10883300000000001,2000.0,1400.0,2.0,0.9533742999999997
0,2,off,342,352,0,4.736709,3.665667,0.237,0.017791001,0.73941696,5.031834,23.0,4164.0,0.104792,2000.0,1400.0,2.0,1.0710420000000003
0,2,off,343,353,0,4.5742917,3.501625,0.29987502,0.035541,0.654375,4.882542,23.0,4164.0,0.231041,2000.0,1400.0,2.0,1.0726666999999996
0,2,off,344,354,0,4.446708,3.438125,0.32125,0.019583,0.59475,4.743292,23.0,4164.0,0.131291,2000.0,1400.0,2.0,1.0085830000000002
0,2,off,345,355,0,4.4647093,3.422333,0.368875,0.018417,0.54899997,4.818167,23.0,4164.0,0.09466699999999999,2000.0,1400.0,2.0,1.0423763
0,2,off,346,356,0,4.772375,3.752166,0.309792,0.017708,0.61925,5.067875,23.0,4164.0,0.10204099999999999,2000.0,1400.0,2.0,1.0202090000000004
0,2,off,347,357,0,4.662458,3.72575,0.30824998,0.016542,0.528,5.056542,23.0,4164.0,0.11425,2000.0,1400.0,2.0,0.9367079999999999
0,2,off,348,358,0,4.4751253,3.463208,0.29833302,0.019375,0.61891603,4.77,23.0,4164.0,0.107834,2000.0,1400.0,2.0,1.0119173000000004
0,2,off,349,359,0,4.508709,3.563834,0.310459,0.017708,0.544167,4.813875,23.0,4164.0,0.096,2000.0,1400.0,2.0,0.9448749999999997
0,2,off,350,360,0,4.6708326,3.681666,0.295459,0.016542,0.59975004,5.0232916,23.0,4164.0,0.109667,2000.0,1400.0,2.0,0.9891665999999999
0,2,off,351,361,0,4.415875,3.463166,0.304083,0.015792001,0.558333,4.729708,23.0,4164.0,0.14308300000000002,2000.0,1400.0,2.0,0.9527089999999996
0,2,off,352,362,0,4.491208,3.4429998,0.3075,0.01925,0.646125,4.930792,23.0,4164.0,0.12795800000000002,2000.0,1400.0,2.0,1.0482082000000004
0,2,off,353,363,0,4.484417,3.4945,0.357292,0.017667,0.535791,4.8088746,23.0,4164.0,0.117375,2000.0,1400.0,2.0,0.9899169999999997
0,2,off,354,364,0,4.581334,3.494917,0.36820802,0.018000001,0.621584,4.924083,23.0,4164.0,0.110958,2000.0,1400.0,2.0,1.086417
0,2,off,355,365,0,4.37375,3.404041,0.348042,0.01725,0.52737504,4.70175,23.0,4164.0,0.125333,2000.0,1400.0,2.0,0.9697090000000004
0,2,off,356,366,0,4.9716673,3.894541,0.346708,0.017708,0.632708,5.291541,23.0,4164.0,0.08620799999999999,2000.0,1400.0,2.0,1.0771263000000002
0,2,off,357,367,0,4.560167,3.556417,0.321625,0.018791,0.587833,4.856917,23.0,4164.0,0.131708,2000.0,1400.0,2.0,1.0037499999999997
0,2,off,358,368,0,4.5437093,3.490458,0.323417,0.019499999,0.577542,4.8641663,23.0,4164.0,0.09016600000000001,2000.0,1400.0,2.0,1.0532513
0,2,off,359,369,0,4.395583,3.3560421,0.406917,0.016958,0.537666,4.713334,23.0,4164.0,0.10270800000000001,2000.0,1400.0,2.0,1.0395409000000004
0,2,off,360,370,0,4.4755,3.50375,0.291459,0.019209,0.58737504,4.78825,23.0,4164.0,0.10204099999999999,2000.0,1400.0,2.0,0.9717500000000001
0,3,off,121,130,0,7.456541,6.193833,0.229708,0.018459002,0.932625,7.807083,23.0,4164.0,0.227875,2000.0,1400.0,2.0,1.262708
0,3,off,122,131,0,7.1385417,6.194917,0.253958,0.017625,0.59925,7.4387093,23.0,4164.0,0.323666,2000.0,1400.0,2.0,0.9436247
0,3,off,123,132,0,7.1784997,6.210166,0.200458,0.018375,0.68166703,7.476375,23.0,4164.0,0.175208,2000.0,1400.0,2.0,0.9683336999999996
0,3,off,124,133,0,7.112584,6.1764174,0.237125,0.019041,0.599541,7.4047914,23.0,4164.0,0.171208,2000.0,1400.0,2.0,0.9361666
0,3,off,125,134,0,7.1315002,6.104708,0.236833,0.018000001,0.697167,7.50275,23.0,4164.0,0.17625,2000.0,1400.0,2.0,1.0267922
0,3,off,126,135,0,7.215,6.221791,0.224292,0.018875,0.676875,7.551291,23.0,4164.0,0.187584,2000.0,1400.0,2.0,0.9932090000000002
0,3,off,127,136,0,7.329,6.2593746,0.22758399,0.019041,0.754458,7.636583,23.0,4164.0,0.24812499999999998,2000.0,1400.0,2.0,1.0696253999999996
0,3,off,128,137,0,7.174083,6.24775,0.20858301,0.018291999,0.630125,7.470542,23.0,4164.0,0.19375,2000.0,1400.0,2.0,0.9263330000000005
0,3,off,129,138,0,7.1514997,6.1689167,0.21995899,0.019375,0.67149997,7.4865,23.0,4164.0,0.18775,2000.0,1400.0,2.0,0.982583
0,3,off,130,139,0,7.460041,6.162416,0.252792,0.019334,0.953125,7.747292,23.0,4164.0,0.172292,2000.0,1400.0,2.0,1.297625
0,3,off,131,140,0,7.2425423,6.220375,0.2165,0.017958,0.719292,7.546208,23.0,4164.0,0.520042,2000.0,1400.0,2.0,1.0221673000000004
0,3,off,132,141,0,7.169458,6.2459593,0.19575001,0.019542,0.63874996,7.451166,23.0,4164.0,0.183875,2000.0,1400.0,2.0,0.9234986999999997
0,3,off,133,142,0,7.2164583,6.2112503,0.205333,0.019,0.707958,7.5109577,23.0,4164.0,0.189875,2000.0,1400.0,2.0,1.0052080000000005
0,3,off,134,143,0,7.1681666,6.274083,0.202834,0.018417,0.60024995,7.448333,23.0,4164.0,0.18645799999999998,2000.0,1400.0,2.0,0.8940836000000001
0,3,off,135,144,0,7.27575,6.113375,0.355833,0.02025,0.717625,7.5531673,23.0,4164.0,0.1565,2000.0,1400.0,2.0,1.1623750000000008
0,3,off,136,145,0,7.182083,6.2120423,0.20829199,0.017834,0.671667,7.4722075,23.0,4164.0,0.189833,2000.0,1400.0,2.0,0.9700407000000002
0,3,off,137,146,0,7.4940424,6.308292,0.198042,0.019708,0.89908403,7.79075,23.0,4164.0,0.232958,2000.0,1400.0,2.0,1.1857503999999999
0,3,off,138,147,0,7.200875,6.260458,0.241208,0.017792,0.608041,7.502584,23.0,4164.0,0.18175,2000.0,1400.0,2.0,0.9404170000000001
0,3,off,139,148,0,7.154,6.206458,0.200166,0.0185,0.64995795,7.442,23.0,4164.0,0.179042,2000.0,1400.0,2.0,0.9475420000000003
0,3,off,140,149,0,7.199292,6.276042,0.19054201,0.021083001,0.64170796,7.474916,23.0,4164.0,0.160166,2000.0,1400.0,2.0,0.9232499999999995
0,3,off,141,150,0,7.279,6.231,0.2035,0.018166,0.75512505,7.564959,23.0,4164.0,0.169875,2000.0,1400.0,2.0,1.048
0,3,off,142,151,0,6.87725,6.0517907,0.21724999,0.020707998,0.511583,7.3422084,23.0,4164.0,0.195459,2000.0,1400.0,2.0,0.8254593000000003
0,3,off,143,152,0,7.1817923,6.189625,0.21433301,0.019,0.68858397,7.474583,23.0,4164.0,0.14325000000000002,2000.0,1400.0,2.0,0.9921672999999993
0,3,off,144,153,0,7.1243343,6.248792,0.189125,0.020125,0.596584,7.414125,23.0,4164.0,0.18100000000000002,2000.0,1400.0,2.0,0.8755423000000002
0,3,off,145,154,0,7.189458,6.195416,0.235,0.017458,0.671042,7.4807906,23.0,4164.0,0.191791,2000.0,1400.0,2.0,0.9940420000000003
0,3,off,146,155,0,7.1273746,6.2652082,0.197458,0.017166,0.58024997,7.405375,23.0,4164.0,0.173791,2000.0,1400.0,2.0,0.8621663999999996
0,3,off,147,156,0,7.2000833,6.264916,0.201542,0.018666,0.64624995,7.480458,23.0,4164.0,0.160791,2000.0,1400.0,2.0,0.9351672999999998
0,3,off,148,157,0,7.131959,6.228209,0.201,0.017709,0.613791,7.4215,23.0,4164.0,0.175084,2000.0,1400.0,2.0,0.9037500000000005
0,3,off,149,158,0,7.141917,6.10575,0.240458,0.018042,0.704791,7.491292,23.0,4164.0,0.168542,2000.0,1400.0,2.0,1.0361670000000007
0,3,off,150,159,0,7.225334,6.255334,0.201334,0.019542,0.677708,7.5105,23.0,4164.0,0.193709,2000.0,1400.0,2.0,0.9699999999999998
0,3,off,151,160,0,7.289292,6.3257093,0.20300001,0.024708001,0.66650003,7.5775,23.0,4164.0,0.25041599999999997,2000.0,1400.0,2.0,0.9635826999999999
0,3,off,152,161,0,7.203666,6.271125,0.216333,0.018042,0.62729096,7.489083,23.0,4164.0,0.162125,2000.0,1400.0,2.0,0.9325410000000005
0,3,off,153,162,0,7.248208,6.2366247,0.188042,0.018708,0.735125,7.5290422,23.0,4164.0,0.187084,2000.0,1400.0,2.0,1.0115832999999999
0,3,off,154,163,0,7.168,6.2668753,0.211125,0.018875,0.601833,7.452709,23.0,4164.0,0.209417,2000.0,1400.0,2.0,0.9011247000000004
0,3,off,155,164,0,7.2244167,6.226542,0.212458,0.017625,0.701,7.498583,23.0,4164.0,0.18220899999999998,2000.0,1400.0,2.0,0.9978746999999997
0,3,off,156,165,0,7.172292,6.1503344,0.271333,0.01675,0.662875,7.465333,23.0,4164.0,0.197959,2000.0,1400.0,2.0,1.0219575999999995
0,3,off,157,166,0,7.209958,6.2330003,0.205875,0.017209,0.68458295,7.493,23.0,4164.0,0.203209,2000.0,1400.0,2.0,0.9769577000000007
0,3,off,158,167,0,7.216792,6.326458,0.197,0.018000001,0.60575,7.498042,23.0,4164.0,0.18575,2000.0,1400.0,2.0,0.8903340000000002
0,3,off,159,168,0,7.22525,6.206708,0.225125,0.017208,0.697583,7.515667,23.0,4164.0,0.184042,2000.0,1400.0,2.0,1.018542
0,3,off,160,169,0,7.2114997,6.24025,0.201334,0.020041,0.681084,7.497209,23.0,4164.0,0.185042,2000.0,1400.0,2.0,0.9712497000000004
0,3,off,161,170,0,7.316916,6.2738333,0.192708,0.017125,0.756459,7.611833,23.0,4164.0,0.236792,2000.0,1400.0,2.0,1.0430827000000003
0,3,off,162,171,0,7.1518326,6.264959,0.18308401,0.018041,0.61775,7.436666,23.0,4164.0,0.253292,2000.0,1400.0,2.0,0.8868735999999995
0,3,off,163,172,0,7.183875,6.2069173,0.215667,0.019334,0.670542,7.485666,23.0,4164.0,0.17533300000000002,2000.0,1400.0,2.0,0.9769576999999998
0,3,off,164,173,0,7.085125,6.1611247,0.251833,0.017583,0.579833,7.369958,23.0,4164.0,0.17275,2000.0,1400.0,2.0,0.9240002999999994
0,3,off,165,174,0,7.128125,6.17275,0.21875,0.018667001,0.644,7.467084,23.0,4164.0,0.15075,2000.0,1400.0,2.0,0.9553750000000001
0,3,off,166,175,0,7.10175,6.266792,0.196875,0.019208001,0.551084,7.403459,23.0,4164.0,0.167042,2000.0,1400.0,2.0,0.8349580000000003
0,3,off,167,176,0,7.199583,6.204083,0.225,0.018000001,0.680916,7.482791,23.0,4164.0,0.1565,2000.0,1400.0,2.0,0.9954999999999998
0,3,off,168,177,0,7.110333,6.2223754,0.208,0.016874999,0.592041,7.391416,23.0,4164.0,0.158334,2000.0,1400.0,2.0,0.8879576
0,3,off,169,178,0,7.277042,6.1967497,0.2065,0.01675,0.7875,7.559625,23.0,4164.0,0.165292,2000.0,1400.0,2.0,1.0802923
0,3,off,170,179,0,7.21525,6.259292,0.19758299,0.020292,0.665792,7.4979997,23.0,4164.0,0.2685,2000.0,1400.0,2.0,0.9559579999999999
0,3,off,171,180,0,7.155834,6.174541,0.21916701,0.016665999,0.674625,7.476375,23.0,4164.0,0.221166,2000.0,1400.0,2.0,0.981293
0,3,off,172,181,0,7.182708,6.227583,0.1925,0.017333,0.67137504,7.465125,23.0,4164.0,0.17300000000000001,2000.0,1400.0,2.0,0.9551249999999998
0,3,off,173,182,0,7.154541,6.226209,0.197916,0.016625,0.644709,7.4337077,23.0,4164.0,0.251625,2000.0,1400.0,2.0,0.9283320000000002
0,3,off,174,183,0,7.1209173,6.038792,0.37520802,0.017834,0.615708,7.39775,23.0,4164.0,0.201458,2000.0,1400.0,2.0,1.0821253000000004
0,3,off,175,184,0,7.193584,6.218875,0.219416,0.019708,0.66558397,7.475042,23.0,4164.0,0.17683400000000002,2000.0,1400.0,2.0,0.9747090000000007
0,3,off,176,185,0,7.549208,6.2137923,0.19462499,0.01725,1.051416,7.8300843,23.0,4164.0,0.17895899999999998,2000.0,1400.0,2.0,1.3354157000000004
0,3,off,177,186,0,7.2749586,6.243833,0.224958,0.018875,0.711708,7.564541,23.0,4164.0,0.22725,2000.0,1400.0,2.0,1.0311255999999993
0,3,off,178,187,0,7.196042,6.304542,0.19670801,0.018041,0.606958,7.491834,23.0,4164.0,0.201291,2000.0,1400.0,2.0,0.8915000000000006
0,3,off,179,188,0,7.3182497,6.1966662,0.285167,0.019,0.74787503,7.601042,23.0,4164.0,0.17758300000000002,2000.0,1400.0,2.0,1.1215834999999998
0,3,off,180,189,0,7.1427093,6.223875,0.2065,0.018333,0.613334,7.467084,23.0,4164.0,0.24295799999999998,2000.0,1400.0,2.0,0.9188343000000003
0,3,off,181,190,0,7.0111666,5.967417,0.30695802,0.021125,0.639542,7.4235,23.0,4164.0,0.188333,2000.0,1400.0,2.0,1.0437496
0,3,off,182,191,0,7.23425,6.234167,0.216417,0.035375,0.674083,7.519209,23.0,4164.0,0.10629200000000001,2000.0,1400.0,2.0,1.000083
0,3,off,183,192,0,7.451459,6.277167,0.194667,0.036292,0.87475,7.729791,23.0,4164.0,0.148584,2000.0,1400.0,2.0,1.1742919999999994
0,3,off,184,193,0,7.207958,6.264708,0.212208,0.023542,0.636917,7.496708,23.0,4164.0,0.20550000000000002,2000.0,1400.0,2.0,0.9432499999999999
0,3,off,185,194,0,7.213375,6.239458,0.187625,0.018875,0.695166,7.490666,23.0,4164.0,0.162333,2000.0,1400.0,2.0,0.9739170000000001
0,3,off,186,195,0,7.159792,6.232417,0.20029101,0.018833,0.638583,7.4405417,23.0,4164.0,0.18075,2000.0,1400.0,2.0,0.9273750000000005
0,3,off,187,196,0,7.2139173,6.2125826,0.21741699,0.022792,0.692917,7.500875,23.0,4164.0,0.197083,2000.0,1400.0,2.0,1.0013347000000001
0,3,off,188,197,0,6.983583,6.079042,0.22649999,0.018916,0.576375,7.399542,23.0,4164.0,0.17891700000000002,2000.0,1400.0,2.0,0.904541
0,3,off,189,198,0,7.254417,6.197541,0.2565,0.019125,0.71195894,7.5353327,23.0,4164.0,0.162791,2000.0,1400.0,2.0,1.056876
0,3,off,190,199,0,7.3495827,6.382917,0.227125,0.019749999,0.647708,7.646583,23.0,4164.0,0.171459,2000.0,1400.0,2.0,0.9666657000000001
0,3,off,191,200,0,7.2643337,6.23075,0.219208,0.018708,0.725375,7.558292,23.0,4164.0,0.186666,2000.0,1400.0,2.0,1.0335837000000003
0,3,off,192,201,0,7.152417,6.235083,0.208667,0.017834,0.618042,7.43675,23.0,4164.0,0.21775,2000.0,1400.0,2.0,0.9173339999999994
0,3,off,193,202,0,7.217709,6.237709,0.20387499,0.019375,0.68729097,7.507542,23.0,4164.0,0.183458,2000.0,1400.0,2.0,0.9800000000000004
0,3,off,194,203,0,7.2157917,6.202167,0.222833,0.018208,0.701667,7.509666,23.0,4164.0,0.231584,2000.0,1400.0,2.0,1.0136246999999994
0,3,off,195,204,0,7.095333,6.1602917,0.208083,0.017125,0.637208,7.4405417,23.0,4164.0,0.261458,2000.0,1400.0,2.0,0.9350413
0,3,off,196,205,0,7.010125,6.201292,0.228625,0.018166,0.494,7.292917,23.0,4164.0,0.18770799999999999,2000.0,1400.0,2.0,0.8088330000000008
0,3,off,197,206,0,7.302958,6.3512077,0.19133301,0.018458,0.671833,7.584417,23.0,4164.0,0.139459,2000.0,1400.0,2.0,0.9517503000000005
0,3,off,198,207,0,7.1305842,6.212041,0.22266701,0.019667001,0.60425,7.4107924,23.0,4164.0,0.182625,2000.0,1400.0,2.0,0.9185432000000002
0,3,off,199,208,0,7.191875,6.220209,0.205209,0.017375,0.682375,7.475291,23.0,4164.0,0.166458,2000.0,1400.0,2.0,0.9716659999999999
0,3,off,200,209,0,7.157458,6.2545414,0.20066601,0.019583,0.61425,7.432917,23.0,4164.0,0.174666,2000.0,1400.0,2.0,0.9029166000000002
0,3,off,201,210,0,7.2132087,6.232667,0.204875,0.018000001,0.687833,7.48875,23.0,4164.0,0.15754100000000001,2000.0,1400.0,2.0,0.9805416999999998
0,3,off,202,211,0,7.159541,6.2121253,0.213083,0.020125,0.645083,7.442375,23.0,4164.0,0.18175,2000.0,1400.0,2.0,0.9474156999999996
0,3,off,203,212,0,7.2242503,6.2062497,0.207542,0.019833,0.721792,7.527625,23.0,4164.0,0.222208,2000.0,1400.0,2.0,1.0180005999999997
0,3,off,204,213,0,7.2878747,6.339375,0.21433301,0.019417001,0.64162505,7.580542,23.0,4164.0,0.21637499999999998,2000.0,1400.0,2.0,0.9484996999999993
0,3,off,205,214,0,7.270208,6.240667,0.211833,0.018333,0.721459,7.5565844,23.0,4164.0,0.208167,2000.0,1400.0,2.0,1.029541
0,3,off,206,215,0,7.0674577,6.22425,0.215459,0.017458,0.541,7.35175,23.0,4164.0,0.210917,2000.0,1400.0,2.0,0.8432077000000007
0,3,off,207,216,0,7.1715827,6.221666,0.19399999,0.017833,0.669209,7.45425,23.0,4164.0,0.152833,2000.0,1400.0,2.0,0.9499167000000002
0,3,off,208,217,0,7.278958,6.2617083,0.199958,0.018542,0.727708,7.567292,23.0,4164.0,0.158083,2000.0,1400.0,2.0,1.0172497000000007
0,3,off,209,218,0,7.359583,6.3228326,0.20579201,0.026125,0.73562497,7.6405,23.0,4164.0,0.29975,2000.0,1400.0,2.0,1.0367503999999998
0,3,off,210,219,0,7.1655416,6.2347503,0.19950001,0.018792,0.643958,7.45075,23.0,4164.0,0.185583,2000.0,1400.0,2.0,0.9307913000000001
0,3,off,211,220,0,7.263416,6.238,0.219458,0.018916,0.716292,7.5481668,23.0,4164.0,0.22675,2000.0,1400.0,2.0,1.0254159999999999
0,3,off,212,221,0,7.168334,6.2662497,0.19150001,0.02,0.622292,7.454583,23.0,4164.0,0.197083,2000.0,1400.0,2.0,0.9020842999999994
0,3,off,213,222,0,7.187375,6.186375,0.21487501,0.019375,0.690417,7.488667,23.0,4164.0,0.187542,2000.0,1400.0,2.0,1.0010000000000003
0,3,off,214,223,0,7.1742077,6.283042,0.20279099,0.020584,0.597917,7.46125,23.0,4164.0,0.197042,2000.0,1400.0,2.0,0.8911657000000002
0,3,off,215,224,0,7.375958,6.29375,0.202208,0.01725,0.793208,7.648334,23.0,4164.0,0.18529199999999998,2000.0,1400.0,2.0,1.0822079999999996
0,3,off,216,225,0,7.1879168,6.2729173,0.211125,0.020792,0.616375,7.462583,23.0,4164.0,0.2685,2000.0,1400.0,2.0,0.9149995000000004
0,3,off,217,226,0,7.165334,6.183042,0.200084,0.01725,0.69470805,7.461167,23.0,4164.0,0.17333400000000002,2000.0,1400.0,2.0,0.9822919999999993
0,3,off,218,227,0,7.1767917,6.2285,0.195875,0.019208001,0.65991604,7.455917,23.0,4164.0,0.184083,2000.0,1400.0,2.0,0.9482916999999995
0,3,off,219,228,0,7.3892922,6.3262086,0.19950001,0.019084001,0.773125,7.672709,23.0,4164.0,0.235875,2000.0,1400.0,2.0,1.0630835999999997
0,3,off,220,229,0,7.078125,6.165375,0.274583,0.017917,0.548459,7.3675003,23.0,4164.0,0.224375,2000.0,1400.0,2.0,0.91275
0,3,off,221,230,0,7.129375,6.1392083,0.270958,0.020375,0.628042,7.424458,23.0,4164.0,0.167208,2000.0,1400.0,2.0,0.9901666999999996
0,3,off,222,231,0,7.231459,6.2071247,0.201541,0.017458,0.736709,7.513375,23.0,4164.0,0.112584,2000.0,1400.0,2.0,1.0243343000000005
0,3,off,223,232,0,7.164458,6.189958,0.225875,0.017291,0.661834,7.460542,23.0,4164.0,0.21241700000000002,2000.0,1400.0,2.0,0.9744999999999999
0,3,off,224,233,0,7.255458,6.242458,0.200667,0.018833,0.72208405,7.555208,23.0,4164.0,0.16591699999999998,2000.0,1400.0,2.0,1.013
0,3,off,225,234,0,7.188417,6.1935,0.20795901,0.018041,0.699167,7.4793754,23.0,4164.0,0.26075000000000004,2000.0,1400.0,2.0,0.994917
0,3,off,226,235,0,7.0367923,6.224042,0.184625,0.016042,0.543167,7.315125,23.0,4164.0,0.221917,2000.0,1400.0,2.0,0.8127503000000003
0,3,off,227,236,0,6.933709,5.943416,0.306917,0.017375,0.593625,7.460875,23.0,4164.0,0.183542,2000.0,1400.0,2.0,0.9902930000000003
0,3,off,228,237,0,7.076125,6.220875,0.225333,0.020666001,0.541208,7.351875,23.0,4164.0,0.10466700000000001,2000.0,1400.0,2.0,0.8552499999999998
0,3,off,229,238,0,7.340375,6.23125,0.28591698,0.020292,0.733375,7.644042,23.0,4164.0,0.1485,2000.0,1400.0,2.0,1.1091249999999997
0,3,off,230,239,0,7.124208,6.249917,0.20854099,0.017959,0.58029205,7.405375,23.0,4164.0,0.167958,2000.0,1400.0,2.0,0.8742910000000004
0,3,off,231,240,0,7.176042,6.1331673,0.233584,0.0225,0.713708,7.5273333,23.0,4164.0,0.15341700000000003,2000.0,1400.0,2.0,1.0428746999999996
0,3,off,232,241,0,7.1673326,6.230208,0.219291,0.019125,0.63,7.449917,23.0,4164.0,0.180083,2000.0,1400.0,2.0,0.9371245999999998
0,3,off,233,242,0,7.315125,6.159542,0.290167,0.020166999,0.769792,7.614292,23.0,4164.0,0.179834,2000.0,1400.0,2.0,1.155583
0,3,off,234,243,0,6.9536667,5.974333,0.243708,0.017334,0.6455,7.465334,23.0,4164.0,0.20895899999999998,2000.0,1400.0,2.0,0.9793337000000006
0,3,off,235,244,0,7.2096252,6.212208,0.220416,0.01775,0.68875,7.489667,23.0,4164.0,0.17495799999999997,2000.0,1400.0,2.0,0.9974171999999992
0,3,off,236,245,0,7.222333,6.245583,0.218666,0.018459002,0.667417,7.504542,23.0,4164.0,0.179,2000.0,1400.0,2.0,0.97675
0,3,off,237,246,0,7.281667,6.066917,0.354709,0.019834,0.77125,7.587166,23.0,4164.0,0.216875,2000.0,1400.0,2.0,1.2147499999999996
0,3,off,238,247,0,7.273708,6.186625,0.298583,0.019499999,0.69512504,7.56125,23.0,4164.0,0.242375,2000.0,1400.0,2.0,1.0870829999999998
0,3,off,239,248,0,7.243083,6.132041,0.29749998,0.018584,0.72249997,7.534542,23.0,4164.0,0.245125,2000.0,1400.0,2.0,1.1110420000000003
0,3,off,240,249,0,7.111208,6.192666,0.207,0.016417,0.623209,7.4283333,23.0,4164.0,0.194458,2000.0,1400.0,2.0,0.9185420000000004
0,3,off,241,250,0,7.209333,6.145042,0.276167,0.018082999,0.702417,7.505208,23.0,4164.0,0.18375,2000.0,1400.0,2.0,1.0642909999999999
0,3,off,242,251,0,7.028584,6.2017922,0.23604201,0.016958,0.504083,7.3131247,23.0,4164.0,0.19279200000000002,2000.0,1400.0,2.0,0.8267918000000005
0,3,off,243,252,0,7.1005,5.999666,0.247041,0.019209,0.759709,7.592125,23.0,4164.0,0.13883299999999998,2000.0,1400.0,2.0,1.1008339999999999
0,3,off,244,253,0,7.194416,6.239541,0.210667,0.019,0.656083,7.477792,23.0,4164.0,0.238375,2000.0,1400.0,2.0,0.9548750000000004
0,3,off,245,254,0,7.252458,6.202958,0.23716599,0.017375,0.711375,7.551583,23.0,4164.0,0.229875,2000.0,1400.0,2.0,1.0495
0,3,off,246,255,0,7.1917076,6.172458,0.234792,0.020042,0.66341597,7.484917,23.0,4164.0,0.191375,2000.0,1400.0,2.0,1.0192496000000002
0,3,off,247,256,0,7.1291246,6.028459,0.386084,0.019125,0.62629205,7.4207916,23.0,4164.0,0.23650000000000002,2000.0,1400.0,2.0,1.1006656000000001
0,3,off,248,257,0,7.198667,6.1732497,0.23191701,0.01725,0.704,7.484125,23.0,4164.0,0.11649999999999999,2000.0,1400.0,2.0,1.0254173
0,3,off,249,258,0,7.1552906,6.192,0.230875,0.02175,0.639292,7.4397497,23.0,4164.0,0.186958,2000.0,1400.0,2.0,0.9632905999999997
0,3,off,250,259,0,7.17275,6.2349167,0.208875,0.017583,0.64087504,7.461208,23.0,4164.0,0.186541,2000.0,1400.0,2.0,0.9378332999999994
0,3,off,251,260,0,7.158125,6.127666,0.241375,0.019875001,0.692875,7.5039587,23.0,4164.0,0.19045800000000002,2000.0,1400.0,2.0,1.0304590000000005
0,3,off,252,261,0,7.1192083,6.1818748,0.218833,0.017667,0.596375,7.39825,23.0,4164.0,0.167333,2000.0,1400.0,2.0,0.9373335000000003
0,3,off,253,262,0,7.493083,6.47025,0.20475,0.019541,0.729083,7.781958,23.0,4164.0,0.179,2000.0,1400.0,2.0,1.0228330000000003
0,3,off,254,263,0,7.799333,6.36775,0.226834,0.01875,1.1151251,8.0985,23.0,4164.0,0.18904100000000001,2000.0,1400.0,2.0,1.4315829999999998
0,3,off,255,264,0,7.281166,6.31825,0.206792,0.018208,0.665292,7.570959,23.0,4164.0,0.33125,2000.0,1400.0,2.0,0.9629159999999999
0,3,off,256,265,0,7.221125,6.188375,0.235542,0.02025,0.67666703,7.515417,23.0,4164.0,0.17466700000000002,2000.0,1400.0,2.0,1.03275
0,3,off,257,266,0,7.343041,6.334542,0.197291,0.020542,0.720625,7.620584,23.0,4164.0,0.224083,2000.0,1400.0,2.0,1.0084990000000005
0,3,off,258,267,0,7.062667,6.205833,0.191708,0.018875,0.575958,7.356875,23.0,4164.0,0.194709,2000.0,1400.0,2.0,0.8568340000000001
0,3,off,259,268,0,7.072084,5.820375,0.58812505,0.018042,0.575833,7.3545,23.0,4164.0,0.151916,2000.0,1400.0,2.0,1.251709
0,3,off,260,269,0,7.11625,6.220791,0.22770801,0.018541,0.58112496,7.411375,23.0,4164.0,0.1495,2000.0,1400.0,2.0,0.8954589999999998
0,3,off,261,270,0,8.0425005,6.1873326,0.195458,0.017708,1.571541,8.330375,23.0,4164.0,0.164375,2000.0,1400.0,2.0,1.8551678999999988
0,3,off,262,271,0,2.4833748,1.580333,0.31274998,0.014084,0.510584,2.76375,23.0,4164.0,0.36529100000000003,2000.0,1400.0,2.0,0.9030418
0,3,off,263,272,0,7.083917,6.183459,0.204875,0.019,0.606959,7.38475,23.0,4164.0,0.097583,2000.0,1400.0,2.0,0.9004579999999995
0,3,off,264,273,0,7.06325,6.1520424,0.22225,0.018125,0.598,7.404708,23.0,4164.0,0.155417,2000.0,1400.0,2.0,0.9112076
0,3,off,265,274,0,7.249333,6.232417,0.203166,0.019458001,0.723375,7.5481668,23.0,4164.0,0.169416,2000.0,1400.0,2.0,1.0169160000000002
0,3,off,266,275,0,7.11725,6.119709,0.236541,0.019042,0.6675,7.461917,23.0,4164.0,0.201042,2000.0,1400.0,2.0,0.997541
0,3,off,267,276,0,7.266625,6.175334,0.237042,0.019917,0.765667,7.559,23.0,4164.0,0.157584,2000.0,1400.0,2.0,1.091291
0,3,off,268,277,0,7.3979583,6.348334,0.199791,0.0185,0.76295805,7.6906247,23.0,4164.0,0.222375,2000.0,1400.0,2.0,1.0496242999999996
0,3,off,269,278,0,7.270334,6.234375,0.25366598,0.020625,0.693166,7.5499167,23.0,4164.0,0.146375,2000.0,1400.0,2.0,1.035959
0,3,off,270,279,0,7.2097497,6.269,0.19225,0.018792,0.6565,7.489125,23.0,4164.0,0.210583,2000.0,1400.0,2.0,0.9407496999999996
0,3,off,271,280,0,7.1019173,6.241959,0.186875,0.019291999,0.584334,7.387875,23.0,4164.0,0.211125,2000.0,1400.0,2.0,0.8599583000000006
0,3,off,272,281,0,7.051459,6.1645,0.211292,0.017874999,0.588292,7.3365,23.0,4164.0,0.163625,2000.0,1400.0,2.0,0.886959
0,3,off,273,282,0,7.2166247,6.091125,0.238084,0.018875,0.792417,7.562459,23.0,4164.0,0.162875,2000.0,1400.0,2.0,1.1254996999999998
0,3,off,274,283,0,7.090209,6.20475,0.197667,0.018167,0.600542,7.390666,23.0,4164.0,0.24866599999999997,2000.0,1400.0,2.0,0.885459
0,3,off,275,284,0,7.398458,6.4500003,0.203125,0.019625,0.656417,7.704333,23.0,4164.0,0.182875,2000.0,1400.0,2.0,0.9484576999999996
0,3,off,276,285,0,7.1897078,6.255,0.205,0.018791,0.642417,7.4722075,23.0,4164.0,0.172541,2000.0,1400.0,2.0,0.9347078
0,3,off,277,286,0,7.209125,6.196833,0.211166,0.018416,0.708875,7.494125,23.0,4164.0,0.19783299999999998,2000.0,1400.0,2.0,1.0122920000000004
0,3,off,278,287,0,7.156208,6.227375,0.223625,0.017625,0.615833,7.447792,23.0,4164.0,0.193167,2000.0,1400.0,2.0,0.928833
0,3,off,279,288,0,7.210167,6.232916,0.196042,0.021583999,0.688209,7.5039577,23.0,4164.0,0.18320899999999998,2000.0,1400.0,2.0,0.9772509999999999
0,3,off,280,289,0,7.1097093,6.242083,0.20199999,0.017584,0.57583404,7.4121666,23.0,4164.0,0.170042,2000.0,1400.0,2.0,0.8676262999999995
0,3,off,281,290,0,7.304583,6.213083,0.21591699,0.020083,0.78483397,7.59,23.0,4164.0,0.17641600000000002,2000.0,1400.0,2.0,1.0915
0,3,off,282,291,0,7.251125,6.317709,0.24733299,0.018792,0.59725,7.5480413,23.0,4164.0,0.242083,2000.0,1400.0,2.0,0.9334160000000002
0,3,off,283,292,0,7.374625,6.29025,0.21225,0.021583999,0.78012496,7.679958,23.0,4164.0,0.17879199999999998,2000.0,1400.0,2.0,1.0843749999999996
0,3,off,284,293,0,7.1064167,6.220125,0.217167,0.016625,0.57879204,7.404,23.0,4164.0,0.232375,2000.0,1400.0,2.0,0.8862916999999992
0,3,off,285,294,0,7.2545,6.192583,0.19849999,0.019125,0.774125,7.535459,23.0,4164.0,0.156,2000.0,1400.0,2.0,1.0619170000000002
0,3,off,286,295,0,7.202583,6.178125,0.230542,0.018208,0.702917,7.496041,23.0,4164.0,0.176083,2000.0,1400.0,2.0,1.024458
0,3,off,287,296,0,7.2069592,6.244667,0.2235,0.017458,0.652041,7.48625,23.0,4164.0,0.263334,2000.0,1400.0,2.0,0.9622922000000003
0,3,off,288,297,0,7.079167,6.261,0.180042,0.018167,0.550334,7.3495417,23.0,4164.0,0.16820800000000002,2000.0,1400.0,2.0,0.8181669999999999
0,3,off,289,298,0,7.2939167,6.260667,0.202917,0.019667001,0.739375,7.582292,23.0,4164.0,0.151917,2000.0,1400.0,2.0,1.0332496999999998
0,3,off,290,299,0,6.9850416,6.1594577,0.237167,0.0165,0.501541,7.2667084,23.0,4164.0,0.230375,2000.0,1400.0,2.0,0.8255838999999998
0,3,off,291,300,0,7.094041,6.128667,0.2545,0.01725,0.624041,7.362625,23.0,4164.0,0.142208,2000.0,1400.0,2.0,0.9653739999999997
0,3,off,292,301,0,7.0967503,6.1366253,0.256958,0.018208,0.614583,7.388958,23.0,4164.0,0.12262500000000001,2000.0,1400.0,2.0,0.9601249999999997
0,3,off,293,302,0,7.383958,6.072208,0.304375,0.017042,0.91125,7.6903343,23.0,4164.0,0.18175,2000.0,1400.0,2.0,1.31175
0,3,off,294,303,0,7.142958,6.248625,0.201708,0.016833,0.60720897,7.425834,23.0,4164.0,0.38995799999999997,2000.0,1400.0,2.0,0.8943330000000005
0,3,off,295,304,0,7.2182503,6.1927924,0.21425,0.021458,0.71862495,7.5039997,23.0,4164.0,0.174833,2000.0,1400.0,2.0,1.0254579000000001
0,3,off,296,305,0,7.2141247,6.3052907,0.18474999,0.017792,0.638458,7.5048327,23.0,4164.0,0.19529200000000002,2000.0,1400.0,2.0,0.9088340000000006
0,3,off,297,306,0,7.233625,6.253416,0.18875,0.018833,0.705458,7.5126247,23.0,4164.0,0.180583,2000.0,1400.0,2.0,0.9802090000000003
0,3,off,298,307,0,7.130375,6.155333,0.27670798,0.018291999,0.610542,7.4205,23.0,4164.0,0.142792,2000.0,1400.0,2.0,0.9750420000000002
0,3,off,299,308,0,7.153375,6.192083,0.205542,0.019166,0.668541,7.448958,23.0,4164.0,0.191459,2000.0,1400.0,2.0,0.9612919999999994
0,3,off,300,309,0,7.4777083,6.186459,0.203417,0.0185,0.99950004,7.774583,23.0,4164.0,0.160625,2000.0,1400.0,2.0,1.2912492999999996
0,3,off,301,310,0,7.2015,6.2400837,0.203334,0.018458,0.672083,7.4828753,23.0,4164.0,0.27841600000000005,2000.0,1400.0,2.0,0.9614163000000007
0,3,off,302,311,0,7.203833,6.3305826,0.192625,0.017833,0.59575,7.4865,23.0,4164.0,0.179416,2000.0,1400.0,2.0,0.8732504000000008
0,3,off,303,312,0,7.1556253,6.20075,0.196416,0.018583,0.6725,7.4379997,23.0,4164.0,0.157667,2000.0,1400.0,2.0,0.9548752999999994
0,3,off,304,313,0,7.182417,6.2364583,0.183917,0.018667001,0.674959,7.459167,23.0,4164.0,0.17149999999999999,2000.0,1400.0,2.0,0.9459587000000003
0,3,off,305,314,0,6.888917,5.917709,0.210541,0.018041,0.642834,7.437667,23.0,4164.0,0.244042,2000.0,1400.0,2.0,0.9712079999999998
0,3,off,306,315,0,7.1642094,6.2079577,0.201875,0.018709,0.665375,7.448333,23.0,4164.0,0.147625,2000.0,1400.0,2.0,0.9562517000000001
0,3,off,307,316,0,7.557375,6.477125,0.19833401,0.033875,0.76083404,7.8443336,23.0,4164.0,0.231459,2000.0,1400.0,2.0,1.0802500000000004
0,3,off,308,317,0,7.173209,6.225375,0.20525001,0.01925,0.64925,7.460792,23.0,4164.0,0.182875,2000.0,1400.0,2.0,0.9478340000000003
0,3,off,309,318,0,7.149875,6.179584,0.20199999,0.017834,0.68020797,7.449667,23.0,4164.0,0.202167,2000.0,1400.0,2.0,0.9702909999999996
0,3,off,310,319,0,7.1135,5.9830003,0.362916,0.018709,0.581334,7.4021673,23.0,4164.0,0.17333400000000002,2000.0,1400.0,2.0,1.1304997000000006
0,3,off,311,320,0,7.2402077,6.249833,0.212958,0.024375001,0.68358403,7.5227504,23.0,4164.0,0.158167,2000.0,1400.0,2.0,0.9903747000000003
0,3,off,312,321,0,7.868125,6.939291,0.210875,0.017541999,0.627041,8.1855,23.0,4164.0,0.164417,2000.0,1400.0,2.0,0.9288340000000002
0,3,off,313,322,0,7.422667,6.328042,0.19125,0.020791,0.815834,7.685959,23.0,4164.0,0.1875,2000.0,1400.0,2.0,1.0946249999999997
0,3,off,314,323,0,7.183167,6.315917,0.21637501,0.018208,0.562625,7.4917502,23.0,4164.0,0.22170800000000002,2000.0,1400.0,2.0,0.8672500000000003
0,3,off,315,324,0,7.183333,6.211084,0.220584,0.018666,0.664209,7.462875,23.0,4164.0,0.148125,2000.0,1400.0,2.0,0.9722490000000006
0,3,off,316,325,0,7.205666,6.190792,0.219958,0.018917,0.70725,7.489875,23.0,4164.0,0.176042,2000.0,1400.0,2.0,1.0148739999999998
0,3,off,317,326,0,7.255167,6.245667,0.193958,0.019209,0.72837496,7.532583,23.0,4164.0,0.16799999999999998,2000.0,1400.0,2.0,1.0095
0,3,off,318,327,0,7.203167,6.3305,0.23145801,0.018875,0.551542,7.503541,23.0,4164.0,0.19558299999999998,2000.0,1400.0,2.0,0.8726669999999999
0,3,off,319,328,0,7.068,6.0481253,0.274667,0.017958,0.64333403,7.427958,23.0,4164.0,0.140125,2000.0,1400.0,2.0,1.0198747
0,3,off,320,329,0,7.238792,6.302542,0.236458,0.017625,0.613208,7.521417,23.0,4164.0,0.116292,2000.0,1400.0,2.0,0.9362500000000002
0,3,off,321,330,0,7.374083,6.385375,0.203417,0.020084001,0.692791,7.668167,23.0,4164.0,0.178,2000.0,1400.0,2.0,0.9887079999999999
0,3,off,322,331,0,7.186833,6.2665,0.21225,0.017833,0.622625,7.4718747,23.0,4164.0,0.159458,2000.0,1400.0,2.0,0.9203330000000003
0,3,off,323,332,0,7.2543325,6.30925,0.199167,0.017833,0.657417,7.5369577,23.0,4164.0,0.183792,2000.0,1400.0,2.0,0.9450825000000007
0,3,off,324,333,0,7.158833,6.213708,0.21354201,0.019291999,0.640583,7.449542,23.0,4164.0,0.16766599999999998,2000.0,1400.0,2.0,0.945125
0,3,off,325,334,0,7.162458,6.139917,0.256875,0.021083001,0.675583,7.444625,23.0,4164.0,0.181666,2000.0,1400.0,2.0,1.0225410000000004
0,3,off,326,335,0,7.137,6.2382503,0.22795899,0.017708,0.580625,7.4250417,23.0,4164.0,0.167917,2000.0,1400.0,2.0,0.8987496999999998
0,3,off,327,336,0,7.293583,6.3274593,0.19525,0.017416,0.68687505,7.5703754,23.0,4164.0,0.14975,2000.0,1400.0,2.0,0.9661236999999998
0,3,off,328,337,0,7.13725,6.264416,0.185875,0.017208,0.601667,7.422042,23.0,4164.0,0.170791,2000.0,1400.0,2.0,0.8728340000000001
0,3,off,329,338,0,7.209667,6.117084,0.275833,0.019375,0.72875,7.5184174,23.0,4164.0,0.181709,2000.0,1400.0,2.0,1.0925829999999994
0,3,off,330,339,0,7.150834,6.219,0.21204199,0.018459002,0.629708,7.432208,23.0,4164.0,0.17550000000000002,2000.0,1400.0,2.0,0.9318339999999994
0,3,off,331,340,0,7.073667,6.074791,0.329833,0.020375,0.582541,7.357417,23.0,4164.0,0.18320899999999998,2000.0,1400.0,2.0,0.9988760000000001
0,3,off,332,341,0,7.02,6.089375,0.272833,0.019082999,0.569875,7.3208747,23.0,4164.0,0.104916,2000.0,1400.0,2.0,0.9306249999999991
0,3,off,333,342,0,7.156375,6.1850424,0.223625,0.018875,0.658583,7.449458,23.0,4164.0,0.108083,2000.0,1400.0,2.0,0.9713325999999993
0,3,off,334,343,0,7.277042,6.189625,0.266875,0.019209,0.732166,7.5535,23.0,4164.0,0.167791,2000.0,1400.0,2.0,1.0874169999999994
0,3,off,335,344,0,7.176958,6.142375,0.256792,0.020875001,0.68333304,7.488375,23.0,4164.0,0.1805,2000.0,1400.0,2.0,1.0345829999999996
0,3,off,336,345,0,7.110833,6.224875,0.1865,0.017333,0.61433303,7.3970423,23.0,4164.0,0.163459,2000.0,1400.0,2.0,0.8859580000000005
0,3,off,337,346,0,7.209417,6.120625,0.34491602,0.021333,0.65374994,7.480917,23.0,4164.0,0.184416,2000.0,1400.0,2.0,1.0887919999999998
0,3,off,338,347,0,7.10425,6.177125,0.22741601,0.03,0.595834,7.402875,23.0,4164.0,0.114709,2000.0,1400.0,2.0,0.9271250000000002
0,3,off,339,348,0,7.356833,6.225208,0.206708,0.018291999,0.83691704,7.643042,23.0,4164.0,0.174833,2000.0,1400.0,2.0,1.1316249999999997
0,3,off,340,349,0,7.236833,6.265625,0.22654201,0.019125,0.64624995,7.555917,23.0,4164.0,0.16525,2000.0,1400.0,2.0,0.9712079999999998
0,3,off,341,350,0,6.7865,5.770125,0.30291602,0.019290999,0.619292,7.39,23.0,4164.0,0.19225,2000.0,1400.0,2.0,1.016375
0,3,off,342,351,0,7.166541,6.2120423,0.208083,0.018958,0.654375,7.452208,23.0,4164.0,0.105875,2000.0,1400.0,2.0,0.9544986999999994
0,3,off,343,352,0,7.260917,6.2009172,0.196875,0.016958,0.77624995,7.555167,23.0,4164.0,0.240459,2000.0,1400.0,2.0,1.0599998
0,3,off,344,353,0,7.041541,6.01,0.231375,0.018333,0.637542,7.520875,23.0,4164.0,0.164125,2000.0,1400.0,2.0,1.0315409999999998
0,3,off,345,354,0,7.255,6.2220826,0.202375,0.019958,0.738042,7.536542,23.0,4164.0,0.210208,2000.0,1400.0,2.0,1.0329173999999997
0,3,off,346,355,0,7.264833,6.199708,0.207333,0.0165,0.772583,7.551833,23.0,4164.0,0.1815,2000.0,1400.0,2.0,1.065125
0,3,off,347,356,0,7.185792,6.184833,0.214917,0.017917,0.699,7.470333,23.0,4164.0,0.18537499999999998,2000.0,1400.0,2.0,1.000959
0,3,off,348,357,0,7.120708,6.190834,0.201417,0.018875,0.638375,7.4069996,23.0,4164.0,0.20375,2000.0,1400.0,2.0,0.9298739999999999
0,3,off,349,358,0,7.2539997,6.272,0.217458,0.01875,0.676209,7.5404997,23.0,4164.0,0.211125,2000.0,1400.0,2.0,0.9819996999999994
0,3,off,350,359,0,7.3823752,6.381167,0.28466702,0.018291,0.62595904,7.6604586,23.0,4164.0,0.19216599999999998,2000.0,1400.0,2.0,1.0012082000000007
0,3,off,351,360,0,7.056625,6.062292,0.215667,0.01775,0.683958,7.459416,23.0,4164.0,0.216917,2000.0,1400.0,2.0,0.9943330000000001
0,3,off,352,361,0,7.142084,6.2026253,0.208875,0.01725,0.642542,7.4310837,23.0,4164.0,0.193291,2000.0,1400.0,2.0,0.9394586999999994
0,3,off,353,362,0,7.3363748,6.293333,0.226125,0.019416,0.694208,7.623292,23.0,4164.0,0.21675,2000.0,1400.0,2.0,1.0430418000000001
0,3,off,354,363,0,7.2106247,6.162625,0.237458,0.017916,0.718875,7.519291,23.0,4164.0,0.18466700000000003,2000.0,1400.0,2.0,1.0479997
0,3,off,355,364,0,7.1465,6.1245413,0.238708,0.019125,0.689708,7.484958,23.0,4164.0,0.229375,2000.0,1400.0,2.0,1.0219586999999999
0,3,off,356,365,0,7.034625,6.18675,0.22275,0.019583,0.53312504,7.33075,23.0,4164.0,0.188834,2000.0,1400.0,2.0,0.8478750000000002
0,3,off,357,366,0,7.171833,6.1358337,0.227125,0.017458,0.721375,7.46725,23.0,4164.0,0.15595900000000001,2000.0,1400.0,2.0,1.0359993000000003
0,3,off,358,367,0,6.98425,6.066709,0.211583,0.018291,0.616792,7.378458,23.0,4164.0,0.18525,2000.0,1400.0,2.0,0.9175409999999999
0,3,off,359,368,0,7.2692924,6.2103333,0.274083,0.016208,0.69658303,7.567542,23.0,4164.0,0.173875,2000.0,1400.0,2.0,1.0589591
0,3,off,360,369,0,7.3988748,6.4968333,0.21487501,0.017292,0.599292,7.724125,23.0,4164.0,0.228291,2000.0,1400.0,2.0,0.9020415000000002
0,4,on,121,131,1,4.030333,2.776792,0.472917,0.017584,0.599583,4.319667,23.0,4164.0,0.086917,2000.0,1400.0,2.0,1.2535409999999998
0,4,on,122,132,0,4.105791,2.983291,0.24529101,0.020333,0.692541,4.420958,23.0,4164.0,0.155625,2000.0,1400.0,2.0,1.1225
0,4,on,123,133,1,4.110166,2.992167,0.27670798,0.020209,0.66225,4.3979588,23.0,4164.0,0.114666,2000.0,1400.0,2.0,1.1179990000000006
0,4,on,124,134,0,4.2342076,3.167542,0.25175,0.021541,0.63612497,4.541,23.0,4164.0,0.109834,2000.0,1400.0,2.0,1.0666656000000003
0,4,on,125,135,1,4.401917,3.359708,0.218,0.019708,0.64212495,4.691625,23.0,4164.0,0.106167,2000.0,1400.0,2.0,1.0422090000000002
0,4,on,126,136,0,4.001,2.980875,0.21887499,0.021416001,0.635084,4.3010416,23.0,4164.0,0.17862499999999998,2000.0,1400.0,2.0,1.0201250000000002
0,4,on,127,137,1,4.137292,3.052917,0.351083,0.021791,0.554,4.4302077,23.0,4164.0,0.08675,2000.0,1400.0,2.0,1.0843750000000005
0,4,on,128,138,0,4.096792,2.977208,0.241834,0.021959,0.697917,4.394333,23.0,4164.0,0.11666699999999999,2000.0,1400.0,2.0,1.1195839999999997
0,4,on,129,139,1,4.148292,2.935583,0.35808298,0.026542,0.718084,4.50975,23.0,4164.0,0.11975,2000.0,1400.0,2.0,1.2127089999999998
0,4,on,130,140,0,5.555542,3.424584,0.286166,0.020583,1.677875,5.857125,23.0,4164.0,0.242,2000.0,1400.0,2.0,2.130958
0,4,on,131,141,1,4.1273746,3.164625,0.324667,0.018542,0.539959,4.432875,23.0,4164.0,0.14425000000000002,2000.0,1400.0,2.0,0.9627495999999995
0,4,on,132,142,0,4.0240827,2.909959,0.249292,0.019082999,0.678958,4.3374996,23.0,4164.0,0.10420800000000001,2000.0,1400.0,2.0,1.1141237
0,4,on,133,143,1,4.274292,3.350958,0.226625,0.020208,0.526375,4.570542,23.0,4164.0,0.116083,2000.0,1400.0,2.0,0.9233340000000001
0,4,on,134,144,0,4.431292,3.324209,0.244208,0.021042,0.680042,4.737958,23.0,4164.0,0.090583,2000.0,1400.0,2.0,1.1070829999999998
0,4,on,135,145,1,3.9709592,2.949167,0.307375,0.0165,0.545375,4.2658334,23.0,4164.0,0.115958,2000.0,1400.0,2.0,1.0217921999999997
0,4,on,136,146,0,4.0975,2.963,0.251833,0.014292,0.698125,4.512125,23.0,4164.0,0.094959,2000.0,1400.0,2.0,1.1345
0,4,on,137,147,1,4.1767077,3.272167,0.23412499,0.018291999,0.49512503,4.480583,23.0,4164.0,0.142083,2000.0,1400.0,2.0,0.9045406999999996
0,4,on,138,148,0,4.508042,3.2697089,0.232958,0.023500001,0.835041,4.811959,23.0,4164.0,0.091083,2000.0,1400.0,2.0,1.2383330999999997
0,4,on,139,149,1,4.040292,3.007041,0.241875,0.014834,0.615583,4.328041,23.0,4164.0,0.120166,2000.0,1400.0,2.0,1.033251
0,4,on,140,150,0,4.147625,2.978625,0.213792,0.017,0.766667,4.44375,23.0,4164.0,0.171167,2000.0,1400.0,2.0,1.1689999999999996
0,4,on,141,151,1,3.9804168,3.0092921,0.313375,0.018375,0.55325,4.2867923,23.0,4164.0,0.11675,2000.0,1400.0,2.0,0.9711246999999998
0,4,on,142,152,0,4.3455,3.2124162,0.228167,0.023041,0.732208,4.635084,23.0,4164.0,0.095917,2000.0,1400.0,2.0,1.1330838000000005
0,4,on,143,153,1,4.2035003,3.199708,0.251708,0.018833,0.521208,4.5682917,23.0,4164.0,0.132541,2000.0,1400.0,2.0,1.0037922999999997
0,4,on,144,154,0,4.068333,2.994875,0.23475,0.0205,0.656875,4.3754582,23.0,4164.0,0.098417,2000.0,1400.0,2.0,1.073458
0,4,on,145,155,1,4.046167,3.043958,0.294625,0.016167,0.532208,4.354208,23.0,4164.0,0.111459,2000.0,1400.0,2.0,1.0022089999999997
0,4,on,146,156,0,4.165959,3.0865421,0.24275,0.0145000005,0.663625,4.454,23.0,4164.0,0.104625,2000.0,1400.0,2.0,1.0794169
0,4,on,147,157,1,4.381458,3.370292,0.231542,0.017125,0.607958,4.676209,23.0,4164.0,0.109709,2000.0,1400.0,2.0,1.0111660000000002
0,4,on,148,158,0,4.318625,3.257958,0.239083,0.023125,0.64541703,4.624084,23.0,4164.0,0.177458,2000.0,1400.0,2.0,1.060667
0,4,on,149,159,1,4.269,3.190417,0.266708,0.019625,0.622167,4.559125,23.0,4164.0,0.090667,2000.0,1400.0,2.0,1.078583
0,4,on,150,160,0,4.093625,2.9898748,0.243584,0.022875,0.677292,4.414833,23.0,4164.0,0.185333,2000.0,1400.0,2.0,1.1037502000000003
0,4,on,151,161,1,3.9882503,2.988625,0.22079201,0.017292,0.600917,4.2950416,23.0,4164.0,0.11,2000.0,1400.0,2.0,0.9996252999999999
0,4,on,152,162,0,4.559542,3.432083,0.24495801,0.020334,0.696083,4.871417,23.0,4164.0,0.10108299999999999,2000.0,1400.0,2.0,1.1274590000000004
0,4,on,153,163,1,4.4494586,3.2941658,0.244417,0.019458001,0.725333,4.76225,23.0,4164.0,0.111208,2000.0,1400.0,2.0,1.1552927999999998
0,4,on,154,164,0,4.485708,3.131083,0.24229199,0.022708,0.93600005,4.778875,23.0,4164.0,0.26054099999999997,2000.0,1400.0,2.0,1.354625
0,4,on,155,165,1,4.3866673,3.167958,0.23900001,0.020042,0.87462497,4.747375,23.0,4164.0,0.107458,2000.0,1400.0,2.0,1.2187093
0,4,on,156,166,0,4.3216248,3.192833,0.2605,0.02025,0.69525,4.6131663,23.0,4164.0,0.358791,2000.0,1400.0,2.0,1.1287918000000006
0,4,on,157,167,1,3.913084,2.983459,0.22462499,0.018916,0.53025,4.208292,23.0,4164.0,0.113083,2000.0,1400.0,2.0,0.9296250000000001
0,4,on,158,168,0,4.481834,3.392041,0.24229199,0.019541,0.66650003,4.771584,23.0,4164.0,0.101875,2000.0,1400.0,2.0,1.0897930000000002
0,4,on,159,169,1,3.9402921,3.014292,0.207166,0.020916,0.546792,4.22175,23.0,4164.0,0.108667,2000.0,1400.0,2.0,0.9260001
0,4,on,160,170,0,4.072125,2.981375,0.25825,0.017625,0.658625,4.373917,23.0,4164.0,0.11175,2000.0,1400.0,2.0,1.0907499999999999
0,4,on,161,171,1,4.368625,3.44275,0.233792,0.019125,0.52333295,4.660541,23.0,4164.0,0.1095,2000.0,1400.0,2.0,0.9258749999999996
0,4,on,162,172,0,5.110708,3.179333,0.23604201,0.019417001,1.513167,5.404959,23.0,4164.0,0.092,2000.0,1400.0,2.0,1.9313749999999996
0,4,on,163,173,1,4.0917916,3.1719158,0.231833,0.019541,0.58566695,4.391333,23.0,4164.0,0.229666,2000.0,1400.0,2.0,0.9198757999999998
0,4,on,164,174,0,4.235583,3.00175,0.237667,0.0215,0.825375,4.519334,23.0,4164.0,0.159625,2000.0,1400.0,2.0,1.2338330000000002
0,4,on,165,175,1,4.0197077,3.10975,0.22795899,0.017166,0.50862503,4.308166,23.0,4164.0,0.2155,2000.0,1400.0,2.0,0.9099576999999996
0,4,on,166,176,0,4.25775,3.1222079,0.232041,0.017292,0.73166597,4.5462914,23.0,4164.0,0.08545799999999999,2000.0,1400.0,2.0,1.1355420999999999
0,4,on,167,177,1,4.2921247,3.3561249,0.238375,0.02,0.514,4.5999584,23.0,4164.0,0.17541700000000002,2000.0,1400.0,2.0,0.9359997999999994
0,4,on,168,178,0,4.049459,2.827375,0.276042,0.01875,0.70912504,4.39075,23.0,4164.0,0.095583,2000.0,1400.0,2.0,1.2220839999999997
0,4,on,169,179,1,4.606,2.9649582,0.256208,0.038999997,1.157459,4.9076247,23.0,4164.0,0.112125,2000.0,1400.0,2.0,1.6410418
0,4,on,170,180,0,4.431333,3.382709,0.24179201,0.019042,0.699125,4.723333,23.0,4164.0,0.21229199999999998,2000.0,1400.0,2.0,1.0486240000000002
0,4,on,171,181,1,3.9626658,2.964125,0.252834,0.018625,0.563917,4.255292,23.0,4164.0,0.16658299999999998,2000.0,1400.0,2.0,0.9985407999999998
0,4,on,172,182,0,4.2071247,3.0801249,0.27229202,0.020042,0.666,4.503208,23.0,4164.0,0.11491599999999999,2000.0,1400.0,2.0,1.1269997999999997
0,4,on,173,183,1,4.004,3.059708,0.22891699,0.017791001,0.538167,4.281875,23.0,4164.0,0.10012499999999999,2000.0,1400.0,2.0,0.9442919999999995
0,4,on,174,184,0,4.174791,3.000541,0.232958,0.02025,0.766791,4.471583,23.0,4164.0,0.09525,2000.0,1400.0,2.0,1.1742499999999998
0,4,on,175,185,1,3.672416,2.4494588,0.305042,0.016833,0.550125,4.3292923,23.0,4164.0,0.185792,2000.0,1400.0,2.0,1.2229572000000002
0,4,on,176,186,0,4.329584,3.131417,0.253084,0.022,0.73570895,4.615875,23.0,4164.0,0.119084,2000.0,1400.0,2.0,1.1981669999999998
0,4,on,177,187,1,4.0108747,3.0016658,0.331709,0.019208001,0.57083297,4.3146253,23.0,4164.0,0.13241699999999998,2000.0,1400.0,2.0,1.0092088999999995
0,4,on,178,188,0,4.178625,3.059042,0.22245799,0.018708,0.715791,4.4824996,23.0,4164.0,0.105584,2000.0,1400.0,2.0,1.1195830000000004
0,4,on,179,189,1,4.322291,3.4285,0.226833,0.018791,0.489958,4.621208,23.0,4164.0,0.11766599999999999,2000.0,1400.0,2.0,0.8937909999999998
0,4,on,180,190,0,4.074709,2.9373338,0.239083,0.0155,0.72525,4.423834,23.0,4164.0,0.084042,2000.0,1400.0,2.0,1.1373752000000001
0,4,on,181,191,1,4.161458,3.155375,0.267333,0.016417,0.55037504,4.460208,23.0,4164.0,0.153208,2000.0,1400.0,2.0,1.0060829999999998
0,4,on,182,192,0,4.003167,2.89625,0.269458,0.017583,0.651291,4.367041,23.0,4164.0,0.11637499999999999,2000.0,1400.0,2.0,1.1069170000000002
0,4,on,183,193,1,3.9700418,2.963792,0.293375,0.017,0.532709,4.277209,23.0,4164.0,0.130333,2000.0,1400.0,2.0,1.0062498
0,4,on,184,194,0,4.4375,3.257417,0.24975,0.022667,0.75612503,4.743042,23.0,4164.0,0.11025,2000.0,1400.0,2.0,1.1800830000000002
0,4,on,185,195,1,4.007125,3.002417,0.293375,0.020334,0.606792,4.3065424,23.0,4164.0,0.11529199999999999,2000.0,1400.0,2.0,1.0047080000000004
0,4,on,186,196,0,4.056916,2.958458,0.245167,0.02,0.681959,4.347167,23.0,4164.0,0.158167,2000.0,1400.0,2.0,1.0984580000000004
0,4,on,187,197,1,3.919209,2.9915829,0.234292,0.016334,0.516041,4.199583,23.0,4164.0,0.118459,2000.0,1400.0,2.0,0.9276260999999999
0,4,on,188,198,0,4.412958,3.3429592,0.206834,0.014208,0.706834,4.762708,23.0,4164.0,0.093375,2000.0,1400.0,2.0,1.0699987999999996
0,4,on,189,199,1,3.902625,2.943167,0.340084,0.019542,0.51500005,4.2436666,23.0,4164.0,0.11225,2000.0,1400.0,2.0,0.9594580000000001
0,4,on,190,200,0,4.315042,3.082125,0.301917,0.019834,0.749708,4.6479583,23.0,4164.0,0.084833,2000.0,1400.0,2.0,1.232917
0,4,on,191,201,1,3.9242501,2.828667,0.448959,0.020583,0.54358304,4.228791,23.0,4164.0,0.172792,2000.0,1400.0,2.0,1.0955831000000003
0,4,on,192,202,0,4.1766253,3.028708,0.26145798,0.021917,0.70879203,4.4623327,23.0,4164.0,0.113625,2000.0,1400.0,2.0,1.1479173000000005
0,4,on,193,203,1,4.209875,3.2757921,0.207583,0.018333,0.55316603,4.490833,23.0,4164.0,0.128083,2000.0,1400.0,2.0,0.9340829000000004
0,4,on,194,204,0,4.194875,2.960291,0.23770799,0.020875001,0.80608404,4.4948754,23.0,4164.0,0.12445800000000001,2000.0,1400.0,2.0,1.234584
0,4,on,195,205,1,3.906042,2.937666,0.33162498,0.02075,0.537875,4.23175,23.0,4164.0,0.213583,2000.0,1400.0,2.0,0.9683759999999997
0,4,on,196,206,0,4.126417,3.031125,0.256125,0.022333,0.66016704,4.4136252,23.0,4164.0,0.108875,2000.0,1400.0,2.0,1.0952920000000002
0,4,on,197,207,1,4.27725,3.370792,0.23550001,0.02025,0.503542,4.5692077,23.0,4164.0,0.10045899999999999,2000.0,1400.0,2.0,0.9064580000000007
0,4,on,198,208,0,4.2002907,3.094708,0.267458,0.019792,0.73604196,4.502709,23.0,4164.0,0.097792,2000.0,1400.0,2.0,1.1055827000000003
0,4,on,199,209,1,4.37575,3.3640418,0.254875,0.017375,0.59225005,4.686625,23.0,4164.0,0.163334,2000.0,1400.0,2.0,1.0117082000000002
0,4,on,200,210,0,4.026,2.8812912,0.29500002,0.02,0.676042,4.343375,23.0,4164.0,0.104084,2000.0,1400.0,2.0,1.1447087999999996
0,4,on,201,211,1,4.4248333,2.991334,0.264209,0.016333,1.012542,4.720542,23.0,4164.0,0.11641699999999999,2000.0,1400.0,2.0,1.4334993000000003
0,4,on,202,212,0,4.1019163,3.03175,0.24275,0.020333,0.665917,4.397542,23.0,4164.0,0.28925,2000.0,1400.0,2.0,1.0701663
0,4,on,203,213,1,3.918209,2.951292,0.23854199,0.018416,0.538125,4.2307906,23.0,4164.0,0.109917,2000.0,1400.0,2.0,0.966917
0,4,on,204,214,0,4.1243334,2.938083,0.24533302,0.022084,0.747625,4.4196672,23.0,4164.0,0.104583,2000.0,1400.0,2.0,1.1862504000000005
0,4,on,205,215,1,3.941291,2.8456671,0.31433302,0.016542,0.59475,4.25975,23.0,4164.0,0.16,2000.0,1400.0,2.0,1.0956239
0,4,on,206,216,0,4.4463754,3.370416,0.23475,0.02,0.673292,4.7406254,23.0,4164.0,0.096125,2000.0,1400.0,2.0,1.0759594
0,4,on,207,217,1,3.9269998,2.88075,0.28758302,0.0165,0.536833,4.233917,23.0,4164.0,0.103834,2000.0,1400.0,2.0,1.0462498
0,4,on,208,218,0,5.119667,3.088875,0.247666,0.020166999,1.606,5.424166,23.0,4164.0,0.101917,2000.0,1400.0,2.0,2.030792
0,4,on,209,219,1,3.8002088,2.903666,0.23254201,0.017417,0.50158405,4.2912917,23.0,4164.0,0.17725,2000.0,1400.0,2.0,0.8965428000000002
0,4,on,210,220,0,4.3782907,3.293625,0.21987501,0.022417,0.688,4.682083,23.0,4164.0,0.087166,2000.0,1400.0,2.0,1.0846657
0,4,on,211,221,1,3.9397922,3.001208,0.214917,0.021042,0.546,4.239167,23.0,4164.0,0.109792,2000.0,1400.0,2.0,0.9385841999999998
0,4,on,212,222,0,4.035833,2.953708,0.23674999,0.018417,0.649084,4.347583,23.0,4164.0,0.106542,2000.0,1400.0,2.0,1.0821250000000004
0,4,on,213,223,1,4.431416,3.427917,0.235541,0.019,0.6675,4.725708,23.0,4164.0,0.10091599999999999,2000.0,1400.0,2.0,1.0034989999999997
0,4,on,214,224,0,4.163167,2.940709,0.303959,0.019749999,0.686333,4.5014157,23.0,4164.0,0.236041,2000.0,1400.0,2.0,1.2224579999999996
0,4,on,215,225,1,4.478792,3.5268328,0.241875,0.02475,0.524875,4.7879167,23.0,4164.0,0.124583,2000.0,1400.0,2.0,0.9519592000000001
0,4,on,216,226,0,4.490458,3.362416,0.24320799,0.021834,0.777292,4.808333,23.0,4164.0,0.095958,2000.0,1400.0,2.0,1.1280420000000002
0,4,on,217,227,1,4.112875,3.1625,0.237542,0.020917,0.611,4.449958,23.0,4164.0,0.194833,2000.0,1400.0,2.0,0.9503749999999997
0,4,on,218,228,0,3.986875,2.9068332,0.257209,0.019499999,0.638209,4.286292,23.0,4164.0,0.185458,2000.0,1400.0,2.0,1.0800418
0,4,on,219,229,1,4.172583,3.20225,0.24879101,0.01875,0.537041,4.4785004,23.0,4164.0,0.096041,2000.0,1400.0,2.0,0.9703330000000006
0,4,on,220,230,0,4.0664587,2.981833,0.242875,0.0225,0.66999996,4.368167,23.0,4164.0,0.1015,2000.0,1400.0,2.0,1.0846257000000001
0,4,on,221,231,1,3.904042,2.9645412,0.243292,0.018625,0.51479197,4.2563753,23.0,4164.0,0.122333,2000.0,1400.0,2.0,0.9395007999999998
0,4,on,222,232,0,4.070125,3.022083,0.244625,0.019125,0.638167,4.3662496,23.0,4164.0,0.080833,2000.0,1400.0,2.0,1.0480420000000001
0,4,on,223,233,1,3.9387918,2.983042,0.21816699,0.01575,0.574709,4.248042,23.0,4164.0,0.10154099999999999,2000.0,1400.0,2.0,0.9557498
0,4,on,224,234,0,4.5143747,3.350708,0.253625,0.0205,0.734833,4.805708,23.0,4164.0,0.14733300000000002,2000.0,1400.0,2.0,1.1636667000000003
0,4,on,225,235,1,4.3181252,3.336709,0.24233401,0.020125,0.554,4.6155,23.0,4164.0,0.174583,2000.0,1400.0,2.0,0.9814162
0,4,on,226,236,0,4.237167,3.075459,0.242708,0.020583,0.733792,4.543959,23.0,4164.0,0.108083,2000.0,1400.0,2.0,1.1617080000000004
0,4,on,227,237,1,3.9542918,2.962,0.24075,0.020208,0.572667,4.256458,23.0,4164.0,0.11558299999999999,2000.0,1400.0,2.0,0.9922917999999998
0,4,on,228,238,0,3.9355419,2.8986251,0.268375,0.020083,0.580375,4.286459,23.0,4164.0,0.14100000000000001,2000.0,1400.0,2.0,1.0369168000000002
0,4,on,229,239,1,3.9253328,3.027,0.216583,0.017959,0.513875,4.22475,23.0,4164.0,0.109792,2000.0,1400.0,2.0,0.8983327999999999
0,4,on,230,240,0,4.20425,2.953209,0.295959,0.02,0.784458,4.5167093,23.0,4164.0,0.10270800000000001,2000.0,1400.0,2.0,1.2510409999999998
0,4,on,231,241,1,3.931708,2.984791,0.235125,0.014542,0.541083,4.224667,23.0,4164.0,0.186708,2000.0,1400.0,2.0,0.946917
0,4,on,232,242,0,4.047791,2.982167,0.22383301,0.021708,0.664334,4.342333,23.0,4164.0,0.127833,2000.0,1400.0,2.0,1.0656240000000001
0,4,on,233,243,1,4.3182497,3.306209,0.266375,0.020583,0.55525,4.614125,23.0,4164.0,0.106291,2000.0,1400.0,2.0,1.0120407
0,4,on,234,244,0,4.1307917,2.95275,0.239125,0.019791,0.76729196,4.439583,23.0,4164.0,0.103334,2000.0,1400.0,2.0,1.1780416999999996
0,4,on,235,245,1,4.037375,3.086041,0.232333,0.019583,0.54104203,4.367875,23.0,4164.0,0.116125,2000.0,1400.0,2.0,0.9513340000000001
0,4,on,236,246,0,4.315917,3.193208,0.24320799,0.023750002,0.682167,4.631166,23.0,4164.0,0.110209,2000.0,1400.0,2.0,1.122709
0,4,on,237,247,1,4.051333,2.975542,0.263416,0.019,0.626834,4.344708,23.0,4164.0,0.134583,2000.0,1400.0,2.0,1.0757909999999997
0,4,on,238,248,0,4.1274157,3.07125,0.24383299,0.020709,0.644291,4.42525,23.0,4164.0,0.164167,2000.0,1400.0,2.0,1.0561657000000002
0,4,on,239,249,1,3.7819998,2.713125,0.342875,0.020290999,0.521833,4.2495413,23.0,4164.0,0.104917,2000.0,1400.0,2.0,1.0688748000000001
0,4,on,240,250,0,4.8554173,3.306208,0.23449999,0.0215,1.142459,5.160958,23.0,4164.0,0.105833,2000.0,1400.0,2.0,1.5492093000000002
0,4,on,241,251,1,4.06175,3.010958,0.31895798,0.019667001,0.63,4.366333,23.0,4164.0,0.112166,2000.0,1400.0,2.0,1.050792
0,4,on,242,252,0,4.491833,3.285791,0.267083,0.020083,0.741375,4.79775,23.0,4164.0,0.178,2000.0,1400.0,2.0,1.2060419999999996
0,4,on,243,253,1,4.2088747,3.19325,0.240625,0.0175,0.592959,4.514,23.0,4164.0,0.17241599999999999,2000.0,1400.0,2.0,1.0156247
0,4,on,244,254,0,4.2025,3.092458,0.251375,0.019791,0.677041,4.4911246,23.0,4164.0,0.163833,2000.0,1400.0,2.0,1.1100419999999995
0,4,on,245,255,1,3.9685419,2.9919581,0.296708,0.019666001,0.57683295,4.270458,23.0,4164.0,0.113291,2000.0,1400.0,2.0,0.9765837999999998
0,4,on,246,256,0,4.436792,3.3183749,0.250584,0.021625,0.680291,4.73575,23.0,4164.0,0.145625,2000.0,1400.0,2.0,1.1184170999999998
0,4,on,247,257,1,4.347417,2.946208,0.26183298,0.017667,0.952375,4.642375,23.0,4164.0,0.109083,2000.0,1400.0,2.0,1.4012090000000001
0,4,on,248,258,0,4.2597914,3.06675,0.23254201,0.022083001,0.780584,4.550125,23.0,4164.0,0.10091699999999999,2000.0,1400.0,2.0,1.1930414000000003
0,4,on,249,259,1,3.9416668,2.8808331,0.321,0.018375,0.552208,4.2530828,23.0,4164.0,0.196583,2000.0,1400.0,2.0,1.0608337000000003
0,4,on,250,260,0,4.026375,2.910167,0.259542,0.022041,0.65745795,4.3693748,23.0,4164.0,0.11950000000000001,2000.0,1400.0,2.0,1.1162079999999999
0,4,on,251,261,1,4.318959,3.346333,0.25233302,0.019082999,0.61975,4.660708,23.0,4164.0,0.08479199999999999,2000.0,1400.0,2.0,0.9726260000000004
0,4,on,252,262,0,4.1002083,2.915709,0.249167,0.020334,0.760334,4.414042,23.0,4164.0,0.177167,2000.0,1400.0,2.0,1.1844993000000001
0,4,on,253,263,1,4.011458,3.062292,0.255292,0.018250002,0.523,4.307791,23.0,4164.0,0.11458299999999999,2000.0,1400.0,2.0,0.9491660000000004
0,4,on,254,264,0,4.676084,3.349125,0.24233401,0.039499998,0.860833,4.9816666,23.0,4164.0,0.088667,2000.0,1400.0,2.0,1.3269590000000004
0,4,on,255,265,1,4.0854588,3.00375,0.315083,0.0185,0.66679096,4.410583,23.0,4164.0,0.097584,2000.0,1400.0,2.0,1.0817087999999995
0,4,on,256,266,0,4.072,2.9835,0.22958301,0.018958,0.696292,4.368458,23.0,4164.0,0.22916599999999998,2000.0,1400.0,2.0,1.0885000000000002
0,4,on,257,267,1,4.063209,3.050583,0.24825,0.02,0.660667,4.365542,23.0,4164.0,0.118167,2000.0,1400.0,2.0,1.0126259999999996
0,4,on,258,268,0,4.079917,2.900042,0.319291,0.022916,0.6905,4.381375,23.0,4164.0,0.15054099999999998,2000.0,1400.0,2.0,1.179875
0,4,on,259,269,1,4.085875,3.1079998,0.244334,0.018791,0.547875,4.4015417,23.0,4164.0,0.11620799999999999,2000.0,1400.0,2.0,0.9778751999999997
0,4,on,260,270,0,4.379667,3.1508331,0.281708,0.021208,0.655667,4.6903753,23.0,4164.0,0.10900000000000001,2000.0,1400.0,2.0,1.2288339000000006
0,4,on,261,271,1,3.720708,2.797333,0.228541,0.020209,0.505167,4.2870407,23.0,4164.0,0.090041,2000.0,1400.0,2.0,0.9233750000000001
0,4,on,262,272,0,4.1868343,3.081667,0.248542,0.02,0.681,4.492167,23.0,4164.0,0.08633300000000001,2000.0,1400.0,2.0,1.1051673000000002
0,4,on,263,273,1,3.9243748,2.634416,0.557375,0.018667001,0.557166,4.20825,23.0,4164.0,0.140833,2000.0,1400.0,2.0,1.2899588
0,4,on,264,274,0,3.943459,2.855625,0.244125,0.022042,0.653458,4.291833,23.0,4164.0,0.112667,2000.0,1400.0,2.0,1.087834
0,4,on,265,275,1,3.8582911,2.938917,0.226834,0.02025,0.508542,4.1585,23.0,4164.0,0.104,2000.0,1400.0,2.0,0.9193741000000002
0,4,on,266,276,0,4.143666,2.90275,0.360084,0.02125,0.68020797,4.473,23.0,4164.0,0.09000000000000001,2000.0,1400.0,2.0,1.2409159999999995
0,4,on,267,277,1,3.8975,2.8847501,0.24625002,0.018458,0.550083,4.4552913,23.0,4164.0,0.111416,2000.0,1400.0,2.0,1.0127498999999998
0,4,on,268,278,0,4.348084,3.277,0.234959,0.015625,0.662041,4.6312504,23.0,4164.0,0.111959,2000.0,1400.0,2.0,1.071084
0,4,on,269,279,1,4.348916,3.297666,0.263083,0.020375,0.605625,4.670083,23.0,4164.0,0.110083,2000.0,1400.0,2.0,1.05125
0,4,on,270,280,0,4.255625,3.11425,0.24529101,0.021958,0.705375,4.608541,23.0,4164.0,0.11745799999999999,2000.0,1400.0,2.0,1.141375
0,4,on,271,281,1,4.063833,3.102875,0.254291,0.020583,0.52354103,4.379291,23.0,4164.0,0.14275,2000.0,1400.0,2.0,0.9609579999999998
0,4,on,272,282,0,4.0585833,2.9522922,0.251583,0.019,0.678334,4.3697076,23.0,4164.0,0.094125,2000.0,1400.0,2.0,1.1062910999999995
0,4,on,273,283,1,3.921208,2.9929159,0.238167,0.019542,0.52054197,4.226875,23.0,4164.0,0.117667,2000.0,1400.0,2.0,0.9282921000000002
0,4,on,274,284,0,4.088791,3.005875,0.243,0.018958,0.673625,4.392292,23.0,4164.0,0.108375,2000.0,1400.0,2.0,1.0829159999999995
0,4,on,275,285,1,4.0360837,3.045583,0.230416,0.020125,0.58854204,4.311,23.0,4164.0,0.125459,2000.0,1400.0,2.0,0.9905006999999997
0,4,on,276,286,0,4.475041,3.1838331,0.241209,0.019708999,0.867292,4.769166,23.0,4164.0,0.133875,2000.0,1400.0,2.0,1.2912078999999999
0,4,on,277,287,1,3.9583752,3.015708,0.22391699,0.020209,0.55025,4.2563334,23.0,4164.0,0.287417,2000.0,1400.0,2.0,0.9426671999999998
0,4,on,278,288,0,4.451666,3.315042,0.256541,0.020666001,0.70129204,4.744833,23.0,4164.0,0.11204199999999999,2000.0,1400.0,2.0,1.1366240000000003
0,4,on,279,289,1,4.187458,3.034791,0.202375,0.019375,0.778042,4.4862504,23.0,4164.0,0.132167,2000.0,1400.0,2.0,1.1526670000000006
0,4,on,280,290,0,4.206458,3.096625,0.27679202,0.021792,0.662416,4.497041,23.0,4164.0,0.323917,2000.0,1400.0,2.0,1.1098329999999996
0,4,on,281,291,1,3.895833,2.923958,0.245,0.018291999,0.53870803,4.1960406,23.0,4164.0,0.11866600000000001,2000.0,1400.0,2.0,0.9718750000000003
0,4,on,282,292,0,4.195667,2.923583,0.237875,0.021875,0.846833,4.4996667,23.0,4164.0,0.113709,2000.0,1400.0,2.0,1.2720840000000004
0,4,on,283,293,1,3.932416,2.878417,0.27975002,0.0151659995,0.56341696,4.233541,23.0,4164.0,0.129583,2000.0,1400.0,2.0,1.0539990000000001
0,4,on,284,294,0,4.115167,2.967,0.293583,0.021458,0.667291,4.408667,23.0,4164.0,0.134041,2000.0,1400.0,2.0,1.1481669999999995
0,4,on,285,295,1,4.097,2.9217079,0.315959,0.019499999,0.67666703,4.389541,23.0,4164.0,0.113458,2000.0,1400.0,2.0,1.1752921000000005
0,4,on,286,296,0,4.176459,2.919708,0.285292,0.020459,0.783875,4.474541,23.0,4164.0,0.177708,2000.0,1400.0,2.0,1.2567510000000004
0,4,on,287,297,1,4.214167,3.3273342,0.249292,0.017083,0.46733302,4.518875,23.0,4164.0,0.110791,2000.0,1400.0,2.0,0.8868327999999996
0,4,on,288,298,0,4.0385003,2.9177911,0.265458,0.019542,0.658,4.33975,23.0,4164.0,0.108334,2000.0,1400.0,2.0,1.1207091999999998
0,4,on,289,299,1,4.039916,2.998583,0.27716702,0.018875,0.559,4.3598747,23.0,4164.0,0.11691700000000001,2000.0,1400.0,2.0,1.0413329999999998
0,4,on,290,300,0,4.0767093,2.934875,0.254584,0.019291999,0.70104104,4.368083,23.0,4164.0,0.116083,2000.0,1400.0,2.0,1.1418343000000002
0,4,on,291,301,1,4.097458,3.1661248,0.21875,0.018375,0.611333,4.39325,23.0,4164.0,0.11474999999999999,2000.0,1400.0,2.0,0.9313331999999996
0,4,on,292,302,0,4.093416,2.884125,0.27412498,0.015583,0.7115,4.3929157,23.0,4164.0,0.16899999999999998,2000.0,1400.0,2.0,1.2092910000000003
0,4,on,293,303,1,4.113041,2.9707918,0.24525,0.035041,0.677916,4.408083,23.0,4164.0,0.125833,2000.0,1400.0,2.0,1.1422491999999997
0,4,on,294,304,0,4.093375,2.936291,0.247,0.020583,0.722459,4.400875,23.0,4164.0,0.096333,2000.0,1400.0,2.0,1.1570839999999998
0,4,on,295,305,1,4.0063753,2.988,0.23425,0.020584,0.59075004,4.302833,23.0,4164.0,0.08462499999999999,2000.0,1400.0,2.0,1.0183753000000002
0,4,on,296,306,0,4.441542,3.3497078,0.232333,0.020084001,0.680583,4.7515,23.0,4164.0,0.146208,2000.0,1400.0,2.0,1.0918342
0,4,on,297,307,1,3.933833,2.9780838,0.234916,0.019584,0.54104203,4.213709,23.0,4164.0,0.121458,2000.0,1400.0,2.0,0.9557492000000001
0,4,on,298,308,0,4.1317077,3.032,0.265458,0.022,0.64666694,4.4325833,23.0,4164.0,0.085542,2000.0,1400.0,2.0,1.0997076999999997
0,4,on,299,309,1,3.84,2.788417,0.28050002,0.018082999,0.566083,4.203083,23.0,4164.0,0.10225000000000001,2000.0,1400.0,2.0,1.051583
0,4,on,300,310,0,4.461417,3.310917,0.26295897,0.021208,0.718417,4.7389164,23.0,4164.0,0.113708,2000.0,1400.0,2.0,1.1505
0,4,on,301,311,1,4.088875,2.991542,0.235916,0.020959,0.654541,4.404167,23.0,4164.0,0.11204199999999999,2000.0,1400.0,2.0,1.097333
0,4,on,302,312,0,4.026875,2.896875,0.256958,0.018708,0.684041,4.3502502,23.0,4164.0,0.113792,2000.0,1400.0,2.0,1.1300000000000003
0,4,on,303,313,1,4.477125,3.489959,0.254209,0.018667001,0.54962504,4.7839584,23.0,4164.0,0.10658300000000001,2000.0,1400.0,2.0,0.9871660000000002
0,4,on,304,314,0,4.134125,2.920125,0.301333,0.019290999,0.689458,4.425334,23.0,4164.0,0.117625,2000.0,1400.0,2.0,1.214
0,4,on,305,315,1,4.26475,3.333042,0.224542,0.01875,0.530542,4.562167,23.0,4164.0,0.11691700000000001,2000.0,1400.0,2.0,0.9317080000000004
0,4,on,306,316,0,4.056834,2.8715,0.33095798,0.019458001,0.665,4.4196672,23.0,4164.0,0.106083,2000.0,1400.0,2.0,1.185334
0,4,on,307,317,1,4.040708,3.191541,0.22929199,0.018625,0.445458,4.3485413,23.0,4164.0,0.12875,2000.0,1400.0,2.0,0.8491670000000004
0,4,on,308,318,0,4.0835834,2.935458,0.25825,0.018583,0.674708,4.3962083,23.0,4164.0,0.08558299999999999,2000.0,1400.0,2.0,1.1481254
0,4,on,309,319,1,4.43975,3.4294999,0.242458,0.017792,0.66975,4.7480407,23.0,4164.0,0.102666,2000.0,1400.0,2.0,1.0102501
0,4,on,310,320,0,4.07725,2.974875,0.238959,0.021166999,0.680333,4.384125,23.0,4164.0,0.230875,2000.0,1400.0,2.0,1.1023750000000003
0,4,on,311,321,1,4.137208,3.0992498,0.3385,0.018208,0.599458,4.44075,23.0,4164.0,0.106875,2000.0,1400.0,2.0,1.0379582000000003
0,4,on,312,322,0,4.027042,2.8965,0.277291,0.023417,0.67425,4.347417,23.0,4164.0,0.136542,2000.0,1400.0,2.0,1.1305419999999997
0,4,on,313,323,1,3.9424589,2.972666,0.25416702,0.020125,0.537291,4.229959,23.0,4164.0,0.11870900000000001,2000.0,1400.0,2.0,0.9697929000000003
0,4,on,314,324,0,4.548958,3.3468342,0.235917,0.021,0.778792,4.8556666,23.0,4164.0,0.100667,2000.0,1400.0,2.0,1.2021237999999999
0,4,on,315,325,1,3.94925,2.952917,0.24583401,0.021166,0.552667,4.245916,23.0,4164.0,0.125167,2000.0,1400.0,2.0,0.9963330000000004
0,4,on,316,326,0,4.098333,2.9962502,0.319875,0.020666001,0.606417,4.4187922,23.0,4164.0,0.106667,2000.0,1400.0,2.0,1.1020828000000003
0,4,on,317,327,1,3.9907088,2.985792,0.234042,0.01775,0.66899997,4.31425,23.0,4164.0,0.133958,2000.0,1400.0,2.0,1.0049168000000002
0,4,on,318,328,0,4.323208,2.891916,0.286042,0.020375,0.967,4.634083,23.0,4164.0,0.23800000000000002,2000.0,1400.0,2.0,1.431292
0,4,on,319,329,1,3.957,2.99,0.21858299,0.018625,0.535792,4.259667,23.0,4164.0,0.36824999999999997,2000.0,1400.0,2.0,0.9669999999999996
0,4,on,320,330,0,4.072833,2.842334,0.38474998,0.0205,0.671709,4.382291,23.0,4164.0,0.101166,2000.0,1400.0,2.0,1.230499
0,4,on,321,331,1,3.9328752,2.9692502,0.235917,0.018833,0.554042,4.237792,23.0,4164.0,0.112167,2000.0,1400.0,2.0,0.963625
0,4,on,322,332,0,4.130041,3.005834,0.2645,0.019542,0.67491704,4.442041,23.0,4164.0,0.11825000000000001,2000.0,1400.0,2.0,1.1242070000000002
0,4,on,323,333,1,4.5415,3.450541,0.256,0.020333,0.733375,4.849208,23.0,4164.0,0.112458,2000.0,1400.0,2.0,1.0909590000000002
0,4,on,324,334,0,4.0501666,2.92,0.230208,0.021333,0.71725,4.4231253,23.0,4164.0,0.201542,2000.0,1400.0,2.0,1.1301666
0,4,on,325,335,1,4.690958,3.1595,0.23200001,0.018875,1.121667,4.995125,23.0,4164.0,0.124459,2000.0,1400.0,2.0,1.5314580000000002
0,4,on,326,336,0,4.1685004,3.029542,0.2595,0.022708,0.699042,4.4755836,23.0,4164.0,0.291917,2000.0,1400.0,2.0,1.1389584
0,4,on,327,337,1,3.9261668,2.924083,0.275583,0.017917,0.5345,4.241583,23.0,4164.0,0.122834,2000.0,1400.0,2.0,1.0020837999999999
0,4,on,328,338,0,4.104042,2.936666,0.249125,0.021833,0.726292,4.404333,23.0,4164.0,0.110417,2000.0,1400.0,2.0,1.1673759999999995
0,4,on,329,339,1,3.9112499,2.923083,0.249,0.018916,0.54824996,4.2269998,23.0,4164.0,0.169625,2000.0,1400.0,2.0,0.9881669
0,4,on,330,340,0,3.9532921,2.856584,0.24895899,0.021833,0.65779203,4.3033338,23.0,4164.0,0.109542,2000.0,1400.0,2.0,1.0967081000000003
0,4,on,331,341,1,3.9373748,2.7727911,0.331375,0.020875001,0.57070804,4.230583,23.0,4164.0,0.11254199999999999,2000.0,1400.0,2.0,1.1645837
0,4,on,332,342,0,4.659416,3.268875,0.26491702,0.018625,0.940167,4.969916,23.0,4164.0,0.095958,2000.0,1400.0,2.0,1.3905410000000002
0,4,on,333,343,1,4.402459,3.432583,0.26675,0.01925,0.60312504,4.695834,23.0,4164.0,0.132917,2000.0,1400.0,2.0,0.9698760000000002
0,4,on,334,344,0,4.521166,3.429708,0.234875,0.022875,0.693375,4.810458,23.0,4164.0,0.172208,2000.0,1400.0,2.0,1.0914579999999998
0,4,on,335,345,1,3.9889169,3.0131671,0.24941601,0.0185,0.549792,4.299666,23.0,4164.0,0.12525,2000.0,1400.0,2.0,0.9757498
0,4,on,336,346,0,4.1685004,2.953042,0.339291,0.020957999,0.68675,4.465583,23.0,4164.0,0.113666,2000.0,1400.0,2.0,1.2154584000000002
0,4,on,337,347,1,4.018625,3.044375,0.241667,0.023374999,0.622959,4.340625,23.0,4164.0,0.10008299999999999,2000.0,1400.0,2.0,0.9742500000000001
0,4,on,338,348,0,3.948667,2.832125,0.271834,0.018459002,0.64245903,4.344292,23.0,4164.0,0.22962500000000002,2000.0,1400.0,2.0,1.116542
0,4,on,339,349,1,4.387833,3.3916671,0.23729199,0.02,0.595166,4.6819577,23.0,4164.0,0.093375,2000.0,1400.0,2.0,0.9961658999999998
0,4,on,340,350,0,4.0749173,2.919833,0.248833,0.01775,0.72679096,4.4291253,23.0,4164.0,0.137208,2000.0,1400.0,2.0,1.1550843
0,4,on,341,351,1,4.278791,3.3333342,0.3255,0.018667001,0.51762503,4.606625,23.0,4164.0,0.094458,2000.0,1400.0,2.0,0.9454568000000001
0,4,on,342,352,0,4.333459,3.149,0.274875,0.019499999,0.73429096,4.633625,23.0,4164.0,0.09916699999999999,2000.0,1400.0,2.0,1.1844590000000004
0,4,on,343,353,1,4.1620836,3.067625,0.32325,0.019541,0.670375,4.4639173,23.0,4164.0,0.16375,2000.0,1400.0,2.0,1.0944585999999998
0,4,on,344,354,0,4.052959,2.9364579,0.22212501,0.021,0.696709,4.408,23.0,4164.0,0.228541,2000.0,1400.0,2.0,1.1165011000000002
0,4,on,345,355,1,3.9081252,2.926375,0.234334,0.022166999,0.56341696,4.2834578,23.0,4164.0,0.114041,2000.0,1400.0,2.0,0.9817502
0,4,on,346,356,0,4.282292,3.1705,0.252875,0.0175,0.674209,4.58825,23.0,4164.0,0.129042,2000.0,1400.0,2.0,1.111792
0,4,on,347,357,1,3.9408753,2.92925,0.254583,0.018792,0.64925,4.32875,23.0,4164.0,0.113458,2000.0,1400.0,2.0,1.0116253
0,4,on,348,358,0,4.282208,3.149083,0.258375,0.02125,0.691791,4.635083,23.0,4164.0,0.22024999999999997,2000.0,1400.0,2.0,1.1331249999999997
0,4,on,349,359,1,4.760416,3.060584,0.232333,0.021042,1.300875,5.054833,23.0,4164.0,0.123958,2000.0,1400.0,2.0,1.6998320000000002
0,4,on,350,360,0,4.514333,3.388125,0.242042,0.02175,0.777334,4.817042,23.0,4164.0,0.282291,2000.0,1400.0,2.0,1.1262079999999997
0,4,on,351,361,1,4.0180407,3.0149171,0.278584,0.01775,0.628958,4.321042,23.0,4164.0,0.20149999999999998,2000.0,1400.0,2.0,1.0031236000000003
0,4,on,352,362,0,4.209667,2.921375,0.388542,0.020583,0.714208,4.527666,23.0,4164.0,0.195333,2000.0,1400.0,2.0,1.2882919999999998
0,4,on,353,363,1,3.9482498,2.946042,0.284208,0.019,0.547,4.251667,23.0,4164.0,0.12045800000000001,2000.0,1400.0,2.0,1.0022078000000003
0,4,on,354,364,0,4.2439594,3.249333,0.212792,0.0205,0.562833,4.5540004,23.0,4164.0,0.108916,2000.0,1400.0,2.0,0.9946263999999996
0,4,on,355,365,1,3.9117918,2.937416,0.247708,0.018917,0.54766697,4.217,23.0,4164.0,0.09929199999999999,2000.0,1400.0,2.0,0.9743758000000002
0,4,on,356,366,0,4.0591254,3.003166,0.22112499,0.02175,0.65620804,4.36475,23.0,4164.0,0.101875,2000.0,1400.0,2.0,1.0559594000000003
0,4,on,357,367,1,3.9985423,3.026542,0.240375,0.019208001,0.55608296,4.311291,23.0,4164.0,0.093459,2000.0,1400.0,2.0,0.9720002999999999
0,4,on,358,368,0,4.2345424,3.105542,0.237041,0.02125,0.719834,4.5270424,23.0,4164.0,0.093667,2000.0,1400.0,2.0,1.1290003999999998
0,4,on,359,369,1,4.313833,3.2666252,0.28800002,0.019291999,0.537,4.627875,23.0,4164.0,0.137083,2000.0,1400.0,2.0,1.0472077999999998
0,4,on,360,370,0,4.439,3.236167,0.25141698,0.019833,0.76925,4.736125,23.0,4164.0,0.110666,2000.0,1400.0,2.0,1.202833
0,5,off,121,130,0,6.403125,5.507459,0.300667,0.017209,0.50616604,6.695167,23.0,4164.0,0.1525,2000.0,1400.0,2.0,0.8956660000000003
0,5,off,122,131,0,6.692375,5.573041,0.295542,0.036000002,0.712792,6.974959,23.0,4164.0,0.092875,2000.0,1400.0,2.0,1.1193340000000003
0,5,off,123,132,0,6.557917,5.625458,0.233875,0.022374999,0.60275,6.84875,23.0,4164.0,0.117792,2000.0,1400.0,2.0,0.9324589999999997
0,5,off,124,133,0,6.585,5.6210413,0.288459,0.019875001,0.58558404,6.880542,23.0,4164.0,0.170375,2000.0,1400.0,2.0,0.9639587000000001
0,5,off,125,134,0,6.4569583,5.5594997,0.293667,0.020042,0.513042,6.746458,23.0,4164.0,0.097291,2000.0,1400.0,2.0,0.8974586000000002
0,5,off,126,135,0,6.544416,5.4830003,0.352584,0.018082999,0.623,6.8445,23.0,4164.0,0.080416,2000.0,1400.0,2.0,1.0614157000000004
0,5,off,127,136,0,6.515834,5.5735416,0.308458,0.019459,0.54195803,6.848916,23.0,4164.0,0.11725000000000001,2000.0,1400.0,2.0,0.9422923999999995
0,5,off,128,137,0,6.621,5.6168337,0.207208,0.01875,0.708,6.9055424,23.0,4164.0,0.106208,2000.0,1400.0,2.0,1.0041663000000005
0,5,off,129,138,0,6.5602503,5.611083,0.237167,0.019708999,0.610916,6.8554997,23.0,4164.0,0.193,2000.0,1400.0,2.0,0.9491673
0,5,off,130,139,0,6.644666,5.658625,0.301375,0.020667,0.59487504,6.927916,23.0,4164.0,0.188166,2000.0,1400.0,2.0,0.9860410000000002
0,5,off,131,140,0,6.4552503,5.5567913,0.291458,0.019375,0.51816696,6.7315416,23.0,4164.0,0.10183299999999999,2000.0,1400.0,2.0,0.8984589999999999
0,5,off,132,141,0,6.5375423,5.472708,0.296917,0.018917,0.678208,6.871791,23.0,4164.0,0.080209,2000.0,1400.0,2.0,1.0648343000000002
0,5,off,133,142,0,6.726542,5.525291,0.363917,0.019666001,0.663292,7.023625,23.0,4164.0,0.13054200000000002,2000.0,1400.0,2.0,1.201251
0,5,off,134,143,0,6.571166,5.535666,0.353625,0.020583,0.592083,6.844791,23.0,4164.0,0.24333300000000002,2000.0,1400.0,2.0,1.0354999999999999
0,5,off,135,144,0,6.6565,5.527292,0.301042,0.018917,0.729083,6.958417,23.0,4164.0,0.08254199999999999,2000.0,1400.0,2.0,1.1292080000000002
0,5,off,136,145,0,6.556583,5.605333,0.285167,0.019792,0.574167,6.8461246,23.0,4164.0,0.26045799999999997,2000.0,1400.0,2.0,0.9512499999999999
0,5,off,137,146,0,6.518667,5.65525,0.206083,0.020292,0.569083,6.7902503,23.0,4164.0,0.092667,2000.0,1400.0,2.0,0.8634170000000001
0,5,off,138,147,0,6.6954594,5.701542,0.259542,0.020916,0.64350003,6.9764166,23.0,4164.0,0.1655,2000.0,1400.0,2.0,0.9939174
0,5,off,139,148,0,6.583375,5.643209,0.250208,0.020166,0.601959,6.859083,23.0,4164.0,0.116709,2000.0,1400.0,2.0,0.9401660000000005
0,5,off,140,149,0,6.554917,5.5216656,0.26979202,0.019542,0.66029197,6.900833,23.0,4164.0,0.161708,2000.0,1400.0,2.0,1.0332513999999993
0,5,off,141,150,0,6.542334,5.531875,0.313833,0.021458,0.603209,6.834959,23.0,4164.0,0.107958,2000.0,1400.0,2.0,1.010459
0,5,off,142,151,0,6.621875,5.530375,0.280417,0.019334,0.712416,6.907791,23.0,4164.0,0.11349999999999999,2000.0,1400.0,2.0,1.0915
0,5,off,143,152,0,6.47825,5.562208,0.2935,0.020959,0.52374995,6.765834,23.0,4164.0,0.108041,2000.0,1400.0,2.0,0.916042
0,5,off,144,153,0,6.634792,5.66,0.208042,0.02,0.67925,6.9090004,23.0,4164.0,0.09562499999999999,2000.0,1400.0,2.0,0.9747919999999999
0,5,off,145,154,0,6.608,5.523125,0.39325,0.018291999,0.601833,6.8885417,23.0,4164.0,0.180083,2000.0,1400.0,2.0,1.0848749999999994
0,5,off,146,155,0,6.520792,5.628875,0.236709,0.016625,0.569125,6.798,23.0,4164.0,0.155917,2000.0,1400.0,2.0,0.8919170000000003
0,5,off,147,156,0,6.448875,5.527833,0.301166,0.021875,0.525833,6.753584,23.0,4164.0,0.14404199999999998,2000.0,1400.0,2.0,0.9210419999999999
0,5,off,148,157,0,6.574667,5.5116663,0.290833,0.018250002,0.680875,6.91625,23.0,4164.0,0.101209,2000.0,1400.0,2.0,1.0630007
0,5,off,149,158,0,6.587334,5.5592914,0.27004197,0.020416,0.666708,6.8902917,23.0,4164.0,0.18116700000000002,2000.0,1400.0,2.0,1.0280426
0,5,off,150,159,0,6.543875,5.538167,0.304958,0.019833,0.613334,6.829792,23.0,4164.0,0.106708,2000.0,1400.0,2.0,1.0057080000000003
0,5,off,151,160,0,6.541125,5.587584,0.274416,0.017625,0.593208,6.822,23.0,4164.0,0.111958,2000.0,1400.0,2.0,0.9535410000000004
0,5,off,152,161,0,6.6495423,5.6263328,0.29087502,0.020166,0.63991696,6.9300423,23.0,4164.0,0.158458,2000.0,1400.0,2.0,1.0232095
0,5,off,153,162,0,6.51125,5.578166,0.268083,0.016958,0.578166,6.805708,23.0,4164.0,0.12466699999999999,2000.0,1400.0,2.0,0.933084
0,5,off,154,163,0,6.641584,5.586958,0.302375,0.019667001,0.643583,6.93725,23.0,4164.0,0.109458,2000.0,1400.0,2.0,1.0546259999999998
0,5,off,155,164,0,6.566125,5.570834,0.276958,0.019708,0.630583,6.8494577,23.0,4164.0,0.115792,2000.0,1400.0,2.0,0.9952910000000008
0,5,off,156,165,0,6.765584,5.7068753,0.259,0.020791,0.70774996,7.044875,23.0,4164.0,0.126208,2000.0,1400.0,2.0,1.0587086999999995
0,5,off,157,166,0,6.55725,5.6305003,0.320333,0.018625,0.511083,6.85,23.0,4164.0,0.179166,2000.0,1400.0,2.0,0.9267497000000002
0,5,off,158,167,0,6.608916,5.524166,0.365042,0.019625,0.63108295,6.882083,23.0,4164.0,0.08975,2000.0,1400.0,2.0,1.0847499999999997
0,5,off,159,168,0,14.787665,13.844501,0.315167,0.019042,0.537,15.078458,23.0,4164.0,0.1205,2000.0,1400.0,2.0,0.9431640000000012
0,5,off,160,169,0,6.626166,5.5856247,0.2985,0.019625,0.651416,6.910625,23.0,4164.0,0.10041599999999999,2000.0,1400.0,2.0,1.0405412999999992
0,5,off,161,170,0,6.536959,5.6695414,0.21241699,0.030958999,0.54275,6.8314586,23.0,4164.0,0.125333,2000.0,1400.0,2.0,0.8674176000000005
0,5,off,162,171,0,6.769833,5.787834,0.212375,0.020333,0.677375,7.060917,23.0,4164.0,0.156542,2000.0,1400.0,2.0,0.9819990000000001
0,5,off,163,172,0,6.531041,5.592417,0.289791,0.021042,0.560875,6.798084,23.0,4164.0,0.181375,2000.0,1400.0,2.0,0.9386239999999999
0,5,off,164,173,0,6.657208,5.393542,0.463417,0.019625,0.69154197,6.943541,23.0,4164.0,0.093125,2000.0,1400.0,2.0,1.2636659999999997
0,5,off,165,174,0,6.58,5.658167,0.222,0.019749999,0.612292,6.870375,23.0,4164.0,0.16625,2000.0,1400.0,2.0,0.9218330000000003
0,5,off,166,175,0,6.576541,5.573875,0.285791,0.019166,0.63124996,6.852417,23.0,4164.0,0.177292,2000.0,1400.0,2.0,1.0026659999999996
0,5,off,167,176,0,6.522833,5.5695,0.297292,0.020542,0.56775004,6.801625,23.0,4164.0,0.113292,2000.0,1400.0,2.0,0.9533330000000007
0,5,off,168,177,0,6.571167,5.5627923,0.267792,0.020959,0.645875,6.854208,23.0,4164.0,0.10166599999999999,2000.0,1400.0,2.0,1.0083747
0,5,off,169,178,0,6.723041,5.741,0.23191701,0.021,0.658292,7.002833,23.0,4164.0,0.1145,2000.0,1400.0,2.0,0.9820410000000006
0,5,off,170,179,0,6.5392923,5.579041,0.27412498,0.019,0.601833,6.8087916,23.0,4164.0,0.25025,2000.0,1400.0,2.0,0.9602512999999995
0,5,off,171,180,0,6.531333,5.44275,0.444208,0.021667,0.5355,6.853083,23.0,4164.0,0.110167,2000.0,1400.0,2.0,1.0885829999999999
0,5,off,172,181,0,6.62225,5.633875,0.277459,0.020458,0.619792,6.9120827,23.0,4164.0,0.111292,2000.0,1400.0,2.0,0.9883750000000004
0,5,off,173,182,0,6.752958,5.6105,0.235458,0.017791001,0.79795897,7.045875,23.0,4164.0,0.16129100000000002,2000.0,1400.0,2.0,1.1424579999999995
0,5,off,174,183,0,6.586459,5.532583,0.306041,0.019916,0.64995795,6.893375,23.0,4164.0,0.30525,2000.0,1400.0,2.0,1.0538759999999998
0,5,off,175,184,0,6.5295,5.597958,0.277667,0.020542,0.56325,6.812833,23.0,4164.0,0.115167,2000.0,1400.0,2.0,0.9315419999999994
0,5,off,176,185,0,6.493541,5.1912923,0.650083,0.018541,0.564125,6.7809577,23.0,4164.0,0.12237500000000001,2000.0,1400.0,2.0,1.3022486999999998
0,5,off,177,186,0,6.480042,5.57425,0.283334,0.021292001,0.531875,6.766667,23.0,4164.0,0.107542,2000.0,1400.0,2.0,0.9057919999999999
0,5,off,178,187,0,6.521875,5.433834,0.374542,0.020166999,0.621333,6.8377924,23.0,4164.0,0.102625,2000.0,1400.0,2.0,1.0880409999999996
0,5,off,179,188,0,6.548291,5.6399593,0.208584,0.020709,0.609917,6.8306246,23.0,4164.0,0.12224999999999998,2000.0,1400.0,2.0,0.9083316999999997
0,5,off,180,189,0,7.208458,5.7365417,0.209417,0.020458,1.171083,7.493833,23.0,4164.0,0.175833,2000.0,1400.0,2.0,1.4719163000000002
0,5,off,181,190,0,6.617083,5.68425,0.224292,0.018792,0.618542,6.9017916,23.0,4164.0,0.171,2000.0,1400.0,2.0,0.9328330000000005
0,5,off,182,191,0,6.525458,5.525292,0.30345902,0.022166999,0.598167,6.825208,23.0,4164.0,0.186,2000.0,1400.0,2.0,1.000166
0,5,off,183,192,0,6.476292,5.543625,0.320083,0.018082999,0.527291,6.7529163,23.0,4164.0,0.087,2000.0,1400.0,2.0,0.9326670000000004
0,5,off,184,193,0,6.532042,5.495375,0.29233402,0.020625,0.65070796,6.8292503,23.0,4164.0,0.104917,2000.0,1400.0,2.0,1.0366669999999996
0,5,off,185,194,0,6.5795,5.6327085,0.231958,0.019167,0.623541,6.944333,23.0,4164.0,0.101125,2000.0,1400.0,2.0,0.9467915000000007
0,5,off,186,195,0,6.642375,5.5375,0.29212502,0.021417,0.719666,6.9231253,23.0,4164.0,0.181542,2000.0,1400.0,2.0,1.1048750000000007
0,5,off,187,196,0,6.800917,5.5434594,0.280916,0.02075,0.884333,7.0806246,23.0,4164.0,0.187125,2000.0,1400.0,2.0,1.2574576000000004
0,5,off,188,197,0,6.5518336,5.570958,0.276625,0.019208001,0.60725003,6.830375,23.0,4164.0,0.187792,2000.0,1400.0,2.0,0.9808756000000001
0,5,off,189,198,0,6.575875,5.673542,0.220667,0.019917,0.592375,6.86125,23.0,4164.0,0.101125,2000.0,1400.0,2.0,0.9023329999999996
0,5,off,190,199,0,6.6537924,5.5056252,0.302084,0.019459,0.740916,6.971,23.0,4164.0,0.184708,2000.0,1400.0,2.0,1.1481672000000005
0,5,off,191,200,0,6.660417,5.6703753,0.20912501,0.019167,0.69054097,6.94675,23.0,4164.0,0.125375,2000.0,1400.0,2.0,0.9900416999999999
0,5,off,192,201,0,6.5731664,5.5272083,0.369041,0.018083999,0.589291,6.8561673,23.0,4164.0,0.240583,2000.0,1400.0,2.0,1.0459581
0,5,off,193,202,0,6.5365,5.671792,0.199958,0.018584,0.57625,6.82175,23.0,4164.0,0.09320800000000001,2000.0,1400.0,2.0,0.8647080000000003
0,5,off,194,203,0,6.879459,5.75625,0.221708,0.039667,0.788917,7.1586666,23.0,4164.0,0.1795,2000.0,1400.0,2.0,1.1232090000000001
0,5,off,195,204,0,6.543042,5.5945415,0.311417,0.020041,0.54920805,6.805916,23.0,4164.0,0.24449999999999997,2000.0,1400.0,2.0,0.9485004999999997
0,5,off,196,205,0,6.493875,5.541625,0.271042,0.020875001,0.58716697,6.785375,23.0,4164.0,0.1125,2000.0,1400.0,2.0,0.9522500000000003
0,5,off,197,206,0,6.55,5.614916,0.220167,0.021667,0.62125003,6.837916,23.0,4164.0,0.099917,2000.0,1400.0,2.0,0.9350839999999998
0,5,off,198,207,0,6.652291,5.6385,0.28654101,0.021416001,0.633708,6.926792,23.0,4164.0,0.174792,2000.0,1400.0,2.0,1.0137910000000003
0,5,off,199,208,0,6.634583,5.605542,0.304625,0.02125,0.631958,6.910292,23.0,4164.0,0.121167,2000.0,1400.0,2.0,1.0290410000000003
0,5,off,200,209,0,6.65625,5.624916,0.226209,0.019792,0.714583,6.934834,23.0,4164.0,0.184875,2000.0,1400.0,2.0,1.0313340000000002
0,5,off,201,210,0,6.546916,5.649166,0.279333,0.019917,0.527667,6.8301253,23.0,4164.0,0.189083,2000.0,1400.0,2.0,0.8977500000000003
0,5,off,202,211,0,6.608459,5.591042,0.284666,0.023750002,0.635041,6.902,23.0,4164.0,0.11029199999999999,2000.0,1400.0,2.0,1.017417
0,5,off,203,212,0,6.425208,5.454375,0.357541,0.019958,0.52095896,6.766208,23.0,4164.0,0.11220799999999999,2000.0,1400.0,2.0,0.9708329999999998
0,5,off,204,213,0,6.6053333,5.57575,0.28966698,0.020459,0.647125,6.8863335,23.0,4164.0,0.097667,2000.0,1400.0,2.0,1.0295832999999996
0,5,off,205,214,0,6.689833,5.745167,0.235041,0.017958,0.619208,6.975,23.0,4164.0,0.131583,2000.0,1400.0,2.0,0.9446659999999998
0,5,off,206,215,0,6.654125,5.5560417,0.317542,0.018375,0.68929195,6.939292,23.0,4164.0,0.189084,2000.0,1400.0,2.0,1.0980832999999999
0,5,off,207,216,0,6.6835,5.716916,0.204083,0.018834,0.671833,6.964292,23.0,4164.0,0.174208,2000.0,1400.0,2.0,0.9665840000000001
0,5,off,208,217,0,6.7460413,5.8135,0.26608402,0.018708,0.577417,7.0265827,23.0,4164.0,0.226166,2000.0,1400.0,2.0,0.9325412999999996
0,5,off,209,218,0,6.6749167,5.747458,0.276125,0.020166,0.560375,6.965708,23.0,4164.0,0.087708,2000.0,1400.0,2.0,0.9274586999999999
0,5,off,210,219,0,6.5792084,5.174583,0.589916,0.020875001,0.64129204,6.8764586,23.0,4164.0,0.11620799999999999,2000.0,1400.0,2.0,1.4046253999999996
0,5,off,211,220,0,6.4885,5.583959,0.266625,0.019917,0.546459,6.782209,23.0,4164.0,0.10404200000000001,2000.0,1400.0,2.0,0.904541
0,5,off,212,221,0,6.64675,5.6373754,0.29970798,0.019082999,0.62175,6.976583,23.0,4164.0,0.10675000000000001,2000.0,1400.0,2.0,1.0093746000000001
0,5,off,213,222,0,6.690208,5.699459,0.271542,0.022916,0.62329197,6.976708,23.0,4164.0,0.104083,2000.0,1400.0,2.0,0.9907490000000001
0,5,off,214,223,0,6.633958,5.632166,0.213625,0.020334,0.696333,6.9347916,23.0,4164.0,0.173292,2000.0,1400.0,2.0,1.001792
0,5,off,215,224,0,6.556958,5.646542,0.228084,0.017958,0.595375,6.830417,23.0,4164.0,0.177584,2000.0,1400.0,2.0,0.9104159999999997
0,5,off,216,225,0,6.6010833,5.575,0.234875,0.018125,0.700208,7.001083,23.0,4164.0,0.17325000000000002,2000.0,1400.0,2.0,1.0260832999999998
0,5,off,217,226,0,6.2418337,5.265375,0.229416,0.018667001,0.65012497,6.878459,23.0,4164.0,0.19249999999999998,2000.0,1400.0,2.0,0.9764587000000002
0,5,off,218,227,0,6.5140414,5.4830837,0.309958,0.019666001,0.629,6.8096247,23.0,4164.0,0.238125,2000.0,1400.0,2.0,1.0309577
0,5,off,219,228,0,6.93675,5.484958,0.293166,0.018082999,1.0630419,7.266584,23.0,4164.0,0.110334,2000.0,1400.0,2.0,1.4517920000000002
0,5,off,220,229,0,6.733917,5.627417,0.25125,0.0185,0.697209,7.05525,23.0,4164.0,0.231125,2000.0,1400.0,2.0,1.1064999999999996
0,5,off,221,230,0,6.490583,5.6132503,0.221,0.022208,0.56216705,6.804542,23.0,4164.0,0.184458,2000.0,1400.0,2.0,0.8773327000000002
0,5,off,222,231,0,6.704584,5.5898747,0.23691699,0.0215,0.77704203,7.0588326,23.0,4164.0,0.15537499999999999,2000.0,1400.0,2.0,1.1147092999999995
0,5,off,223,232,0,6.703625,5.636875,0.275208,0.021375,0.699167,6.986625,23.0,4164.0,0.265084,2000.0,1400.0,2.0,1.0667499999999999
0,5,off,224,233,0,6.347042,5.367333,0.31937498,0.019917,0.541709,6.754333,23.0,4164.0,0.24366700000000002,2000.0,1400.0,2.0,0.9797089999999997
0,5,off,225,234,0,6.422708,5.581,0.29645798,0.01675,0.457708,6.722833,23.0,4164.0,0.109333,2000.0,1400.0,2.0,0.8417079999999997
0,5,off,226,235,0,6.724916,5.507833,0.304708,0.021166999,0.81887496,7.01575,23.0,4164.0,0.08095899999999999,2000.0,1400.0,2.0,1.2170830000000006
0,5,off,227,236,0,6.643042,5.694667,0.22570801,0.0175,0.633667,6.946125,23.0,4164.0,0.108917,2000.0,1400.0,2.0,0.9483750000000004
0,5,off,228,237,0,6.495916,5.5612497,0.236958,0.017041,0.604584,6.966125,23.0,4164.0,0.188,2000.0,1400.0,2.0,0.9346663
0,5,off,229,238,0,6.360917,5.479,0.28937498,0.018875,0.50025004,6.701834,23.0,4164.0,0.135833,2000.0,1400.0,2.0,0.8819169999999996
0,5,off,230,239,0,6.6012907,5.546666,0.239416,0.018250002,0.7195,6.89825,23.0,4164.0,0.092583,2000.0,1400.0,2.0,1.0546246999999997
0,5,off,231,240,0,6.60075,5.6254997,0.2155,0.02025,0.668875,6.8892922,23.0,4164.0,0.225,2000.0,1400.0,2.0,0.9752502999999999
0,5,off,232,241,0,6.68825,5.65825,0.225041,0.022917,0.712084,6.963416,23.0,4164.0,0.238791,2000.0,1400.0,2.0,1.0300000000000002
0,5,off,233,242,0,6.720916,5.712208,0.29,0.020625,0.624916,7.009083,23.0,4164.0,0.178459,2000.0,1400.0,2.0,1.0087079999999995
0,5,off,234,243,0,6.754167,5.748834,0.23441601,0.021709,0.677583,7.041625,23.0,4164.0,0.167375,2000.0,1400.0,2.0,1.0053329999999994
0,5,off,235,244,0,6.576916,5.6262913,0.243083,0.019917,0.616458,6.863167,23.0,4164.0,0.163,2000.0,1400.0,2.0,0.9506246999999997
0,5,off,236,245,0,6.5955,5.580125,0.26183298,0.018833,0.664666,6.881334,23.0,4164.0,0.186209,2000.0,1400.0,2.0,1.0153750000000006
0,5,off,237,246,0,6.5742497,5.6151667,0.209875,0.017458,0.663292,6.851333,23.0,4164.0,0.105834,2000.0,1400.0,2.0,0.9590830000000006
0,5,off,238,247,0,6.551542,5.531584,0.306917,0.017834,0.626042,6.831209,23.0,4164.0,0.224709,2000.0,1400.0,2.0,1.0199580000000008
0,5,off,239,248,0,6.642541,5.726959,0.226625,0.018875,0.598333,6.932459,23.0,4164.0,0.111709,2000.0,1400.0,2.0,0.9155819999999997
0,5,off,240,249,0,14.946751,13.8776245,0.344334,0.02,0.59808403,15.254791,23.0,4164.0,0.176375,2000.0,1400.0,2.0,1.0691265000000012
0,5,off,241,250,0,6.507291,5.42975,0.40566602,0.021083001,0.5775,6.814916,23.0,4164.0,0.1075,2000.0,1400.0,2.0,1.077541
0,5,off,242,251,0,6.784084,5.685208,0.24229199,0.019291999,0.7595,7.072125,23.0,4164.0,0.128833,2000.0,1400.0,2.0,1.0988759999999997
0,5,off,243,252,0,6.55475,5.62925,0.213916,0.019042,0.620334,6.849708,23.0,4164.0,0.181375,2000.0,1400.0,2.0,0.9255000000000004
0,5,off,244,253,0,6.532208,5.501583,0.328375,0.018209001,0.612083,6.815542,23.0,4164.0,0.216834,2000.0,1400.0,2.0,1.0306249999999997
0,5,off,245,254,0,6.472,5.4105,0.41720802,0.020042,0.552125,6.742834,23.0,4164.0,0.144333,2000.0,1400.0,2.0,1.0615000000000006
0,5,off,246,255,0,6.664958,5.5280004,0.352417,0.020875001,0.672833,6.953959,23.0,4164.0,0.139458,2000.0,1400.0,2.0,1.1369576000000006
0,5,off,247,256,0,6.491083,5.5259576,0.342417,0.020375,0.531375,6.780375,23.0,4164.0,0.129042,2000.0,1400.0,2.0,0.9651253999999998
0,5,off,248,257,0,6.569292,5.217667,0.590583,0.018458,0.67329097,6.8527923,23.0,4164.0,0.094042,2000.0,1400.0,2.0,1.3516250000000003
0,5,off,249,258,0,6.517834,5.518917,0.30449998,0.018792,0.60475,6.816625,23.0,4164.0,0.167625,2000.0,1400.0,2.0,0.9989169999999996
0,5,off,250,259,0,6.4715,5.460792,0.365542,0.017625,0.559,6.75275,23.0,4164.0,0.177125,2000.0,1400.0,2.0,1.0107080000000002
0,5,off,251,260,0,6.5365,5.656167,0.27616602,0.019542,0.517292,6.8113747,23.0,4164.0,0.079125,2000.0,1400.0,2.0,0.8803330000000003
0,5,off,252,261,0,6.577583,5.441708,0.39000002,0.01875,0.65662503,6.86575,23.0,4164.0,0.111583,2000.0,1400.0,2.0,1.1358749999999995
0,5,off,253,262,0,6.523584,5.566,0.27745798,0.017959,0.58837503,6.84275,23.0,4164.0,0.12575,2000.0,1400.0,2.0,0.9575839999999998
0,5,off,254,263,0,6.629166,5.61825,0.286291,0.019082999,0.633875,6.956,23.0,4164.0,0.167958,2000.0,1400.0,2.0,1.010916
0,5,off,255,264,0,6.182291,4.902709,0.45575002,0.020166999,0.6455,6.850459,23.0,4164.0,0.120375,2000.0,1400.0,2.0,1.2795820000000004
0,5,off,256,265,0,6.5188336,5.515167,0.305792,0.020583,0.606834,6.806375,23.0,4164.0,0.216958,2000.0,1400.0,2.0,1.0036665999999999
0,5,off,257,266,0,6.655375,5.4975,0.31175,0.018542,0.7245,6.940625,23.0,4164.0,0.109917,2000.0,1400.0,2.0,1.1578750000000007
0,5,off,258,267,0,6.6195,5.591583,0.256458,0.019,0.68175,6.9040837,23.0,4164.0,0.285709,2000.0,1400.0,2.0,1.0279170000000004
0,5,off,259,268,0,6.451625,5.453042,0.382958,0.018541,0.525625,6.7358747,23.0,4164.0,0.169541,2000.0,1400.0,2.0,0.998583
0,5,off,260,269,0,6.708083,5.651416,0.305042,0.020667,0.659875,6.989916,23.0,4164.0,0.107458,2000.0,1400.0,2.0,1.056667
0,5,off,261,270,0,6.436125,5.461958,0.369625,0.0185,0.515042,6.7212496,23.0,4164.0,0.142542,2000.0,1400.0,2.0,0.9741669999999996
0,5,off,262,271,0,6.475792,5.4562078,0.305333,0.01925,0.62399995,6.804375,23.0,4164.0,0.088209,2000.0,1400.0,2.0,1.0195842000000006
0,5,off,263,272,0,6.5297923,5.549334,0.301416,0.018041,0.586125,6.814834,23.0,4164.0,0.113875,2000.0,1400.0,2.0,0.9804583000000004
0,5,off,264,273,0,6.9009166,5.468167,0.392708,0.020957999,0.946666,7.1899996,23.0,4164.0,0.1515,2000.0,1400.0,2.0,1.4327496000000002
0,5,off,265,274,0,6.600459,5.652083,0.250584,0.020625,0.606167,6.8857503,23.0,4164.0,0.108542,2000.0,1400.0,2.0,0.9483759999999997
0,5,off,266,275,0,6.67375,5.6476674,0.293333,0.019167,0.646375,6.943708,23.0,4164.0,0.177125,2000.0,1400.0,2.0,1.0260826000000005
0,5,off,267,276,0,6.721667,5.6595,0.336667,0.019667001,0.633458,6.996708,23.0,4164.0,0.12258399999999998,2000.0,1400.0,2.0,1.0621669999999996
0,5,off,268,277,0,6.559333,5.476583,0.36745802,0.019375,0.627541,6.854833,23.0,4164.0,0.18704099999999999,2000.0,1400.0,2.0,1.0827499999999999
0,5,off,269,278,0,6.629834,5.5882497,0.27608302,0.018625,0.671,6.948209,23.0,4164.0,0.111958,2000.0,1400.0,2.0,1.0415842999999994
0,5,off,270,279,0,6.579792,5.4843326,0.372834,0.020417,0.632875,6.858375,23.0,4164.0,0.23049999999999998,2000.0,1400.0,2.0,1.0954594000000002
0,5,off,271,280,0,7.384709,5.5889163,0.365042,0.018834,1.340584,7.678042,23.0,4164.0,0.111708,2000.0,1400.0,2.0,1.7957926999999998
0,5,off,272,281,0,7.045292,5.773583,0.217875,0.0225,0.952208,7.334125,23.0,4164.0,0.193584,2000.0,1400.0,2.0,1.2717089999999995
0,5,off,273,282,0,6.585167,5.5933747,0.272333,0.018125,0.631458,6.8788753,23.0,4164.0,0.37775,2000.0,1400.0,2.0,0.9917923000000002
0,5,off,274,283,0,6.658542,5.572375,0.27925,0.020166999,0.717416,6.9543753,23.0,4164.0,0.19525,2000.0,1400.0,2.0,1.0861669999999997
0,5,off,275,284,0,6.694125,5.722167,0.217791,0.01725,0.666209,6.9779162,23.0,4164.0,0.198792,2000.0,1400.0,2.0,0.9719579999999999
0,5,off,276,285,0,6.448833,5.420625,0.371291,0.019166,0.570292,6.729042,23.0,4164.0,0.24774999999999997,2000.0,1400.0,2.0,1.0282079999999993
0,5,off,277,286,0,6.471375,5.507875,0.31974998,0.018958,0.550833,6.821167,23.0,4164.0,0.089416,2000.0,1400.0,2.0,0.9634999999999998
0,5,off,278,287,0,6.813292,5.7879586,0.264125,0.019,0.67137504,7.086833,23.0,4164.0,0.143208,2000.0,1400.0,2.0,1.0253334
0,5,off,279,288,0,6.6029587,5.655625,0.23525,0.020166,0.623083,6.870584,23.0,4164.0,0.111708,2000.0,1400.0,2.0,0.9473337000000006
0,5,off,280,289,0,6.454916,5.459209,0.313208,0.019917,0.588416,6.79525,23.0,4164.0,0.179541,2000.0,1400.0,2.0,0.9957069999999995
0,5,off,281,290,0,6.448959,5.5282497,0.30829197,0.01875,0.522208,6.736625,23.0,4164.0,0.08416699999999999,2000.0,1400.0,2.0,0.9207093000000004
0,5,off,282,291,0,6.4390416,5.3555,0.37175,0.018208,0.62,6.734834,23.0,4164.0,0.100625,2000.0,1400.0,2.0,1.0835416000000002
0,5,off,283,292,0,6.449042,5.549667,0.292875,0.019791,0.518916,6.732292,23.0,4164.0,0.098292,2000.0,1400.0,2.0,0.899375
0,5,off,284,293,0,6.536834,5.456708,0.36941698,0.018792,0.613417,6.8297906,23.0,4164.0,0.10008299999999999,2000.0,1400.0,2.0,1.080126
0,5,off,285,294,0,6.506625,5.616458,0.310083,0.019208001,0.48870903,6.80975,23.0,4164.0,0.10074999999999999,2000.0,1400.0,2.0,0.8901669999999999
0,5,off,286,295,0,6.537917,5.5422087,0.283625,0.0205,0.624583,6.8125,23.0,4164.0,0.090084,2000.0,1400.0,2.0,0.9957083000000004
0,5,off,287,296,0,6.661708,5.761541,0.22079201,0.019499999,0.588417,6.9429173,23.0,4164.0,0.110333,2000.0,1400.0,2.0,0.9001669999999997
0,5,off,288,297,0,6.520667,5.510292,0.32525,0.018291,0.592292,6.805791,23.0,4164.0,0.17566700000000002,2000.0,1400.0,2.0,1.0103750000000007
0,5,off,289,298,0,6.468167,5.45075,0.403416,0.02,0.525375,6.7444167,23.0,4164.0,0.0965,2000.0,1400.0,2.0,1.017417
0,5,off,290,299,0,7.212,5.535291,0.336625,0.019375,1.24525,7.4893746,23.0,4164.0,0.105042,2000.0,1400.0,2.0,1.6767089999999998
0,5,off,291,300,0,6.767833,5.78325,0.207666,0.035749998,0.66470796,7.044625,23.0,4164.0,0.300292,2000.0,1400.0,2.0,0.9845830000000007
0,5,off,292,301,0,6.6765003,5.614375,0.245458,0.02175,0.71862495,6.9705,23.0,4164.0,0.198625,2000.0,1400.0,2.0,1.0621253
0,5,off,293,302,0,6.755334,5.706458,0.248333,0.02,0.710167,7.029667,23.0,4164.0,0.17741600000000002,2000.0,1400.0,2.0,1.0488760000000008
0,5,off,294,303,0,6.454834,5.3495,0.3965,0.019166,0.615791,6.843958,23.0,4164.0,0.25725,2000.0,1400.0,2.0,1.105334
0,5,off,295,304,0,6.351958,5.453042,0.313875,0.017917,0.49333298,6.668,23.0,4164.0,0.109583,2000.0,1400.0,2.0,0.8989159999999998
0,5,off,296,305,0,7.8727083,6.56775,0.400291,0.032916,0.801458,8.165167,23.0,4164.0,0.097917,2000.0,1400.0,2.0,1.3049583
0,5,off,297,306,0,6.7455,5.7888327,0.200958,0.019667001,0.656875,7.0270004,23.0,4164.0,0.091959,2000.0,1400.0,2.0,0.9566672999999994
0,5,off,298,307,0,6.654958,5.63625,0.209042,0.018125,0.72208405,6.944416,23.0,4164.0,0.217041,2000.0,1400.0,2.0,1.0187079999999993
0,5,off,299,308,0,6.6256247,5.695542,0.242625,0.019791,0.59370804,6.91425,23.0,4164.0,0.191375,2000.0,1400.0,2.0,0.9300827000000007
0,5,off,300,309,0,6.479042,5.459667,0.31325,0.02175,0.609334,6.828333,23.0,4164.0,0.168416,2000.0,1400.0,2.0,1.0193750000000001
0,5,off,301,310,0,6.4223747,5.4414163,0.300542,0.020957999,0.583209,6.77875,23.0,4164.0,0.105333,2000.0,1400.0,2.0,0.9809583999999996
0,5,off,302,311,0,6.595291,5.598958,0.23308301,0.018416,0.66766703,6.884542,23.0,4164.0,0.137083,2000.0,1400.0,2.0,0.9963329999999999
0,5,off,303,312,0,7.291834,5.708333,0.22516699,0.019499999,1.259875,7.56675,23.0,4164.0,0.174208,2000.0,1400.0,2.0,1.583501
0,5,off,304,313,0,6.650541,5.6524997,0.2905,0.019082999,0.61825,6.9265413,23.0,4164.0,0.443125,2000.0,1400.0,2.0,0.9980412999999997
0,5,off,305,314,0,6.549541,5.581417,0.305917,0.018625,0.54062504,6.8445,23.0,4164.0,0.10170799999999999,2000.0,1400.0,2.0,0.9681239999999995
0,5,off,306,315,0,6.5525002,5.4602504,0.365417,0.02075,0.63425,6.8493333,23.0,4164.0,0.097292,2000.0,1400.0,2.0,1.0922498000000003
0,5,off,307,316,0,6.4979157,5.577584,0.275417,0.019291999,0.555125,6.773458,23.0,4164.0,0.11075,2000.0,1400.0,2.0,0.9203317000000002
0,5,off,308,317,0,6.4961247,5.495042,0.297292,0.019792,0.612167,6.803875,23.0,4164.0,0.125333,2000.0,1400.0,2.0,1.0010827000000004
0,5,off,309,318,0,6.4526253,5.52425,0.296291,0.018417,0.543167,6.732959,23.0,4164.0,0.120375,2000.0,1400.0,2.0,0.9283752999999999
0,5,off,310,319,0,6.77875,5.412125,0.38308302,0.019875001,0.893542,7.069458,23.0,4164.0,0.113542,2000.0,1400.0,2.0,1.366625
0,5,off,311,320,0,6.672292,5.649666,0.24179201,0.017334,0.671333,6.9475,23.0,4164.0,0.103833,2000.0,1400.0,2.0,1.0226259999999998
0,5,off,312,321,0,6.5662503,5.598416,0.292834,0.018166,0.58516705,6.857375,23.0,4164.0,0.23791700000000002,2000.0,1400.0,2.0,0.9678342999999998
0,5,off,313,322,0,6.4772496,5.4717503,0.37825,0.018042,0.540709,6.760792,23.0,4164.0,0.106041,2000.0,1400.0,2.0,1.0054993000000003
0,5,off,314,323,0,6.709417,5.7364173,0.27483398,0.018875,0.60720897,6.996334,23.0,4164.0,0.10195900000000001,2000.0,1400.0,2.0,0.9729996999999999
0,5,off,315,324,0,6.4333754,5.4650407,0.339584,0.018583,0.53704196,6.729625,23.0,4164.0,0.104708,2000.0,1400.0,2.0,0.9683346999999998
0,5,off,316,325,0,6.555583,5.53275,0.304084,0.0185,0.62925,6.838792,23.0,4164.0,0.116,2000.0,1400.0,2.0,1.0228330000000003
0,5,off,317,326,0,6.667833,5.737875,0.238334,0.019166,0.598542,6.955583,23.0,4164.0,0.098875,2000.0,1400.0,2.0,0.9299580000000001
0,5,off,318,327,0,6.858542,5.721542,0.225208,0.020042,0.82199997,7.1317077,23.0,4164.0,0.18100000000000002,2000.0,1400.0,2.0,1.1369999999999996
0,5,off,319,328,0,6.759333,5.852917,0.20129201,0.019834,0.61670804,7.046375,23.0,4164.0,0.240125,2000.0,1400.0,2.0,0.9064160000000001
0,5,off,320,329,0,6.5410423,5.538291,0.285041,0.021208,0.62570804,6.855833,23.0,4164.0,0.186584,2000.0,1400.0,2.0,1.0027513
0,5,off,321,330,0,6.438958,5.5145,0.287,0.018250002,0.54666597,6.724792,23.0,4164.0,0.120333,2000.0,1400.0,2.0,0.9244580000000004
0,5,off,322,331,0,6.6359167,5.58675,0.30454198,0.018458,0.651542,6.9110413,23.0,4164.0,0.108792,2000.0,1400.0,2.0,1.0491666999999998
0,5,off,323,332,0,6.534416,5.5256248,0.381708,0.019,0.539125,6.818333,23.0,4164.0,0.166667,2000.0,1400.0,2.0,1.0087912
0,5,off,324,333,0,6.8794584,5.874042,0.283125,0.018250002,0.634667,7.172708,23.0,4164.0,0.10900000000000001,2000.0,1400.0,2.0,1.0054163999999997
0,5,off,325,334,0,6.605667,5.6999593,0.227,0.019834,0.587875,6.91925,23.0,4164.0,0.127667,2000.0,1400.0,2.0,0.9057077000000007
0,5,off,326,335,0,6.615458,5.436041,0.38325,0.020959,0.70262504,6.8970423,23.0,4164.0,0.16470800000000002,2000.0,1400.0,2.0,1.179417
0,5,off,327,336,0,6.479917,5.602208,0.286708,0.018583,0.500125,6.763917,23.0,4164.0,0.17525000000000002,2000.0,1400.0,2.0,0.8777090000000003
0,5,off,328,337,0,6.6130424,5.530958,0.29012498,0.019,0.703333,6.888167,23.0,4164.0,0.096625,2000.0,1400.0,2.0,1.0820844000000003
0,5,off,329,338,0,6.5625,5.620625,0.24,0.020042,0.614667,6.8433332,23.0,4164.0,0.17733300000000002,2000.0,1400.0,2.0,0.9418749999999996
0,5,off,330,339,0,6.722333,5.675875,0.291167,0.021041,0.640584,7.002459,23.0,4164.0,0.164208,2000.0,1400.0,2.0,1.0464580000000003
0,5,off,331,340,0,6.6988754,5.747667,0.236583,0.018459002,0.626083,6.990834,23.0,4164.0,0.112125,2000.0,1400.0,2.0,0.9512084000000005
0,5,off,332,341,0,6.621083,5.569292,0.317542,0.018917,0.643333,6.9115,23.0,4164.0,0.167083,2000.0,1400.0,2.0,1.0517909999999997
0,5,off,333,342,0,6.411375,5.4465423,0.273916,0.019,0.595709,6.803875,23.0,4164.0,0.100625,2000.0,1400.0,2.0,0.9648326999999997
0,5,off,334,343,0,6.586208,5.4972086,0.327959,0.019499999,0.66916704,6.874875,23.0,4164.0,0.17529199999999998,2000.0,1400.0,2.0,1.0889994000000005
0,5,off,335,344,0,6.4987497,5.6086674,0.235708,0.0185,0.566834,6.7965,23.0,4164.0,0.115625,2000.0,1400.0,2.0,0.8900823000000004
0,5,off,336,345,0,6.65825,5.671125,0.2925,0.019875001,0.603167,6.955916,23.0,4164.0,0.15125,2000.0,1400.0,2.0,0.9871249999999998
0,5,off,337,346,0,6.51225,5.568209,0.26275,0.018125,0.58925,6.801958,23.0,4164.0,0.17124999999999999,2000.0,1400.0,2.0,0.9440409999999995
0,5,off,338,347,0,6.531458,5.524833,0.242542,0.020375,0.671833,6.872625,23.0,4164.0,0.175458,2000.0,1400.0,2.0,1.0066249999999997
0,5,off,339,348,0,6.679375,5.709708,0.237291,0.017959,0.644167,6.966916,23.0,4164.0,0.18729200000000001,2000.0,1400.0,2.0,0.9696670000000003
0,5,off,340,349,0,6.262667,5.27525,0.326084,0.016458,0.57375,6.726167,23.0,4164.0,0.196625,2000.0,1400.0,2.0,0.9874170000000007
0,5,off,341,350,0,6.58125,5.58175,0.318875,0.020083,0.5875,6.866375,23.0,4164.0,0.096042,2000.0,1400.0,2.0,0.9994999999999994
0,5,off,342,351,0,6.966416,5.449667,0.318333,0.02175,1.101125,7.293125,23.0,4164.0,0.169792,2000.0,1400.0,2.0,1.516749
0,5,off,343,352,0,6.585334,5.6584997,0.224958,0.019749999,0.6105,6.872792,23.0,4164.0,0.144125,2000.0,1400.0,2.0,0.9268342999999994
0,5,off,344,353,0,6.4861674,5.4095,0.35808298,0.020417,0.62041605,6.83375,23.0,4164.0,0.170708,2000.0,1400.0,2.0,1.0766673999999998
0,5,off,345,354,0,6.52625,5.474791,0.319208,0.020916,0.641667,6.814042,23.0,4164.0,0.09775,2000.0,1400.0,2.0,1.0514590000000004
0,5,off,346,355,0,6.405125,5.452625,0.3375,0.018417,0.523334,6.7330422,23.0,4164.0,0.216833,2000.0,1400.0,2.0,0.9524999999999997
0,5,off,347,356,0,6.606125,5.6617503,0.251708,0.018583,0.600375,6.930708,23.0,4164.0,0.094458,2000.0,1400.0,2.0,0.9443747
0,5,off,348,357,0,6.575375,5.418708,0.382875,0.017709,0.680708,6.866791,23.0,4164.0,0.176209,2000.0,1400.0,2.0,1.1566670000000006
0,5,off,349,358,0,7.460083,5.647584,0.235167,0.01925,1.483917,7.7488337,23.0,4164.0,0.1655,2000.0,1400.0,2.0,1.8124989999999999
0,5,off,350,359,0,6.50075,5.545958,0.228458,0.019082999,0.637125,6.778708,23.0,4164.0,0.368084,2000.0,1400.0,2.0,0.9547920000000003
0,5,off,351,360,0,8.167,7.217792,0.24075,0.019708999,0.617417,8.4523325,23.0,4164.0,0.13774999999999998,2000.0,1400.0,2.0,0.9492079999999996
0,5,off,352,361,0,2.127291,1.070792,0.320541,0.031625,0.626875,2.5240412,23.0,4164.0,0.162708,2000.0,1400.0,2.0,1.056499
0,5,off,353,362,0,6.555792,5.619125,0.24079199,0.020916,0.604458,6.832083,23.0,4164.0,0.08449999999999999,2000.0,1400.0,2.0,0.9366669999999999
0,5,off,354,363,0,6.663208,5.642833,0.22304201,0.018917,0.70387495,6.958417,23.0,4164.0,0.17925,2000.0,1400.0,2.0,1.0203749999999996
0,5,off,355,364,0,6.556209,5.5575,0.277042,0.019958,0.628291,6.83725,23.0,4164.0,0.200458,2000.0,1400.0,2.0,0.9987089999999998
0,5,off,356,365,0,6.777542,5.85,0.264625,0.020792,0.568708,7.048667,23.0,4164.0,0.11220799999999999,2000.0,1400.0,2.0,0.9275420000000008
0,5,off,357,366,0,6.6959167,5.782584,0.285333,0.021375,0.537458,6.9781246,23.0,4164.0,0.094875,2000.0,1400.0,2.0,0.9133326999999998
0,5,off,358,367,0,6.674625,5.625083,0.27737498,0.041083,0.644875,6.9655,23.0,4164.0,0.097458,2000.0,1400.0,2.0,1.0495419999999998
0,5,off,359,368,0,6.5994167,5.605042,0.28004098,0.020084001,0.62141603,6.8884172,23.0,4164.0,0.11808400000000001,2000.0,1400.0,2.0,0.9943746999999998
0,5,off,360,369,0,6.7055,5.710042,0.27854198,0.020292,0.62474996,6.982375,23.0,4164.0,0.17495799999999997,2000.0,1400.0,2.0,0.9954580000000002
0,6,off,121,132,0,5.86625,4.0785,0.290834,0.0185,1.4039999,6.17375,23.0,4164.0,0.138209,2000.0,1400.0,2.0,1.78775
0,6,off,122,133,0,5.182125,4.145084,0.26224998,0.022083001,0.672167,5.5040836,23.0,4164.0,0.092166,2000.0,1400.0,2.0,1.0370410000000003
0,6,off,123,134,0,4.9430413,3.990292,0.306542,0.018125,0.552333,5.3075423,23.0,4164.0,0.24233300000000002,2000.0,1400.0,2.0,0.9527492999999998
0,6,off,124,135,0,4.943417,4.057542,0.262458,0.018542,0.50258297,5.2425,23.0,4164.0,0.105125,2000.0,1400.0,2.0,0.8858750000000004
0,6,off,125,136,0,5.2522917,4.20225,0.347125,0.018417,0.611333,5.573458,23.0,4164.0,0.09016700000000001,2000.0,1400.0,2.0,1.0500416999999995
0,6,off,126,137,0,4.994167,4.078917,0.29025,0.016417,0.513166,5.2836246,23.0,4164.0,0.11820800000000001,2000.0,1400.0,2.0,0.9152500000000003
0,6,off,127,138,0,5.221458,4.206,0.309333,0.019208001,0.60625005,5.5905843,23.0,4164.0,0.093458,2000.0,1400.0,2.0,1.0154579999999997
0,6,off,128,139,0,5.4370003,4.10525,0.442709,0.017125,0.793208,5.7768326,23.0,4164.0,0.109583,2000.0,1400.0,2.0,1.3317503000000004
0,6,off,129,140,0,4.996875,4.017334,0.286792,0.017874999,0.60004103,5.3542924,23.0,4164.0,0.1305,2000.0,1400.0,2.0,0.9795410000000002
0,6,off,130,141,0,4.9787917,3.9775,0.32912502,0.018250002,0.57387495,5.3034167,23.0,4164.0,0.112292,2000.0,1400.0,2.0,1.0012917000000003
0,6,off,131,142,0,5.1593747,4.0375,0.296791,0.017833,0.73308396,5.465833,23.0,4164.0,0.13487500000000002,2000.0,1400.0,2.0,1.1218747000000002
0,6,off,132,143,0,5.099209,4.0655837,0.26595798,0.020209,0.641916,5.390125,23.0,4164.0,0.224,2000.0,1400.0,2.0,1.0336252999999997
0,6,off,133,144,0,5.130166,4.137292,0.213375,0.017541,0.688375,5.4277496,23.0,4164.0,0.128959,2000.0,1400.0,2.0,0.9928739999999996
0,6,off,134,145,0,5.075583,4.156209,0.203416,0.0185,0.624292,5.384625,23.0,4164.0,0.19404200000000002,2000.0,1400.0,2.0,0.9193740000000004
0,6,off,135,146,0,5.10125,4.1428747,0.284125,0.018209001,0.584958,5.441042,23.0,4164.0,0.18312499999999998,2000.0,1400.0,2.0,0.9583753000000002
0,6,off,136,147,0,5.088334,4.08975,0.391167,0.018250002,0.516084,5.394666,23.0,4164.0,0.09475,2000.0,1400.0,2.0,0.9985839999999993
0,6,off,137,148,0,5.228166,4.151875,0.3635,0.017959,0.623917,5.534958,23.0,4164.0,0.08608299999999999,2000.0,1400.0,2.0,1.0762909999999994
0,6,off,138,149,0,4.915667,4.0206246,0.296916,0.018291,0.50833404,5.226542,23.0,4164.0,0.109625,2000.0,1400.0,2.0,0.8950424000000003
0,6,off,139,150,0,5.001375,4.002833,0.33833298,0.0185,0.573792,5.296792,23.0,4164.0,0.0795,2000.0,1400.0,2.0,0.9985420000000005
0,6,off,140,151,0,4.8988333,3.9775,0.3155,0.017583,0.51624995,5.213041,23.0,4164.0,0.09912499999999999,2000.0,1400.0,2.0,0.9213332999999997
0,6,off,141,152,0,5.1412907,4.051084,0.30925,0.017833,0.691375,5.413,23.0,4164.0,0.103292,2000.0,1400.0,2.0,1.0902066999999995
0,6,off,142,153,0,5.296042,4.403625,0.26162502,0.018417,0.535334,5.595458,23.0,4164.0,0.17529199999999998,2000.0,1400.0,2.0,0.892417
0,6,off,143,154,0,5.0845833,4.0625424,0.310667,0.017541999,0.624708,5.367167,23.0,4164.0,0.107333,2000.0,1400.0,2.0,1.0220409000000004
0,6,off,144,155,0,4.972417,4.0539594,0.30016702,0.017708,0.53041595,5.268125,23.0,4164.0,0.133875,2000.0,1400.0,2.0,0.9184576
0,6,off,145,156,0,5.3582916,4.138875,0.30195898,0.018250002,0.82791704,5.645708,23.0,4164.0,0.107792,2000.0,1400.0,2.0,1.2194166000000006
0,6,off,146,157,0,5.125708,4.193084,0.311917,0.015292,0.538166,5.413209,23.0,4164.0,0.10208300000000001,2000.0,1400.0,2.0,0.9326240000000006
0,6,off,147,158,0,4.989333,4.0437083,0.24908301,0.016917,0.608458,5.32625,23.0,4164.0,0.112167,2000.0,1400.0,2.0,0.9456247000000007
0,6,off,148,159,0,4.974125,4.0272913,0.34954202,0.016041,0.515125,5.2544174,23.0,4164.0,0.10124999999999999,2000.0,1400.0,2.0,0.9468337
0,6,off,149,160,0,5.084958,4.063459,0.28087503,0.016083,0.654167,5.3649583,23.0,4164.0,0.095917,2000.0,1400.0,2.0,1.0214990000000004
0,6,off,150,161,0,5.040209,4.132708,0.22604099,0.016958,0.590458,5.372125,23.0,4164.0,0.172834,2000.0,1400.0,2.0,0.9075009999999999
0,6,off,151,162,0,5.188209,4.1740003,0.305583,0.020292,0.616667,5.490292,23.0,4164.0,0.180375,2000.0,1400.0,2.0,1.0142086999999993
0,6,off,152,163,0,5.183625,4.1454577,0.210666,0.020625,0.73570895,5.4637084,23.0,4164.0,0.10074999999999999,2000.0,1400.0,2.0,1.0381673000000005
0,6,off,153,164,0,5.2827916,4.118,0.293958,0.019417001,0.78275,5.5585003,23.0,4164.0,0.191209,2000.0,1400.0,2.0,1.1647916
0,6,off,154,165,0,5.0838747,4.165,0.286209,0.016625,0.548125,5.354208,23.0,4164.0,0.15287499999999998,2000.0,1400.0,2.0,0.9188746999999999
0,6,off,155,166,0,5.279917,4.203291,0.247,0.01675,0.69733304,5.5855002,23.0,4164.0,0.129042,2000.0,1400.0,2.0,1.076626
0,6,off,156,167,0,4.9702077,4.057292,0.291292,0.016125,0.53575003,5.256542,23.0,4164.0,0.18604099999999998,2000.0,1400.0,2.0,0.9129156999999992
0,6,off,157,168,0,5.318667,4.358708,0.29233402,0.017375,0.58400005,5.59375,23.0,4164.0,0.109583,2000.0,1400.0,2.0,0.9599589999999996
0,6,off,158,169,0,5.093375,4.0412908,0.339,0.019417001,0.6235,5.3702083,23.0,4164.0,0.099834,2000.0,1400.0,2.0,1.0520842000000004
0,6,off,159,170,0,5.078875,4.0801253,0.29537502,0.018167,0.615292,5.3617907,23.0,4164.0,0.104959,2000.0,1400.0,2.0,0.9987497000000003
0,6,off,160,171,0,5.31375,4.27075,0.29879102,0.01725,0.656917,5.5897503,23.0,4164.0,0.11458299999999999,2000.0,1400.0,2.0,1.0430000000000001
0,6,off,161,172,0,5.101417,4.03975,0.328958,0.021166999,0.64087504,5.393917,23.0,4164.0,0.164916,2000.0,1400.0,2.0,1.061667
0,6,off,162,173,0,4.8950415,4.043458,0.298208,0.0185,0.460416,5.201292,23.0,4164.0,0.114666,2000.0,1400.0,2.0,0.8515834999999994
0,6,off,163,174,0,5.042667,3.995292,0.325208,0.019667001,0.630709,5.351917,23.0,4164.0,0.101,2000.0,1400.0,2.0,1.0473749999999997
0,6,off,164,175,0,5.099333,4.158834,0.281541,0.018000001,0.56175005,5.464291,23.0,4164.0,0.10645900000000001,2000.0,1400.0,2.0,0.940499
0,6,off,165,176,0,5.3149166,4.291833,0.315958,0.018875,0.60824996,5.616666,23.0,4164.0,0.097583,2000.0,1400.0,2.0,1.0230836000000005
0,6,off,166,177,0,5.0666246,4.0525,0.36629102,0.018583,0.558084,5.366709,23.0,4164.0,0.10625,2000.0,1400.0,2.0,1.0141245999999997
0,6,off,167,178,0,5.0725,3.9954581,0.311416,0.021291,0.655958,5.374,23.0,4164.0,0.110042,2000.0,1400.0,2.0,1.0770418999999998
0,6,off,168,179,0,5.083459,4.0969157,0.256667,0.014833,0.632083,5.391917,23.0,4164.0,0.1575,2000.0,1400.0,2.0,0.9865433000000001
0,6,off,169,180,0,5.010625,3.949666,0.291833,0.018958999,0.677375,5.4221253,23.0,4164.0,0.18662499999999999,2000.0,1400.0,2.0,1.060959
0,6,off,170,181,0,4.8924584,3.9827497,0.28562498,0.017458,0.52662504,5.2583747,23.0,4164.0,0.102667,2000.0,1400.0,2.0,0.9097086999999999
0,6,off,171,182,0,5.120208,4.1020827,0.220666,0.019082999,0.70454097,5.432584,23.0,4164.0,0.144625,2000.0,1400.0,2.0,1.0181252999999995
0,6,off,172,183,0,4.9360833,4.023666,0.28795803,0.018917,0.53125,5.284917,23.0,4164.0,0.175458,2000.0,1400.0,2.0,0.9124172999999995
0,6,off,173,184,0,5.170542,4.2139173,0.285,0.018459002,0.5745,5.4909167,23.0,4164.0,0.108292,2000.0,1400.0,2.0,0.9566246999999999
0,6,off,174,185,0,5.218375,4.296542,0.316666,0.0185,0.49745798,5.536667,23.0,4164.0,0.10291700000000001,2000.0,1400.0,2.0,0.9218330000000003
0,6,off,175,186,0,5.0430417,4.082542,0.284709,0.016833,0.58524996,5.35975,23.0,4164.0,0.083875,2000.0,1400.0,2.0,0.9604996999999997
0,6,off,176,187,0,4.830792,3.929875,0.35925,0.017292,0.44904098,5.159291,23.0,4164.0,0.08775000000000001,2000.0,1400.0,2.0,0.9009169999999997
0,6,off,177,188,0,5.001542,3.892917,0.417916,0.0185,0.59975004,5.2888327,23.0,4164.0,0.092958,2000.0,1400.0,2.0,1.1086249999999995
0,6,off,178,189,0,5.032167,4.023292,0.303083,0.017,0.609833,5.354209,23.0,4164.0,0.106417,2000.0,1400.0,2.0,1.0088750000000006
0,6,off,179,190,0,5.124334,4.144084,0.252625,0.019792,0.636875,5.425333,23.0,4164.0,0.171583,2000.0,1400.0,2.0,0.9802499999999998
0,6,off,180,191,0,5.058541,4.056917,0.30016598,0.01925,0.611833,5.388959,23.0,4164.0,0.16474999999999998,2000.0,1400.0,2.0,1.0016239999999996
0,6,off,181,192,0,5.377292,4.403666,0.274833,0.019042,0.606708,5.688542,23.0,4164.0,0.156166,2000.0,1400.0,2.0,0.9736259999999994
0,6,off,182,193,0,5.20575,4.282375,0.296959,0.019667001,0.53249997,5.5107923,23.0,4164.0,0.094334,2000.0,1400.0,2.0,0.9233750000000001
0,6,off,183,194,0,5.154459,4.11325,0.30787498,0.020375,0.63733304,5.4825,23.0,4164.0,0.099333,2000.0,1400.0,2.0,1.0412090000000003
0,6,off,184,195,0,4.913041,4.033958,0.31,0.018958,0.455834,5.214667,23.0,4164.0,0.10595900000000001,2000.0,1400.0,2.0,0.8790829999999996
0,6,off,185,196,0,5.194292,4.1817923,0.283666,0.019708,0.626459,5.505667,23.0,4164.0,0.09895799999999999,2000.0,1400.0,2.0,1.0124997000000002
0,6,off,186,197,0,5.038083,3.9904997,0.29095802,0.0175,0.661917,5.373541,23.0,4164.0,0.155,2000.0,1400.0,2.0,1.0475833000000003
0,6,off,187,198,0,5.055208,3.908834,0.44012502,0.019209,0.616208,5.365583,23.0,4164.0,0.123667,2000.0,1400.0,2.0,1.1463740000000002
0,6,off,188,199,0,5.128542,4.1514997,0.351416,0.019125,0.531292,5.427125,23.0,4164.0,0.100458,2000.0,1400.0,2.0,0.9770423000000008
0,6,off,189,200,0,5.0551248,4.007584,0.305375,0.018042,0.646709,5.402791,23.0,4164.0,0.10183299999999999,2000.0,1400.0,2.0,1.0475408000000002
0,6,off,190,201,0,5.15275,4.14,0.30833298,0.017708,0.611416,5.462792,23.0,4164.0,0.113375,2000.0,1400.0,2.0,1.0127500000000005
0,6,off,191,202,0,5.338958,4.242708,0.332875,0.019542,0.67016697,5.634333,23.0,4164.0,0.1565,2000.0,1400.0,2.0,1.0962499999999995
0,6,off,192,203,0,5.047708,4.044041,0.326834,0.017584,0.589417,5.339417,23.0,4164.0,0.116083,2000.0,1400.0,2.0,1.003667
0,6,off,193,204,0,5.122417,4.052375,0.33175,0.0185,0.64616704,5.427667,23.0,4164.0,0.15345899999999998,2000.0,1400.0,2.0,1.0700420000000008
0,6,off,194,205,0,5.055958,3.9643748,0.438708,0.016,0.559833,5.363292,23.0,4164.0,0.11474999999999999,2000.0,1400.0,2.0,1.0915832000000005
0,6,off,195,206,0,5.016583,4.035541,0.24704199,0.018833,0.64104104,5.3728747,23.0,4164.0,0.125917,2000.0,1400.0,2.0,0.9810419999999995
0,6,off,196,207,0,4.931625,3.9862502,0.337833,0.019958,0.51525,5.237708,23.0,4164.0,0.111833,2000.0,1400.0,2.0,0.9453748000000002
0,6,off,197,208,0,5.0457077,3.9983342,0.333,0.018250002,0.62420803,5.352208,23.0,4164.0,0.091333,2000.0,1400.0,2.0,1.0473735000000004
0,6,off,198,209,0,4.974709,3.9755418,0.304459,0.018958999,0.59941703,5.351667,23.0,4164.0,0.118583,2000.0,1400.0,2.0,0.9991672
0,6,off,199,210,0,5.630417,4.1723747,0.279875,0.017792,1.083334,5.9890423,23.0,4164.0,0.152,2000.0,1400.0,2.0,1.4580422999999998
0,6,off,200,211,0,5.162958,4.197584,0.297,0.01925,0.57816696,5.469167,23.0,4164.0,0.130625,2000.0,1400.0,2.0,0.9653739999999997
0,6,off,201,212,0,4.9880843,3.9387918,0.3565,0.019791,0.598917,5.3575,23.0,4164.0,0.156083,2000.0,1400.0,2.0,1.0492924999999995
0,6,off,202,213,0,4.8979163,3.9871252,0.32020798,0.017541999,0.49620903,5.2167907,23.0,4164.0,0.10195900000000001,2000.0,1400.0,2.0,0.9107911000000004
0,6,off,203,214,0,5.009375,4.0013747,0.28475,0.017833,0.622625,5.3238754,23.0,4164.0,0.094333,2000.0,1400.0,2.0,1.0080003
0,6,off,204,215,0,4.9665422,4.043542,0.322292,0.018458,0.511583,5.2735,23.0,4164.0,0.100667,2000.0,1400.0,2.0,0.9230001999999997
0,6,off,205,216,0,4.978167,3.942959,0.358167,0.019708,0.584583,5.291209,23.0,4164.0,0.105042,2000.0,1400.0,2.0,1.035208
0,6,off,206,217,0,5.1150837,3.9787502,0.336,0.0205,0.705041,5.478541,23.0,4164.0,0.078792,2000.0,1400.0,2.0,1.1363334999999997
0,6,off,207,218,0,13.484083,12.461916,0.213917,0.02025,0.713584,13.784208,23.0,4164.0,0.112125,2000.0,1400.0,2.0,1.0221669999999996
0,6,off,208,219,0,5.1794577,4.191584,0.31675,0.017874999,0.581792,5.522166,23.0,4164.0,0.173834,2000.0,1400.0,2.0,0.9878737000000006
0,6,off,209,220,0,5.221542,4.2471247,0.278333,0.019167,0.60425,5.5202503,23.0,4164.0,0.144875,2000.0,1400.0,2.0,0.9744173000000007
0,6,off,210,221,0,5.6045,4.592875,0.359,0.018709,0.525833,5.9154167,23.0,4164.0,0.099042,2000.0,1400.0,2.0,1.0116249999999996
0,6,off,211,222,0,5.080084,4.095333,0.255292,0.018459002,0.63600004,5.4365,23.0,4164.0,0.079583,2000.0,1400.0,2.0,0.9847510000000002
0,6,off,212,223,0,5.11875,4.231459,0.306667,0.018375,0.49145898,5.4185,23.0,4164.0,0.127625,2000.0,1400.0,2.0,0.8872910000000003
0,6,off,213,224,0,4.89425,3.880791,0.356833,0.017792,0.561625,5.292583,23.0,4164.0,0.077958,2000.0,1400.0,2.0,1.0134590000000006
0,6,off,214,225,0,4.9532924,3.9543343,0.32012498,0.017792,0.58979195,5.295458,23.0,4164.0,0.0785,2000.0,1400.0,2.0,0.9989580999999994
0,6,off,215,226,0,5.0974584,4.125875,0.22604099,0.018042,0.654583,5.403541,23.0,4164.0,0.121833,2000.0,1400.0,2.0,0.9715834000000001
0,6,off,216,227,0,5.115708,4.077708,0.294625,0.018917,0.611666,5.433333,23.0,4164.0,0.178667,2000.0,1400.0,2.0,1.0379999999999994
0,6,off,217,228,0,5.2423344,4.133958,0.396583,0.018250002,0.62029195,5.549667,23.0,4164.0,0.158208,2000.0,1400.0,2.0,1.1083764
0,6,off,218,229,0,5.165833,4.238875,0.28887498,0.018291999,0.548583,5.4777503,23.0,4164.0,0.114208,2000.0,1400.0,2.0,0.926958
0,6,off,219,230,0,5.04675,4.058917,0.331,0.017791001,0.568959,5.370625,23.0,4164.0,0.09979199999999999,2000.0,1400.0,2.0,0.9878330000000002
0,6,off,220,231,0,4.948458,4.038,0.269292,0.016583001,0.54875,5.2973747,23.0,4164.0,0.09916699999999999,2000.0,1400.0,2.0,0.9104579999999993
0,6,off,221,232,0,5.055584,3.9132497,0.412042,0.0185,0.637958,5.36825,23.0,4164.0,0.110791,2000.0,1400.0,2.0,1.1423342999999995
0,6,off,222,233,0,4.9657083,3.9336658,0.340833,0.018792,0.599458,5.3205,23.0,4164.0,0.11770800000000001,2000.0,1400.0,2.0,1.0320425000000002
0,6,off,223,234,0,6.03525,4.767,0.36479202,0.018667001,0.81125003,6.37575,23.0,4164.0,0.16883299999999998,2000.0,1400.0,2.0,1.2682499999999992
0,6,off,224,235,0,5.209833,4.0622497,0.433542,0.018625,0.62158304,5.499375,23.0,4164.0,0.093625,2000.0,1400.0,2.0,1.1475833
0,6,off,225,236,0,5.168458,4.153792,0.225334,0.019042,0.69758403,5.46925,23.0,4164.0,0.123125,2000.0,1400.0,2.0,1.014666
0,6,off,226,237,0,5.215458,4.2149167,0.380542,0.019,0.52787495,5.5074997,23.0,4164.0,0.190292,2000.0,1400.0,2.0,1.0005413
0,6,off,227,238,0,7.055167,5.898791,0.36574998,0.018082999,0.693125,7.375084,23.0,4164.0,0.115334,2000.0,1400.0,2.0,1.1563759999999998
0,6,off,228,239,0,5.251875,4.348375,0.21204199,0.019875001,0.593875,5.6025,23.0,4164.0,0.240458,2000.0,1400.0,2.0,0.9035000000000002
0,6,off,229,240,0,5.177792,4.064042,0.27712497,0.020292,0.74429196,5.492833,23.0,4164.0,0.16891599999999998,2000.0,1400.0,2.0,1.1137500000000005
0,6,off,230,241,0,4.937667,3.974125,0.329792,0.016833,0.543416,5.3006673,23.0,4164.0,0.17149999999999999,2000.0,1400.0,2.0,0.9635420000000003
0,6,off,231,242,0,5.028584,3.9591248,0.348959,0.019458001,0.586208,5.3245,23.0,4164.0,0.11425,2000.0,1400.0,2.0,1.0694592000000003
0,6,off,232,243,0,5.013667,3.9405422,0.35300002,0.016917,0.549292,5.310042,23.0,4164.0,0.109708,2000.0,1400.0,2.0,1.0731248
0,6,off,233,244,0,5.1201663,4.011917,0.294541,0.019333,0.719458,5.426292,23.0,4164.0,0.097916,2000.0,1400.0,2.0,1.1082492999999998
0,6,off,234,245,0,5.117458,4.011958,0.309792,0.017833,0.695459,5.420083,23.0,4164.0,0.18654199999999999,2000.0,1400.0,2.0,1.1055000000000001
0,6,off,235,246,0,5.271209,4.19175,0.343417,0.021375,0.640417,5.58225,23.0,4164.0,0.245833,2000.0,1400.0,2.0,1.079459
0,6,off,236,247,0,4.993,3.997875,0.372333,0.018958,0.531084,5.31475,23.0,4164.0,0.113208,2000.0,1400.0,2.0,0.9951250000000003
0,6,off,237,248,0,5.772416,4.307584,0.324333,0.017459,1.042334,6.059916,23.0,4164.0,0.086833,2000.0,1400.0,2.0,1.4648319999999995
0,6,off,238,249,0,5.128125,4.1133327,0.241333,0.019208001,0.678833,5.485416,23.0,4164.0,0.241,2000.0,1400.0,2.0,1.0147922999999999
0,6,off,239,250,0,4.933209,3.8261662,0.31770802,0.018000001,0.694458,5.433042,23.0,4164.0,0.237333,2000.0,1400.0,2.0,1.1070427999999999
0,6,off,240,251,0,5.036042,3.929459,0.397542,0.019041,0.617417,5.344334,23.0,4164.0,0.179292,2000.0,1400.0,2.0,1.106583
0,6,off,241,252,0,5.051625,4.018209,0.33499998,0.018291999,0.609291,5.3625417,23.0,4164.0,0.16716699999999998,2000.0,1400.0,2.0,1.033416
0,6,off,242,253,0,5.0403333,4.1012497,0.23987499,0.020292,0.6095,5.3462496,23.0,4164.0,0.10137499999999999,2000.0,1400.0,2.0,0.9390836
0,6,off,243,254,0,5.041541,4.0316663,0.29225,0.018167,0.624875,5.390375,23.0,4164.0,0.158208,2000.0,1400.0,2.0,1.0098746999999992
0,6,off,244,255,0,5.450666,4.276583,0.248958,0.018250002,0.83441603,5.756041,23.0,4164.0,0.11458299999999999,2000.0,1400.0,2.0,1.1740830000000004
0,6,off,245,256,0,5.049708,4.031375,0.31225,0.018042,0.615625,5.3545,23.0,4164.0,0.21454199999999998,2000.0,1400.0,2.0,1.0183330000000002
0,6,off,246,257,0,4.8625827,3.904417,0.314458,0.0175,0.556667,5.2530413,23.0,4164.0,0.103,2000.0,1400.0,2.0,0.9581656999999999
0,6,off,247,258,0,5.278041,4.255583,0.238708,0.02025,0.689,5.598041,23.0,4164.0,0.107125,2000.0,1400.0,2.0,1.0224580000000003
0,6,off,248,259,0,5.0575414,4.0140834,0.345583,0.017833,0.60775,5.3603344,23.0,4164.0,0.16975,2000.0,1400.0,2.0,1.0434580000000002
0,6,off,249,260,0,4.977041,3.961375,0.302583,0.018667001,0.588333,5.329916,23.0,4164.0,0.16349999999999998,2000.0,1400.0,2.0,1.015666
0,6,off,250,261,0,4.988792,4.070125,0.314792,0.017375,0.51870805,5.29,23.0,4164.0,0.08541699999999999,2000.0,1400.0,2.0,0.9186670000000001
0,6,off,251,262,0,5.460458,4.273791,0.325708,0.022542002,0.765709,5.765625,23.0,4164.0,0.09033300000000001,2000.0,1400.0,2.0,1.186667
0,6,off,252,263,0,5.0073752,4.0596657,0.309875,0.018167,0.510834,5.295125,23.0,4164.0,0.161209,2000.0,1400.0,2.0,0.9477095000000002
0,6,off,253,264,0,5.1677914,4.165375,0.289167,0.01675,0.621875,5.578084,23.0,4164.0,0.08775000000000001,2000.0,1400.0,2.0,1.0024163999999995
0,6,off,254,265,0,5.003083,3.931666,0.39458302,0.01775,0.587667,5.294292,23.0,4164.0,0.11266599999999999,2000.0,1400.0,2.0,1.0714170000000003
0,6,off,255,266,0,5.025167,3.9785411,0.337583,0.018291999,0.621708,5.351083,23.0,4164.0,0.16333299999999998,2000.0,1400.0,2.0,1.0466258999999996
0,6,off,256,267,0,5.11525,4.147458,0.28175,0.018625,0.59541696,5.45175,23.0,4164.0,0.123042,2000.0,1400.0,2.0,0.9677919999999993
0,6,off,257,268,0,5.164375,4.08625,0.274083,0.018542,0.71475,5.4633327,23.0,4164.0,0.159791,2000.0,1400.0,2.0,1.078125
0,6,off,258,269,0,5.0965424,4.193083,0.24749999,0.019875001,0.562833,5.4265,23.0,4164.0,0.11983400000000001,2000.0,1400.0,2.0,0.9034594
0,6,off,259,270,0,4.9988327,3.935042,0.405,0.018000001,0.567792,5.303,23.0,4164.0,0.105583,2000.0,1400.0,2.0,1.0637907000000002
0,6,off,260,271,0,4.9472923,3.9854162,0.35183302,0.015416999,0.52662504,5.243833,23.0,4164.0,0.07825,2000.0,1400.0,2.0,0.9618761
0,6,off,261,272,0,5.061083,4.0605407,0.313584,0.017291,0.602917,5.347333,23.0,4164.0,0.10170799999999999,2000.0,1400.0,2.0,1.0005423000000002
0,6,off,262,273,0,5.256042,4.284959,0.24125001,0.017834,0.640583,5.563667,23.0,4164.0,0.107041,2000.0,1400.0,2.0,0.9710830000000001
0,6,off,263,274,0,5.135208,4.147375,0.2635,0.016541,0.63658303,5.433334,23.0,4164.0,0.190958,2000.0,1400.0,2.0,0.9878330000000002
0,6,off,264,275,0,5.0577497,4.0613327,0.352458,0.018917,0.555125,5.3372498,23.0,4164.0,0.107334,2000.0,1400.0,2.0,0.9964169999999992
0,6,off,265,276,0,5.136208,4.101375,0.318125,0.018625,0.623625,5.440208,23.0,4164.0,0.113916,2000.0,1400.0,2.0,1.034833
0,6,off,266,277,0,4.9151664,3.9955828,0.318833,0.018167,0.512375,5.2102094,23.0,4164.0,0.11816600000000001,2000.0,1400.0,2.0,0.9195836000000002
0,6,off,267,278,0,4.944167,3.930375,0.31729102,0.018000001,0.60525,5.314625,23.0,4164.0,0.11029199999999999,2000.0,1400.0,2.0,1.013792
0,6,off,268,279,0,5.1549997,4.2229996,0.29175,0.018375,0.548625,5.4380417,23.0,4164.0,0.089708,2000.0,1400.0,2.0,0.9320001000000007
0,6,off,269,280,0,5.111792,3.9933753,0.41408402,0.017583,0.61275,5.405333,23.0,4164.0,0.110875,2000.0,1400.0,2.0,1.1184167000000005
0,6,off,270,281,0,5.005292,4.057333,0.288708,0.018000001,0.568583,5.336542,23.0,4164.0,0.094875,2000.0,1400.0,2.0,0.947959
0,6,off,271,282,0,5.2365,4.152083,0.38416702,0.016959,0.61195904,5.533583,23.0,4164.0,0.11966700000000001,2000.0,1400.0,2.0,1.0844170000000002
0,6,off,272,283,0,5.110916,4.050125,0.327833,0.018541,0.64541703,5.390834,23.0,4164.0,0.104417,2000.0,1400.0,2.0,1.0607909999999992
0,6,off,273,284,0,5.025541,3.9585829,0.35475,0.018667001,0.619833,5.3422503,23.0,4164.0,0.11366699999999999,2000.0,1400.0,2.0,1.0669580999999995
0,6,off,274,285,0,4.946875,4.038917,0.30275,0.017166,0.518125,5.2412076,23.0,4164.0,0.110875,2000.0,1400.0,2.0,0.9079580000000007
0,6,off,275,286,0,5.046125,3.961916,0.37649998,0.01675,0.62137496,5.3337502,23.0,4164.0,0.10325000000000001,2000.0,1400.0,2.0,1.084209
0,6,off,276,287,0,4.961375,4.0140424,0.294,0.017083,0.52820796,5.268458,23.0,4164.0,0.105084,2000.0,1400.0,2.0,0.9473326000000002
0,6,off,277,288,0,5.360917,4.390791,0.276958,0.019916,0.599458,5.6537094,23.0,4164.0,0.110958,2000.0,1400.0,2.0,0.9701259999999996
0,6,off,278,289,0,4.610958,3.656042,0.327166,0.017708,0.5335,4.972167,23.0,4164.0,0.115834,2000.0,1400.0,2.0,0.9549160000000003
0,6,off,279,290,0,5.033792,3.9923332,0.35829198,0.016083,0.597917,5.318292,23.0,4164.0,0.106667,2000.0,1400.0,2.0,1.0414588
0,6,off,280,291,0,5.195416,4.270875,0.285459,0.017625,0.548291,5.500833,23.0,4164.0,0.09833399999999999,2000.0,1400.0,2.0,0.9245409999999996
0,6,off,281,292,0,5.046291,3.844958,0.317417,0.019167,0.77516705,5.529417,23.0,4164.0,0.109459,2000.0,1400.0,2.0,1.201333
0,6,off,282,293,0,5.108708,4.2017922,0.286333,0.017959,0.52804196,5.467958,23.0,4164.0,0.149667,2000.0,1400.0,2.0,0.9069158000000002
0,6,off,283,294,0,5.3697925,4.1492085,0.36583298,0.017291,0.763583,5.681125,23.0,4164.0,0.094791,2000.0,1400.0,2.0,1.2205839999999997
0,6,off,284,295,0,5.177625,4.2645,0.28387502,0.018958999,0.541667,5.467542,23.0,4164.0,0.194375,2000.0,1400.0,2.0,0.913125
0,6,off,285,296,0,5.11475,4.0425,0.290458,0.017416,0.689875,5.613791,23.0,4164.0,0.11108299999999999,2000.0,1400.0,2.0,1.0722499999999995
0,6,off,286,297,0,4.987875,3.9758751,0.362375,0.019041,0.5495,5.294959,23.0,4164.0,0.177084,2000.0,1400.0,2.0,1.0119998999999997
0,6,off,287,298,0,5.0336657,4.036542,0.278916,0.018709,0.627458,5.335834,23.0,4164.0,0.11029199999999999,2000.0,1400.0,2.0,0.9971237000000004
0,6,off,288,299,0,4.96525,3.9942503,0.332625,0.015125,0.552333,5.265542,23.0,4164.0,0.11625,2000.0,1400.0,2.0,0.9709997000000001
0,6,off,289,300,0,5.211833,4.197333,0.31562498,0.016125,0.61075,5.499042,23.0,4164.0,0.109917,2000.0,1400.0,2.0,1.0145
0,6,off,290,301,0,5.139667,4.027625,0.369375,0.016959,0.648583,5.490625,23.0,4164.0,0.116458,2000.0,1400.0,2.0,1.1120420000000006
0,6,off,291,302,0,5.045042,3.9668338,0.395666,0.018417,0.591959,5.348958,23.0,4164.0,0.1095,2000.0,1400.0,2.0,1.0782081999999997
0,6,off,292,303,0,4.937292,3.980583,0.35054198,0.016542,0.519,5.238875,23.0,4164.0,0.083541,2000.0,1400.0,2.0,0.956709
0,6,off,293,304,0,5.139125,4.148334,0.274292,0.019375,0.6235,5.50375,23.0,4164.0,0.086583,2000.0,1400.0,2.0,0.9907909999999998
0,6,off,294,305,0,5.003459,3.990916,0.32687497,0.017958,0.58716697,5.309583,23.0,4164.0,0.111334,2000.0,1400.0,2.0,1.0125430000000004
0,6,off,295,306,0,4.9095,3.931875,0.303375,0.018666,0.582959,5.2710423,23.0,4164.0,0.14925,2000.0,1400.0,2.0,0.9776250000000006
0,6,off,296,307,0,4.910083,3.9786668,0.33075,0.018082999,0.511542,5.2234583,23.0,4164.0,0.096875,2000.0,1400.0,2.0,0.9314162000000001
0,6,off,297,308,0,5.3198752,4.211542,0.24650002,0.019749999,0.774292,5.606541,23.0,4164.0,0.08325,2000.0,1400.0,2.0,1.1083332000000006
0,6,off,298,309,0,5.159542,4.1497087,0.287625,0.016291,0.62920797,5.522583,23.0,4164.0,0.243583,2000.0,1400.0,2.0,1.0098333000000004
0,6,off,299,310,0,5.262041,4.285875,0.279792,0.018250002,0.605042,5.62325,23.0,4164.0,0.173583,2000.0,1400.0,2.0,0.9761660000000001
0,6,off,300,311,0,4.972208,4.0378337,0.310833,0.020292,0.530375,5.2725,23.0,4164.0,0.09866599999999999,2000.0,1400.0,2.0,0.9343743
0,6,off,301,312,0,4.985833,3.967917,0.30254102,0.018291999,0.627958,5.321709,23.0,4164.0,0.095334,2000.0,1400.0,2.0,1.0179160000000005
0,6,off,302,313,0,4.920875,3.955375,0.338458,0.017208,0.537166,5.2555833,23.0,4164.0,0.108834,2000.0,1400.0,2.0,0.9654999999999996
0,6,off,303,314,0,5.242792,4.0445423,0.31166703,0.017709,0.78895897,5.552958,23.0,4164.0,0.108959,2000.0,1400.0,2.0,1.1982496999999999
0,6,off,304,315,0,5.120417,4.114625,0.29674998,0.015917,0.617833,5.463167,23.0,4164.0,0.208875,2000.0,1400.0,2.0,1.0057919999999996
0,6,off,305,316,0,5.016583,3.951875,0.34625,0.016833,0.631333,5.357667,23.0,4164.0,0.17633300000000002,2000.0,1400.0,2.0,1.064708
0,6,off,306,317,0,4.92625,3.998583,0.307125,0.016542,0.530542,5.237334,23.0,4164.0,0.120708,2000.0,1400.0,2.0,0.9276669999999996
0,6,off,307,318,0,5.174708,4.1638327,0.304041,0.018792,0.614417,5.5224996,23.0,4164.0,0.10516700000000001,2000.0,1400.0,2.0,1.0108752999999995
0,6,off,308,319,0,4.937375,4.0307093,0.282417,0.016958,0.532458,5.247416,23.0,4164.0,0.105875,2000.0,1400.0,2.0,0.9066657000000005
0,6,off,309,320,0,5.0066247,4.001083,0.337166,0.018208,0.578416,5.30025,23.0,4164.0,0.102875,2000.0,1400.0,2.0,1.0055416999999993
0,6,off,310,321,0,4.944333,3.940667,0.401459,0.019,0.5035,5.235,23.0,4164.0,0.09125,2000.0,1400.0,2.0,1.0036660000000004
0,6,off,311,322,0,5.03,4.057,0.29200003,0.019875001,0.58875,5.334917,23.0,4164.0,0.079916,2000.0,1400.0,2.0,0.9729999999999999
0,6,off,312,323,0,5.044542,4.000625,0.325,0.01775,0.622875,5.362125,23.0,4164.0,0.114875,2000.0,1400.0,2.0,1.0439169999999995
0,6,off,313,324,0,5.025709,4.029125,0.271083,0.019291999,0.632916,5.380666,23.0,4164.0,0.171792,2000.0,1400.0,2.0,0.9965840000000004
0,6,off,314,325,0,5.0189996,4.0831666,0.280375,0.019,0.562541,5.317083,23.0,4164.0,0.11541699999999999,2000.0,1400.0,2.0,0.9358329999999997
0,6,off,315,326,0,5.092959,4.0273333,0.304708,0.018209001,0.666584,5.3955836,23.0,4164.0,0.13766599999999998,2000.0,1400.0,2.0,1.0656257
0,6,off,316,327,0,5.270958,4.2565827,0.24583301,0.017042,0.675959,5.573125,23.0,4164.0,0.164083,2000.0,1400.0,2.0,1.0143753000000002
0,6,off,317,328,0,4.9587913,3.815542,0.460667,0.018041,0.58875,5.3381248,23.0,4164.0,0.238208,2000.0,1400.0,2.0,1.1432492999999995
0,6,off,318,329,0,4.960916,3.974583,0.322292,0.015291,0.537,5.258042,23.0,4164.0,0.12358399999999999,2000.0,1400.0,2.0,0.9863330000000001
0,6,off,319,330,0,5.0391254,4.007792,0.31204098,0.017417,0.632291,5.3311253,23.0,4164.0,0.102084,2000.0,1400.0,2.0,1.0313333999999994
0,6,off,320,331,0,4.904375,4.023709,0.312291,0.019125,0.46625,5.2176247,23.0,4164.0,0.11558299999999999,2000.0,1400.0,2.0,0.8806659999999997
0,6,off,321,332,0,4.977833,3.968959,0.29500002,0.017916,0.617917,5.333375,23.0,4164.0,0.08524999999999999,2000.0,1400.0,2.0,1.0088740000000005
0,6,off,322,333,0,5.343791,3.992916,0.3105,0.016209,0.95216703,5.674916,23.0,4164.0,0.09833399999999999,2000.0,1400.0,2.0,1.3508750000000003
0,6,off,323,334,0,5.0415,4.074667,0.278583,0.016375,0.599208,5.336958,23.0,4164.0,0.109042,2000.0,1400.0,2.0,0.9668330000000003
0,6,off,324,335,0,4.8140407,3.9065,0.301416,0.018958,0.50770897,5.3754587,23.0,4164.0,0.163917,2000.0,1400.0,2.0,0.9075406999999998
0,6,off,325,336,0,5.449,4.155166,0.31945798,0.020083,0.85800004,5.794709,23.0,4164.0,0.083959,2000.0,1400.0,2.0,1.2938339999999995
0,6,off,326,337,0,5.0447497,4.017875,0.35175,0.017083,0.588875,5.3462906,23.0,4164.0,0.322125,2000.0,1400.0,2.0,1.0268746999999996
0,6,off,327,338,0,5.0275,3.932583,0.370125,0.017833,0.635333,5.341125,23.0,4164.0,0.13691699999999998,2000.0,1400.0,2.0,1.0949169999999997
0,6,off,328,339,0,4.906833,3.995,0.30612502,0.018958,0.514292,5.2598343,23.0,4164.0,0.105833,2000.0,1400.0,2.0,0.9118329999999997
0,6,off,329,340,0,5.8555,3.9985423,0.314458,0.017458,1.452666,6.1745,23.0,4164.0,0.090375,2000.0,1400.0,2.0,1.8569577000000002
0,6,off,330,341,0,5.05075,4.166875,0.195417,0.019666001,0.584625,5.393125,23.0,4164.0,0.30570800000000004,2000.0,1400.0,2.0,0.8838749999999997
0,6,off,331,342,0,4.998792,4.017292,0.28025,0.021583,0.604,5.30825,23.0,4164.0,0.177833,2000.0,1400.0,2.0,0.9814999999999996
0,6,off,332,343,0,4.921792,3.9509163,0.323334,0.018792,0.555459,5.271708,23.0,4164.0,0.093833,2000.0,1400.0,2.0,0.9708757000000001
0,6,off,333,344,0,5.034292,4.0183344,0.31837502,0.017874999,0.60916597,5.3293753,23.0,4164.0,0.09866599999999999,2000.0,1400.0,2.0,1.0159576000000001
0,6,off,334,345,0,5.1322083,4.111875,0.380791,0.017417,0.549209,5.4251666,23.0,4164.0,0.1125,2000.0,1400.0,2.0,1.0203332999999999
0,6,off,335,346,0,5.030375,3.999459,0.283375,0.01875,0.657917,5.387083,23.0,4164.0,0.105542,2000.0,1400.0,2.0,1.0309160000000004
0,6,off,336,347,0,5.150209,4.143458,0.29683298,0.017541999,0.611083,5.472708,23.0,4164.0,0.121041,2000.0,1400.0,2.0,1.0067510000000004
0,6,off,337,348,0,5.038667,4.0985413,0.218,0.016458,0.596625,5.3338337,23.0,4164.0,0.1575,2000.0,1400.0,2.0,0.9401257000000003
0,6,off,338,349,0,4.9596663,4.043792,0.269875,0.020917,0.55075,5.314042,23.0,4164.0,0.145375,2000.0,1400.0,2.0,0.9158743000000005
0,6,off,339,350,0,4.962625,3.9904168,0.264584,0.0205,0.573,5.280916,23.0,4164.0,0.11808400000000001,2000.0,1400.0,2.0,0.9722081999999999
0,6,off,340,351,0,4.940792,3.9752088,0.324542,0.017333,0.551875,5.247917,23.0,4164.0,0.0885,2000.0,1400.0,2.0,0.9655832000000002
0,6,off,341,352,0,4.9431667,3.9353747,0.28,0.018333,0.631,5.352541,23.0,4164.0,0.120042,2000.0,1400.0,2.0,1.0077919999999998
0,6,off,342,353,0,4.939333,4.001583,0.312417,0.017708,0.53016603,5.249041,23.0,4164.0,0.11429199999999999,2000.0,1400.0,2.0,0.9377500000000003
0,6,off,343,354,0,5.406083,4.338958,0.36825,0.019625,0.60191697,5.752292,23.0,4164.0,0.11333299999999999,2000.0,1400.0,2.0,1.0671249999999999
0,6,off,344,355,0,5.186791,4.1809163,0.320083,0.019167,0.590417,5.494209,23.0,4164.0,0.10416600000000001,2000.0,1400.0,2.0,1.0058747000000006
0,6,off,345,356,0,5.1099997,4.027917,0.315375,0.018708,0.66625,5.439708,23.0,4164.0,0.158792,2000.0,1400.0,2.0,1.0820827
0,6,off,346,357,0,4.921042,4.0195413,0.303875,0.018209001,0.50425,5.228375,23.0,4164.0,0.11745900000000001,2000.0,1400.0,2.0,0.9015006999999997
0,6,off,347,358,0,5.011084,4.000875,0.298666,0.016334,0.620792,5.31575,23.0,4164.0,0.091167,2000.0,1400.0,2.0,1.0102090000000006
0,6,off,348,359,0,4.971542,3.9732907,0.329458,0.018917,0.516166,5.275333,23.0,4164.0,0.106042,2000.0,1400.0,2.0,0.9982513000000002
0,6,off,349,360,0,5.0319157,3.874792,0.451458,0.018041,0.615167,5.3465424,23.0,4164.0,0.09875,2000.0,1400.0,2.0,1.1571237
0,6,off,350,361,0,4.986209,4.1275,0.25783297,0.018125,0.51129204,5.278042,23.0,4164.0,0.102958,2000.0,1400.0,2.0,0.8587089999999993
0,6,off,351,362,0,5.0873327,4.0240417,0.308875,0.017041,0.662583,5.385667,23.0,4164.0,0.09562499999999999,2000.0,1400.0,2.0,1.0632910000000004
0,6,off,352,363,0,5.148458,4.221041,0.270625,0.01875,0.565667,5.499458,23.0,4164.0,0.16245800000000002,2000.0,1400.0,2.0,0.9274170000000002
0,6,off,353,364,0,5.461167,4.000667,0.37470898,0.019749999,0.984458,5.751084,23.0,4164.0,0.11950000000000001,2000.0,1400.0,2.0,1.4604999999999997
0,6,off,354,365,0,5.0072923,4.092291,0.218708,0.0175,0.600709,5.3744583,23.0,4164.0,0.334458,2000.0,1400.0,2.0,0.9150012999999992
0,6,off,355,366,0,5.099708,4.080459,0.317209,0.016916,0.614542,5.391792,23.0,4164.0,0.16933399999999998,2000.0,1400.0,2.0,1.0192489999999994
0,6,off,356,367,0,5.083167,4.0969167,0.361709,0.017917,0.531917,5.3744583,23.0,4164.0,0.101,2000.0,1400.0,2.0,0.9862503
0,6,off,357,368,0,5.011333,3.963958,0.288084,0.018291,0.626375,5.330625,23.0,4164.0,0.107416,2000.0,1400.0,2.0,1.0473749999999997
0,6,off,358,369,0,5.086667,4.026875,0.365917,0.019583,0.585209,5.4445,23.0,4164.0,0.110667,2000.0,1400.0,2.0,1.0597919999999998
0,6,off,359,370,0,5.105541,4.009166,0.343958,0.018291999,0.659375,5.4186673,23.0,4164.0,0.147042,2000.0,1400.0,2.0,1.096375
0,6,off,360,371,0,4.9857078,3.982667,0.34779102,0.02,0.534334,5.273125,23.0,4164.0,0.12929200000000002,2000.0,1400.0,2.0,1.0030408
0,7,on,121,133,0,6.3652496,5.0805,0.49499997,0.017916,0.691334,6.649375,23.0,4164.0,0.093583,2000.0,1400.0,2.0,1.2847496000000005
0,7,on,122,134,1,6.222708,4.9962916,0.414125,0.019833,0.64425004,6.524583,23.0,4164.0,0.190666,2000.0,1400.0,2.0,1.2264163999999997
0,7,on,123,135,0,6.337209,5.349292,0.234458,0.018833,0.652417,6.6280413,23.0,4164.0,0.142333,2000.0,1400.0,2.0,0.9879169999999995
0,7,on,124,136,1,6.007875,4.837417,0.28862497,0.034959,0.672417,6.3575416,23.0,4164.0,0.1615,2000.0,1400.0,2.0,1.170458
0,7,on,125,137,0,6.269375,5.205334,0.319959,0.021,0.6415,6.572,23.0,4164.0,0.080375,2000.0,1400.0,2.0,1.0640410000000005
0,7,on,126,138,1,7.026833,5.857583,0.23558299,0.022374999,0.715875,7.3180423,23.0,4164.0,0.179584,2000.0,1400.0,2.0,1.16925
0,7,on,127,139,0,6.155417,5.0031247,0.366792,0.022292001,0.67345905,6.6809587,23.0,4164.0,0.173625,2000.0,1400.0,2.0,1.1522923
0,7,on,128,140,1,6.315917,5.224666,0.267625,0.018542,0.72266704,6.6087503,23.0,4164.0,0.1655,2000.0,1400.0,2.0,1.0912509999999997
0,7,on,129,141,0,6.464167,5.245917,0.23425,0.019041,0.87125,6.766084,23.0,4164.0,0.190875,2000.0,1400.0,2.0,1.2182499999999994
0,7,on,130,142,1,6.308958,5.319541,0.23987499,0.019082999,0.647916,6.589666,23.0,4164.0,0.262084,2000.0,1400.0,2.0,0.9894169999999995
0,7,on,131,143,0,6.244709,5.131042,0.31866598,0.019708,0.638291,6.5341673,23.0,4164.0,0.18191600000000002,2000.0,1400.0,2.0,1.1136670000000004
0,7,on,132,144,1,6.2355843,5.212,0.239291,0.020666001,0.608917,6.515167,23.0,4164.0,0.11900000000000001,2000.0,1400.0,2.0,1.0235843000000004
0,7,on,133,145,0,5.9873753,4.908708,0.297209,0.019958999,0.61175,6.283917,23.0,4164.0,0.10483300000000001,2000.0,1400.0,2.0,1.0786673000000002
0,7,on,134,146,1,6.4170423,5.29025,0.223625,0.021792,0.80025,6.7097497,23.0,4164.0,0.102792,2000.0,1400.0,2.0,1.1267923
0,7,on,135,147,0,6.195125,5.155333,0.24345799,0.019375,0.626791,6.546042,23.0,4164.0,0.22029100000000001,2000.0,1400.0,2.0,1.0397920000000003
0,7,on,136,148,1,6.3675,5.167459,0.24741699,0.021375,0.84825,6.731083,23.0,4164.0,0.116125,2000.0,1400.0,2.0,1.2000409999999997
0,7,on,137,149,0,6.2721252,5.258,0.23145899,0.020916,0.63041705,6.547709,23.0,4164.0,0.242875,2000.0,1400.0,2.0,1.0141251999999996
0,7,on,138,150,1,6.2104588,5.208792,0.29237503,0.019,0.608292,6.4975,23.0,4164.0,0.08600000000000001,2000.0,1400.0,2.0,1.0016667999999997
0,7,on,139,151,0,6.274917,5.229333,0.25875,0.020166999,0.688541,6.5915833,23.0,4164.0,0.10437500000000001,2000.0,1400.0,2.0,1.0455840000000007
0,7,on,140,152,1,6.28375,5.207,0.290209,0.018167,0.68845904,6.579875,23.0,4164.0,0.176167,2000.0,1400.0,2.0,1.0767500000000005
0,7,on,141,153,0,6.2409167,5.199125,0.25041598,0.020667,0.624625,6.531125,23.0,4164.0,0.17491600000000002,2000.0,1400.0,2.0,1.0417916999999992
0,7,on,142,154,1,6.089167,4.966208,0.27295798,0.019792,0.7515,6.3716664,23.0,4164.0,0.11725000000000001,2000.0,1400.0,2.0,1.1229589999999998
0,7,on,143,155,0,6.4952497,5.243542,0.274583,0.020834,0.793209,6.7826247,23.0,4164.0,0.229708,2000.0,1400.0,2.0,1.2517076999999999
0,7,on,144,156,1,6.274334,5.277542,0.232375,0.019042,0.668041,6.546625,23.0,4164.0,0.178833,2000.0,1400.0,2.0,0.9967919999999992
0,7,on,145,157,0,6.162959,5.115292,0.264042,0.019499999,0.608042,6.499084,23.0,4164.0,0.174041,2000.0,1400.0,2.0,1.0476669999999997
0,7,on,146,158,1,6.1842093,5.123958,0.25770798,0.018625,0.604958,6.469208,23.0,4164.0,0.115916,2000.0,1400.0,2.0,1.0602513
0,7,on,147,159,0,6.217334,5.1652083,0.243292,0.019541,0.637458,6.566875,23.0,4164.0,0.119625,2000.0,1400.0,2.0,1.0521257000000004
0,7,on,148,160,1,6.319041,5.250375,0.25233302,0.020458,0.71345896,6.638125,23.0,4164.0,0.12012500000000001,2000.0,1400.0,2.0,1.0686660000000003
0,7,on,149,161,0,7.5159163,6.444125,0.314208,0.018250002,0.648167,7.851417,23.0,4164.0,0.187125,2000.0,1400.0,2.0,1.0717913000000001
0,7,on,150,162,1,6.613375,5.594208,0.21450001,0.018291,0.71187496,6.9121246,23.0,4164.0,0.135417,2000.0,1400.0,2.0,1.0191669999999995
0,7,on,151,163,0,6.342708,5.367083,0.22637501,0.018584,0.594334,6.612375,23.0,4164.0,0.18720799999999999,2000.0,1400.0,2.0,0.975625
0,7,on,152,164,1,6.154,5.057959,0.283,0.019125,0.598875,6.475125,23.0,4164.0,0.096875,2000.0,1400.0,2.0,1.0960409999999996
0,7,on,153,165,0,6.364,5.376708,0.234333,0.019708999,0.65745795,6.649334,23.0,4164.0,0.105542,2000.0,1400.0,2.0,0.9872920000000001
0,7,on,154,166,1,6.182666,5.1489997,0.252958,0.018458,0.594417,6.4657497,23.0,4164.0,0.165833,2000.0,1400.0,2.0,1.0336663000000001
0,7,on,155,167,0,6.225625,5.2000837,0.222334,0.020707998,0.635583,6.512375,23.0,4164.0,0.093375,2000.0,1400.0,2.0,1.0255412999999995
0,7,on,156,168,1,6.6486673,5.36875,0.25112498,0.019208001,0.92625,6.984958,23.0,4164.0,0.12704200000000002,2000.0,1400.0,2.0,1.2799172999999993
0,7,on,157,169,0,6.4266667,5.349583,0.2785,0.020209,0.697541,6.724709,23.0,4164.0,0.407959,2000.0,1400.0,2.0,1.0770837000000002
0,7,on,158,170,1,6.34575,5.22125,0.28929198,0.019499999,0.739459,6.627583,23.0,4164.0,0.207167,2000.0,1400.0,2.0,1.1244999999999994
0,7,on,159,171,0,6.148375,5.0715,0.27425,0.019666001,0.61670804,6.521958,23.0,4164.0,0.203709,2000.0,1400.0,2.0,1.0768749999999994
0,7,on,160,172,1,5.909583,4.8075004,0.254875,0.019833,0.619084,6.204667,23.0,4164.0,0.09895799999999999,2000.0,1400.0,2.0,1.1020825999999992
0,7,on,161,173,0,6.1430836,5.093042,0.256,0.020834,0.614666,6.4909997,23.0,4164.0,0.106542,2000.0,1400.0,2.0,1.0500416000000001
0,7,on,162,174,1,6.282917,5.238167,0.2165,0.019208001,0.665583,6.5645833,23.0,4164.0,0.109167,2000.0,1400.0,2.0,1.0447500000000005
0,7,on,163,175,0,6.277084,5.132083,0.27008298,0.017167,0.696333,6.563166,23.0,4164.0,0.156459,2000.0,1400.0,2.0,1.1450010000000006
0,7,on,164,176,1,6.330125,5.24875,0.219458,0.021042,0.757583,6.6650004,23.0,4164.0,0.11554099999999999,2000.0,1400.0,2.0,1.0813749999999995
0,7,on,165,177,0,6.169667,5.1295424,0.371625,0.0215,0.5665,6.468,23.0,4164.0,0.259834,2000.0,1400.0,2.0,1.0401245999999995
0,7,on,166,178,1,6.1431246,5.09425,0.250667,0.019291999,0.61804104,6.4985,23.0,4164.0,0.09016700000000001,2000.0,1400.0,2.0,1.0488746000000004
0,7,on,167,179,0,6.167459,5.111334,0.245375,0.023374999,0.631209,6.506875,23.0,4164.0,0.098708,2000.0,1400.0,2.0,1.0561249999999998
0,7,on,168,180,1,6.101083,5.163792,0.21987501,0.019333,0.557375,6.4283338,23.0,4164.0,0.113917,2000.0,1400.0,2.0,0.9372910000000001
0,7,on,169,181,0,6.359041,5.232334,0.34104103,0.019125,0.62624997,6.6419578,23.0,4164.0,0.082042,2000.0,1400.0,2.0,1.1267070000000006
0,7,on,170,182,1,6.2330003,5.142458,0.227458,0.023625,0.68975,6.575292,23.0,4164.0,0.129208,2000.0,1400.0,2.0,1.0905422999999992
0,7,on,171,183,0,6.217458,5.152125,0.325667,0.019208001,0.587959,6.4999166,23.0,4164.0,0.16033399999999998,2000.0,1400.0,2.0,1.0653329999999999
0,7,on,172,184,1,6.2775,5.161458,0.22475,0.018542,0.79125,6.616125,23.0,4164.0,0.11825000000000001,2000.0,1400.0,2.0,1.1160420000000002
0,7,on,173,185,0,6.2272077,5.205667,0.239083,0.019042,0.60720897,6.520917,23.0,4164.0,0.18795800000000001,2000.0,1400.0,2.0,1.0215407
0,7,on,174,186,1,6.436958,5.487666,0.21425,0.018250002,0.63908297,6.7147913,23.0,4164.0,0.111084,2000.0,1400.0,2.0,0.9492919999999998
0,7,on,175,187,0,6.308916,5.070875,0.270333,0.021958,0.78166604,6.631292,23.0,4164.0,0.154291,2000.0,1400.0,2.0,1.238041
0,7,on,176,188,1,6.187792,5.132792,0.25641602,0.018458,0.622208,6.486208,23.0,4164.0,0.12575,2000.0,1400.0,2.0,1.0549999999999997
0,7,on,177,189,0,6.335291,5.2805,0.316125,0.021084001,0.61025,6.626625,23.0,4164.0,0.108125,2000.0,1400.0,2.0,1.0547909999999998
0,7,on,178,190,1,6.056167,5.021125,0.250166,0.018458,0.68875,6.337625,23.0,4164.0,0.1175,2000.0,1400.0,2.0,1.0350420000000007
0,7,on,179,191,0,6.202667,5.1315,0.264875,0.019666001,0.621125,6.5527077,23.0,4164.0,0.180583,2000.0,1400.0,2.0,1.071167
0,7,on,180,192,1,6.421792,5.2964997,0.226625,0.019,0.79683304,6.708083,23.0,4164.0,0.11445799999999999,2000.0,1400.0,2.0,1.1252923
0,7,on,181,193,0,6.976625,5.2851253,0.25445798,0.084917,1.202291,7.293291,23.0,4164.0,0.206459,2000.0,1400.0,2.0,1.6914997000000005
0,7,on,182,194,1,6.639584,4.9615417,0.617666,0.051875,0.92504203,6.938,23.0,4164.0,0.131417,2000.0,1400.0,2.0,1.6780423000000004
0,7,on,183,195,0,6.189125,5.164166,0.267833,0.020542,0.602916,6.482291,23.0,4164.0,0.18450000000000003,2000.0,1400.0,2.0,1.024959
0,7,on,184,196,1,6.1535,5.0910416,0.347667,0.018583,0.616958,6.457625,23.0,4164.0,0.095042,2000.0,1400.0,2.0,1.0624584000000006
0,7,on,185,197,0,6.1275,5.126,0.245458,0.019208001,0.57591605,6.473625,23.0,4164.0,0.10404100000000001,2000.0,1400.0,2.0,1.0015
0,7,on,186,198,1,6.189791,5.1202497,0.30245802,0.016291,0.606958,6.4772496,23.0,4164.0,0.088291,2000.0,1400.0,2.0,1.0695413
0,7,on,187,199,0,5.955417,4.924458,0.26375,0.017083999,0.660625,6.306667,23.0,4164.0,0.10058399999999999,2000.0,1400.0,2.0,1.0309590000000002
0,7,on,188,200,1,6.248208,5.2050843,0.252208,0.018625,0.69354105,6.588625,23.0,4164.0,0.169917,2000.0,1400.0,2.0,1.0431236999999998
0,7,on,189,201,0,6.39625,5.4335423,0.219334,0.019125,0.648167,6.683334,23.0,4164.0,0.177833,2000.0,1400.0,2.0,0.9627077000000002
0,7,on,190,202,1,6.273625,5.221458,0.30350003,0.018167,0.652042,6.545084,23.0,4164.0,0.16595800000000002,2000.0,1400.0,2.0,1.0521669999999999
0,7,on,191,203,0,6.283666,5.164084,0.355083,0.020959,0.66645896,6.565,23.0,4164.0,0.15804200000000002,2000.0,1400.0,2.0,1.1195820000000003
0,7,on,192,204,1,6.368125,5.2641673,0.328584,0.019541,0.67633295,6.671042,23.0,4164.0,0.171,2000.0,1400.0,2.0,1.1039576999999996
0,7,on,193,205,0,6.275458,5.255209,0.287834,0.018167,0.633709,6.563458,23.0,4164.0,0.174583,2000.0,1400.0,2.0,1.0202490000000006
0,7,on,194,206,1,6.3055,5.144042,0.33241698,0.020209,0.726917,6.592125,23.0,4164.0,0.11791700000000001,2000.0,1400.0,2.0,1.1614580000000005
0,7,on,195,207,0,6.420292,5.4655,0.22820799,0.019458001,0.62891704,6.709792,23.0,4164.0,0.18375,2000.0,1400.0,2.0,0.9547920000000003
0,7,on,196,208,1,6.5522084,5.366208,0.377208,0.018708,0.712792,6.82025,23.0,4164.0,0.15425,2000.0,1400.0,2.0,1.1860003999999993
0,7,on,197,209,0,6.210041,5.105917,0.28820798,0.019666001,0.648875,6.520791,23.0,4164.0,0.170791,2000.0,1400.0,2.0,1.1041240000000005
0,7,on,198,210,1,6.1280413,5.0785837,0.25187498,0.018375,0.693708,6.598,23.0,4164.0,0.11649999999999999,2000.0,1400.0,2.0,1.0494575999999993
0,7,on,199,211,0,6.4214997,5.2557917,0.373083,0.017708,0.699125,6.7017503,23.0,4164.0,0.17083399999999999,2000.0,1400.0,2.0,1.1657080000000004
0,7,on,200,212,1,6.216292,5.196666,0.2705,0.019125,0.64870805,6.515083,23.0,4164.0,0.197292,2000.0,1400.0,2.0,1.0196260000000006
0,7,on,201,213,0,6.362916,5.278667,0.24520801,0.02,0.667917,6.702167,23.0,4164.0,0.167792,2000.0,1400.0,2.0,1.0842489999999998
0,7,on,202,214,1,6.2567906,5.1921253,0.306333,0.019459,0.659334,6.543084,23.0,4164.0,0.16508399999999998,2000.0,1400.0,2.0,1.0646653000000006
0,7,on,203,215,0,6.146208,5.107792,0.36212498,0.037792,0.558625,6.4450827,23.0,4164.0,0.150416,2000.0,1400.0,2.0,1.0384159999999998
0,7,on,204,216,1,6.4037924,5.312208,0.315292,0.019,0.677958,6.687208,23.0,4164.0,0.09575,2000.0,1400.0,2.0,1.0915844000000003
0,7,on,205,217,0,5.886834,4.9371667,0.237291,0.02,0.599625,6.202708,23.0,4164.0,0.177834,2000.0,1400.0,2.0,0.9496673000000007
0,7,on,206,218,1,6.134667,5.09175,0.265791,0.018458,0.5985,6.441708,23.0,4164.0,0.16591699999999998,2000.0,1400.0,2.0,1.042917
0,7,on,207,219,0,6.234625,5.22075,0.328208,0.020208,0.58366704,6.533916,23.0,4164.0,0.10275000000000001,2000.0,1400.0,2.0,1.0138750000000005
0,7,on,208,220,1,6.2468333,5.196416,0.224833,0.021459,0.653083,6.545459,23.0,4164.0,0.095417,2000.0,1400.0,2.0,1.0504172999999994
0,7,on,209,221,0,6.434292,5.214958,0.313708,0.025792,0.720917,6.743041,23.0,4164.0,0.11275,2000.0,1400.0,2.0,1.219334
0,7,on,210,222,1,6.329916,5.288042,0.219667,0.018125,0.717875,6.629542,23.0,4164.0,0.118167,2000.0,1400.0,2.0,1.041874
0,7,on,211,223,0,6.292208,5.114334,0.26975,0.019417001,0.71262497,6.602209,23.0,4164.0,0.186292,2000.0,1400.0,2.0,1.1778739999999992
0,7,on,212,224,1,6.37,5.046833,0.247542,0.021083001,0.897958,6.7902083,23.0,4164.0,0.164542,2000.0,1400.0,2.0,1.3231669999999998
0,7,on,213,225,0,6.456334,5.3321247,0.21233301,0.019541,0.789625,6.780084,23.0,4164.0,0.151208,2000.0,1400.0,2.0,1.1242093000000004
0,7,on,214,226,1,6.573583,4.9709997,0.314042,0.029000001,1.173792,6.863,23.0,4164.0,0.243708,2000.0,1400.0,2.0,1.6025833
0,7,on,215,227,0,6.443458,5.253584,0.267,0.024249999,0.7965,6.791542,23.0,4164.0,0.18604099999999998,2000.0,1400.0,2.0,1.1898739999999997
0,7,on,216,228,1,6.271625,5.1765,0.27541602,0.018792,0.700583,6.5731664,23.0,4164.0,0.184,2000.0,1400.0,2.0,1.0951250000000003
0,7,on,217,229,0,6.437166,5.293584,0.25770798,0.021416001,0.6965,6.7927504,23.0,4164.0,0.183333,2000.0,1400.0,2.0,1.1435820000000003
0,7,on,218,230,1,6.666,5.204083,0.224792,0.019542,1.0689161,6.976208,23.0,4164.0,0.15687500000000001,2000.0,1400.0,2.0,1.4619170000000006
0,7,on,219,231,0,6.3466673,5.2055,0.28275,0.01925,0.72175,6.65075,23.0,4164.0,0.34912499999999996,2000.0,1400.0,2.0,1.1411673000000002
0,7,on,220,232,1,6.429625,5.26975,0.361917,0.018375,0.698375,6.723667,23.0,4164.0,0.174833,2000.0,1400.0,2.0,1.1598749999999995
0,7,on,221,233,0,6.456625,5.25,0.233666,0.020209,0.873958,6.764334,23.0,4164.0,0.10054099999999999,2000.0,1400.0,2.0,1.2066249999999998
0,7,on,222,234,1,6.229375,5.229208,0.241708,0.019708999,0.598125,6.520917,23.0,4164.0,0.1655,2000.0,1400.0,2.0,1.0001670000000003
0,7,on,223,235,0,6.477,5.453,0.2165,0.018583,0.70954204,6.766667,23.0,4164.0,0.096459,2000.0,1400.0,2.0,1.024
0,7,on,224,236,1,6.396542,5.229917,0.248292,0.019917,0.804583,6.703792,23.0,4164.0,0.185958,2000.0,1400.0,2.0,1.1666249999999998
0,7,on,225,237,0,6.294125,5.312166,0.214792,0.018916,0.670125,6.587958,23.0,4164.0,0.185416,2000.0,1400.0,2.0,0.9819589999999998
0,7,on,226,238,1,6.282708,5.2064576,0.22304201,0.021333,0.68566597,6.571334,23.0,4164.0,0.16679100000000002,2000.0,1400.0,2.0,1.0762504000000002
0,7,on,227,239,0,6.2407923,5.216959,0.275667,0.020166,0.64658403,6.544083,23.0,4164.0,0.13004100000000002,2000.0,1400.0,2.0,1.0238332999999997
0,7,on,228,240,1,6.319959,5.237375,0.24512501,0.038833,0.6405,6.662583,23.0,4164.0,0.16658299999999998,2000.0,1400.0,2.0,1.0825839999999998
0,7,on,229,241,0,6.331,5.217708,0.307792,0.019916,0.70500004,6.622458,23.0,4164.0,0.11620799999999999,2000.0,1400.0,2.0,1.1132920000000004
0,7,on,230,242,1,6.205459,4.8422503,0.53387505,0.020709,0.654042,6.5560837,23.0,4164.0,0.179667,2000.0,1400.0,2.0,1.3632087000000004
0,7,on,231,243,0,6.207375,5.181333,0.294833,0.019666001,0.631166,6.50325,23.0,4164.0,0.126,2000.0,1400.0,2.0,1.0260419999999995
0,7,on,232,244,1,6.4595003,5.3119164,0.322959,0.02,0.67079103,6.7383747,23.0,4164.0,0.15079199999999998,2000.0,1400.0,2.0,1.1475838999999999
0,7,on,233,245,0,6.2180834,5.148917,0.278375,0.020917,0.62399995,6.511334,23.0,4164.0,0.15079199999999998,2000.0,1400.0,2.0,1.0691664000000003
0,7,on,234,246,1,6.36,5.2660418,0.308375,0.018667001,0.619791,6.65925,23.0,4164.0,0.120584,2000.0,1400.0,2.0,1.0939582000000003
0,7,on,235,247,0,6.403375,5.28175,0.323333,0.036875002,0.680333,6.699042,23.0,4164.0,0.0965,2000.0,1400.0,2.0,1.1216249999999999
0,7,on,236,248,1,6.294292,5.2035,0.310125,0.019375,0.621125,6.567542,23.0,4164.0,0.181583,2000.0,1400.0,2.0,1.0907920000000004
0,7,on,237,249,0,6.3876247,5.190083,0.26516598,0.021625,0.758792,6.686708,23.0,4164.0,0.094292,2000.0,1400.0,2.0,1.1975417000000004
0,7,on,238,250,1,6.267167,5.128458,0.319958,0.018166,0.66025,6.5630827,23.0,4164.0,0.231,2000.0,1400.0,2.0,1.1387089999999995
0,7,on,239,251,0,6.455542,5.3302093,0.244875,0.017167,0.785667,6.7485843,23.0,4164.0,0.12079100000000001,2000.0,1400.0,2.0,1.1253327000000004
0,7,on,240,252,1,6.339083,5.271208,0.257167,0.021833,0.704417,6.6485,23.0,4164.0,0.238708,2000.0,1400.0,2.0,1.067875
0,7,on,241,253,0,6.0667906,4.8054576,0.423416,0.020458,0.72579205,6.369167,23.0,4164.0,0.179875,2000.0,1400.0,2.0,1.2613329999999996
0,7,on,242,254,1,6.3007503,5.202542,0.315792,0.020375,0.62020797,6.600625,23.0,4164.0,0.217667,2000.0,1400.0,2.0,1.0982082999999996
0,7,on,243,255,0,6.402334,5.299542,0.238334,0.021083001,0.76187503,6.6959577,23.0,4164.0,0.11333299999999999,2000.0,1400.0,2.0,1.102792
0,7,on,244,256,1,6.134333,5.037583,0.2715,0.019417001,0.62379104,6.483708,23.0,4164.0,0.233667,2000.0,1400.0,2.0,1.0967500000000001
0,7,on,245,257,0,6.333583,5.265417,0.285208,0.019499999,0.682792,6.622959,23.0,4164.0,0.11,2000.0,1400.0,2.0,1.0681659999999997
0,7,on,246,258,1,6.186833,5.151333,0.2335,0.018541,0.63208395,6.497542,23.0,4164.0,0.160667,2000.0,1400.0,2.0,1.0354999999999999
0,7,on,247,259,0,7.658375,6.596333,0.289791,0.020417,0.618333,7.9458747,23.0,4164.0,0.109667,2000.0,1400.0,2.0,1.0620420000000008
0,7,on,248,260,1,6.433083,5.4475827,0.210209,0.01925,0.677625,6.742917,23.0,4164.0,0.10516700000000001,2000.0,1400.0,2.0,0.9855003
0,7,on,249,261,0,6.171,5.1622496,0.24383299,0.0185,0.6055,6.509417,23.0,4164.0,0.175291,2000.0,1400.0,2.0,1.0087504000000003
0,7,on,250,262,1,6.002958,4.922417,0.236,0.018458,0.678083,6.350584,23.0,4164.0,0.10545800000000001,2000.0,1400.0,2.0,1.0805409999999993
0,7,on,251,263,0,6.291042,5.265875,0.236833,0.020166999,0.683166,6.640375,23.0,4164.0,0.124542,2000.0,1400.0,2.0,1.0251669999999997
0,7,on,252,264,1,14.630083,13.511166,0.23425,0.022875,0.71379197,14.931251,23.0,4164.0,0.183375,2000.0,1400.0,2.0,1.1189170000000015
0,7,on,253,265,0,7.4977913,5.4320827,0.25308302,0.039042,1.6784999,7.827625,23.0,4164.0,0.146042,2000.0,1400.0,2.0,2.0657086000000007
0,7,on,254,266,1,6.031,5.059084,0.203417,0.020959,0.66875005,6.62275,23.0,4164.0,0.33345800000000003,2000.0,1400.0,2.0,0.9719159999999993
0,7,on,255,267,0,6.300541,5.245,0.24266699,0.020584,0.708542,6.600708,23.0,4164.0,0.14958300000000002,2000.0,1400.0,2.0,1.0555409999999998
0,7,on,256,268,1,6.186833,4.887375,0.35358298,0.021875,0.64024997,6.572167,23.0,4164.0,0.213375,2000.0,1400.0,2.0,1.2994580000000004
0,7,on,257,269,0,6.29375,5.2262907,0.25025,0.020125,0.716542,6.58775,23.0,4164.0,0.107625,2000.0,1400.0,2.0,1.0674593000000003
0,7,on,258,270,1,5.993958,4.936375,0.24429199,0.021625,0.637459,6.279916,23.0,4164.0,0.17275,2000.0,1400.0,2.0,1.0575830000000002
0,7,on,259,271,0,6.7996674,5.154417,0.278,0.018958,1.269041,7.140167,23.0,4164.0,0.105333,2000.0,1400.0,2.0,1.6452504000000001
0,7,on,260,272,1,6.386875,5.361583,0.226583,0.019041,0.7015,6.677166,23.0,4164.0,0.1595,2000.0,1400.0,2.0,1.0252919999999994
0,7,on,261,273,0,6.337125,5.206167,0.262209,0.017125,0.744542,6.6332083,23.0,4164.0,0.176625,2000.0,1400.0,2.0,1.1309580000000006
0,7,on,262,274,1,6.099084,5.0965834,0.255,0.020166999,0.564125,6.443167,23.0,4164.0,0.169833,2000.0,1400.0,2.0,1.0025006000000003
0,7,on,263,275,0,6.101542,5.0588746,0.272042,0.018625,0.589125,6.453042,23.0,4164.0,0.074792,2000.0,1400.0,2.0,1.0426674
0,7,on,264,276,1,6.187334,5.127375,0.310375,0.019375,0.587417,6.459125,23.0,4164.0,0.10091699999999999,2000.0,1400.0,2.0,1.059959
0,7,on,265,277,0,6.1376247,5.0775,0.260916,0.019834,0.62420803,6.494875,23.0,4164.0,0.0915,2000.0,1400.0,2.0,1.0601247000000003
0,7,on,266,278,1,6.393875,5.208291,0.249375,0.024166,0.75120896,6.7765,23.0,4164.0,0.112125,2000.0,1400.0,2.0,1.1855840000000004
0,7,on,267,279,0,6.035709,4.9778748,0.256875,0.018291,0.69991696,6.37925,23.0,4164.0,0.15525,2000.0,1400.0,2.0,1.0578341999999994
0,7,on,268,280,1,6.242334,5.190709,0.240834,0.02125,0.635166,6.5309167,23.0,4164.0,0.172541,2000.0,1400.0,2.0,1.0516249999999996
0,7,on,269,281,0,6.3885417,5.255,0.412083,0.018708,0.624084,6.68825,23.0,4164.0,0.179417,2000.0,1400.0,2.0,1.1335417000000003
0,7,on,270,282,1,6.091333,5.10125,0.24429199,0.02075,0.579625,6.43325,23.0,4164.0,0.10074999999999999,2000.0,1400.0,2.0,0.9900829999999994
0,7,on,271,283,0,6.2574162,5.123834,0.32675,0.018208,0.6515,6.5402083,23.0,4164.0,0.08270799999999999,2000.0,1400.0,2.0,1.1335821999999993
0,7,on,272,284,1,6.202458,5.133959,0.24787499,0.018334,0.640375,6.5375423,23.0,4164.0,0.10450000000000001,2000.0,1400.0,2.0,1.068499
0,7,on,273,285,0,6.579625,5.4595,0.287333,0.020041,0.721209,6.876125,23.0,4164.0,0.101,2000.0,1400.0,2.0,1.1201249999999998
0,7,on,274,286,1,6.164917,5.1150827,0.379125,0.020957999,0.569708,6.480584,23.0,4164.0,0.182416,2000.0,1400.0,2.0,1.0498342999999997
0,7,on,275,287,0,6.105708,4.9464583,0.332333,0.021125,0.594708,6.450667,23.0,4164.0,0.11649999999999999,2000.0,1400.0,2.0,1.1592497000000002
0,7,on,276,288,1,6.326875,5.247333,0.29616702,0.020290999,0.584958,6.615209,23.0,4164.0,0.109292,2000.0,1400.0,2.0,1.079542
0,7,on,277,289,0,6.259042,5.161625,0.25345802,0.01875,0.74079204,6.616209,23.0,4164.0,0.083791,2000.0,1400.0,2.0,1.097417
0,7,on,278,290,1,6.297167,5.23075,0.26154202,0.019542,0.704,6.603917,23.0,4164.0,0.20525,2000.0,1400.0,2.0,1.0664170000000004
0,7,on,279,291,0,6.25,5.175041,0.2635,0.019625,0.68025,6.556083,23.0,4164.0,0.185833,2000.0,1400.0,2.0,1.0749589999999998
0,7,on,280,292,1,6.260917,5.2462916,0.233792,0.02,0.62083304,6.552625,23.0,4164.0,0.159916,2000.0,1400.0,2.0,1.0146254
0,7,on,281,293,0,6.1976247,5.108167,0.388958,0.021417,0.600042,6.4993753,23.0,4164.0,0.111333,2000.0,1400.0,2.0,1.0894577000000005
0,7,on,282,294,1,6.001708,4.986667,0.260459,0.0185,0.579875,6.4422503,23.0,4164.0,0.112583,2000.0,1400.0,2.0,1.015041
0,7,on,283,295,0,6.139833,5.0845003,0.26383302,0.020166999,0.608,6.475792,23.0,4164.0,0.086417,2000.0,1400.0,2.0,1.0553327000000001
0,7,on,284,296,1,6.298,5.179958,0.233875,0.017083,0.680084,6.591375,23.0,4164.0,0.110084,2000.0,1400.0,2.0,1.118042
0,7,on,285,297,0,5.926042,4.912667,0.26425,0.019917,0.644542,6.265041,23.0,4164.0,0.173958,2000.0,1400.0,2.0,1.013375
0,7,on,286,298,1,6.217875,5.1123753,0.24729198,0.017874999,0.684708,6.5765843,23.0,4164.0,0.166209,2000.0,1400.0,2.0,1.1054997000000002
0,7,on,287,299,0,6.3527503,5.2434587,0.24404201,0.017416,0.76454204,6.696708,23.0,4164.0,0.154875,2000.0,1400.0,2.0,1.1092916000000006
0,7,on,288,300,1,6.12675,5.1210423,0.245042,0.018958,0.590375,6.47925,23.0,4164.0,0.251292,2000.0,1400.0,2.0,1.0057077000000003
0,7,on,289,301,0,6.18225,5.131083,0.24483301,0.022208,0.639042,6.5352077,23.0,4164.0,0.09879099999999999,2000.0,1400.0,2.0,1.0511669999999995
0,7,on,290,302,1,6.338667,5.132,0.24350001,0.022958,0.728833,6.6385417,23.0,4164.0,0.12425000000000001,2000.0,1400.0,2.0,1.2066670000000004
0,7,on,291,303,0,6.5681667,5.25975,0.233875,0.020292,0.965375,6.90575,23.0,4164.0,0.147959,2000.0,1400.0,2.0,1.3084166999999995
0,7,on,292,304,1,6.250833,5.2303753,0.27129102,0.020292,0.647959,6.541125,23.0,4164.0,0.445834,2000.0,1400.0,2.0,1.0204576999999997
0,7,on,293,305,0,6.170042,5.127417,0.244709,0.020166999,0.627208,6.526291,23.0,4164.0,0.115333,2000.0,1400.0,2.0,1.0426249999999992
0,7,on,294,306,1,5.9885,4.9709997,0.233208,0.020834,0.618833,6.283875,23.0,4164.0,0.10404100000000001,2000.0,1400.0,2.0,1.0175003
0,7,on,295,307,0,6.321792,5.219083,0.240625,0.0225,0.760458,6.647334,23.0,4164.0,0.099083,2000.0,1400.0,2.0,1.102709
0,7,on,296,308,1,6.296125,5.27825,0.231875,0.019749999,0.683,6.6005,23.0,4164.0,0.232791,2000.0,1400.0,2.0,1.017875
0,7,on,297,309,0,6.467333,5.434,0.240375,0.020083,0.69258404,6.759083,23.0,4164.0,0.16387500000000002,2000.0,1400.0,2.0,1.0333329999999998
0,7,on,298,310,1,6.254334,5.1559577,0.247666,0.017791001,0.684458,6.5986667,23.0,4164.0,0.176875,2000.0,1400.0,2.0,1.0983763
0,7,on,299,311,0,6.1600842,5.1854587,0.238167,0.021417,0.565792,6.509667,23.0,4164.0,0.156333,2000.0,1400.0,2.0,0.9746255000000001
0,7,on,300,312,1,6.179375,5.100083,0.25187498,0.019,0.62725,6.4664173,23.0,4164.0,0.085708,2000.0,1400.0,2.0,1.0792920000000006
0,7,on,301,313,0,6.10825,5.0907497,0.24345799,0.019208001,0.600042,6.477666,23.0,4164.0,0.107584,2000.0,1400.0,2.0,1.0175003
0,7,on,302,314,1,6.222333,5.181083,0.226834,0.019082999,0.644667,6.511916,23.0,4164.0,0.097334,2000.0,1400.0,2.0,1.0412499999999998
0,7,on,303,315,0,5.9892077,4.974833,0.232584,0.021666,0.607208,6.275041,23.0,4164.0,0.128167,2000.0,1400.0,2.0,1.0143746999999994
0,7,on,304,316,1,6.2292914,5.1635838,0.243875,0.019125,0.651083,6.522833,23.0,4164.0,0.1115,2000.0,1400.0,2.0,1.0657076000000005
0,7,on,305,317,0,6.2712083,5.226833,0.251958,0.021458,0.688,6.593542,23.0,4164.0,0.128583,2000.0,1400.0,2.0,1.0443752999999996
0,7,on,306,318,1,6.14475,5.1099167,0.26870802,0.018875,0.559042,6.435,23.0,4164.0,0.184291,2000.0,1400.0,2.0,1.0348332999999998
0,7,on,307,319,0,6.476958,5.170667,0.229708,0.021458,0.899792,6.758625,23.0,4164.0,0.08033399999999999,2000.0,1400.0,2.0,1.3062909999999999
0,7,on,308,320,1,6.268042,5.227291,0.24608299,0.018958,0.691875,6.5745,23.0,4164.0,0.389666,2000.0,1400.0,2.0,1.0407510000000002
0,7,on,309,321,0,6.203917,5.233,0.24445899,0.018708,0.625833,6.511625,23.0,4164.0,0.1695,2000.0,1400.0,2.0,0.970917
0,7,on,310,322,1,6.205625,5.115667,0.338958,0.020125,0.621291,6.520916,23.0,4164.0,0.189417,2000.0,1400.0,2.0,1.0899580000000002
0,7,on,311,323,0,6.1525,5.1505423,0.271125,0.019499999,0.630708,6.4459577,23.0,4164.0,0.10925,2000.0,1400.0,2.0,1.0019577000000002
0,7,on,312,324,1,6.647125,5.62025,0.208042,0.018250002,0.72266597,6.921292,23.0,4164.0,0.149834,2000.0,1400.0,2.0,1.0268749999999995
0,7,on,313,325,0,6.38,5.2887907,0.242417,0.020625,0.74595803,6.681584,23.0,4164.0,0.186042,2000.0,1400.0,2.0,1.0912093
0,7,on,314,326,1,6.4795,5.091292,0.517416,0.017917,0.763666,6.7825413,23.0,4164.0,0.20333400000000001,2000.0,1400.0,2.0,1.3882079999999997
0,7,on,315,327,0,6.493167,5.3440003,0.319,0.020542,0.72941595,6.778834,23.0,4164.0,0.23033299999999998,2000.0,1400.0,2.0,1.1491666999999994
0,7,on,316,328,1,6.194917,5.180208,0.304958,0.018792,0.608625,6.5028334,23.0,4164.0,0.215125,2000.0,1400.0,2.0,1.0147089999999999
0,7,on,317,329,0,6.308916,5.259625,0.235458,0.019291999,0.711833,6.606333,23.0,4164.0,0.10725,2000.0,1400.0,2.0,1.0492910000000002
0,7,on,318,330,1,6.1833334,5.0456247,0.415333,0.020208,0.614375,6.5300417,23.0,4164.0,0.192417,2000.0,1400.0,2.0,1.1377087000000001
0,7,on,319,331,0,6.193917,5.165542,0.232708,0.019375,0.618083,6.5544577,23.0,4164.0,0.11887500000000001,2000.0,1400.0,2.0,1.0283749999999996
0,7,on,320,332,1,6.247791,5.234333,0.236041,0.017209,0.677167,6.558041,23.0,4164.0,0.10145900000000001,2000.0,1400.0,2.0,1.013458
0,7,on,321,333,0,5.972958,4.949667,0.24724999,0.017,0.67775,6.282208,23.0,4164.0,0.191292,2000.0,1400.0,2.0,1.0232910000000004
0,7,on,322,334,1,6.2979164,5.20875,0.26575,0.020290999,0.719,6.6098747,23.0,4164.0,0.186541,2000.0,1400.0,2.0,1.0891663999999999
0,7,on,323,335,0,6.334209,5.2567077,0.244667,0.018917,0.73370796,6.6247087,23.0,4164.0,0.179208,2000.0,1400.0,2.0,1.0775013000000007
0,7,on,324,336,1,6.176292,5.199417,0.245625,0.019082999,0.629417,6.4866667,23.0,4164.0,0.211583,2000.0,1400.0,2.0,0.9768749999999997
0,7,on,325,337,0,6.3449583,5.321167,0.23558299,0.020875001,0.68241704,6.705958,23.0,4164.0,0.144917,2000.0,1400.0,2.0,1.0237913
0,7,on,326,338,1,6.235916,5.226625,0.236292,0.019458001,0.613084,6.5757504,23.0,4164.0,0.1675,2000.0,1400.0,2.0,1.0092909999999993
0,7,on,327,339,0,6.224083,5.113542,0.325917,0.017791001,0.654792,6.543667,23.0,4164.0,0.101167,2000.0,1400.0,2.0,1.1105410000000004
0,7,on,328,340,1,6.373416,4.967,0.230958,0.021083001,0.859959,6.768291,23.0,4164.0,0.129792,2000.0,1400.0,2.0,1.406416
0,7,on,329,341,0,6.4360003,5.237041,0.30045798,0.020208,0.796667,6.733666,23.0,4164.0,0.227333,2000.0,1400.0,2.0,1.1989593000000003
0,7,on,330,342,1,6.226833,4.918042,0.242875,0.019167,0.885709,6.527916,23.0,4164.0,0.199292,2000.0,1400.0,2.0,1.3087910000000003
0,7,on,331,343,0,6.286,5.2035,0.305917,0.020916,0.672791,6.579583,23.0,4164.0,0.336208,2000.0,1400.0,2.0,1.0824999999999996
0,7,on,332,344,1,6.952084,5.869708,0.22637501,0.018833,0.684,7.237583,23.0,4164.0,0.163625,2000.0,1400.0,2.0,1.082376
0,7,on,333,345,0,6.366375,5.393417,0.20191701,0.020957999,0.67025,6.652333,23.0,4164.0,0.146167,2000.0,1400.0,2.0,0.9729579999999993
0,7,on,334,346,1,6.333417,5.201417,0.252667,0.019917,0.706667,6.629292,23.0,4164.0,0.172041,2000.0,1400.0,2.0,1.1319999999999997
0,7,on,335,347,0,6.157834,5.078791,0.256375,0.019166,0.616792,6.474292,23.0,4164.0,0.1675,2000.0,1400.0,2.0,1.0790430000000004
0,7,on,336,348,1,6.3909583,5.296875,0.3095,0.020458,0.614208,6.697792,23.0,4164.0,0.110542,2000.0,1400.0,2.0,1.0940833000000003
0,7,on,337,349,0,6.86975,5.123667,0.235416,0.019584,1.2920829,7.178208,23.0,4164.0,0.1035,2000.0,1400.0,2.0,1.7460829999999996
0,7,on,338,350,1,6.292917,5.3439593,0.247291,0.019208001,0.6015,6.589375,23.0,4164.0,0.29879100000000003,2000.0,1400.0,2.0,0.9489577000000002
0,7,on,339,351,0,6.0328746,4.9897504,0.233708,0.019958999,0.7075,6.325209,23.0,4164.0,0.1615,2000.0,1400.0,2.0,1.0431242000000003
0,7,on,340,352,1,6.295708,5.1734166,0.257292,0.018583,0.702125,6.597917,23.0,4164.0,0.19075,2000.0,1400.0,2.0,1.1222914
0,7,on,341,353,0,6.1818748,5.182541,0.23666699,0.020625,0.59912497,6.527625,23.0,4164.0,0.17108299999999999,2000.0,1400.0,2.0,0.9993338000000005
0,7,on,342,354,1,6.250875,5.1142077,0.277333,0.018708,0.668167,6.549917,23.0,4164.0,0.093542,2000.0,1400.0,2.0,1.1366673
0,7,on,343,355,0,6.25,5.21175,0.259625,0.020709,0.672333,6.606541,23.0,4164.0,0.129875,2000.0,1400.0,2.0,1.0382499999999997
0,7,on,344,356,1,7.230584,5.143042,0.25783402,0.0175,1.6329579,7.5270424,23.0,4164.0,0.19833399999999998,2000.0,1400.0,2.0,2.087542
0,7,on,345,357,0,6.432,5.337625,0.318333,0.021541,0.675542,6.723208,23.0,4164.0,0.24766700000000003,2000.0,1400.0,2.0,1.0943750000000003
0,7,on,346,358,1,6.434292,5.382125,0.23449999,0.0185,0.719625,6.737667,23.0,4164.0,0.176041,2000.0,1400.0,2.0,1.0521669999999999
0,7,on,347,359,0,6.308041,5.229583,0.31425,0.018082999,0.598542,6.633125,23.0,4164.0,0.1875,2000.0,1400.0,2.0,1.0784580000000004
0,7,on,348,360,1,5.9612083,4.8946657,0.260417,0.020667,0.63379204,6.29175,23.0,4164.0,0.10045899999999999,2000.0,1400.0,2.0,1.0665426
0,7,on,349,361,0,6.4152923,5.392875,0.241917,0.018708,0.682917,6.700708,23.0,4164.0,0.112417,2000.0,1400.0,2.0,1.0224172999999999
0,7,on,350,362,1,6.191,5.186584,0.22837499,0.019958999,0.615375,6.534875,23.0,4164.0,0.175334,2000.0,1400.0,2.0,1.004416
0,7,on,351,363,0,6.390667,5.3337917,0.242625,0.020125,0.713875,6.72375,23.0,4164.0,0.10595800000000001,2000.0,1400.0,2.0,1.0568752999999997
0,7,on,352,364,1,6.2842917,5.148708,0.392,0.018000001,0.644333,6.580458,23.0,4164.0,0.185209,2000.0,1400.0,2.0,1.1355836999999998
0,7,on,353,365,0,6.3013334,5.0953746,0.374708,0.021334,0.721,6.6038327,23.0,4164.0,0.10675000000000001,2000.0,1400.0,2.0,1.2059587999999994
0,7,on,354,366,1,6.343083,5.216625,0.261125,0.019834,0.668458,6.642459,23.0,4164.0,0.175666,2000.0,1400.0,2.0,1.1264580000000004
0,7,on,355,367,0,6.2120833,5.17525,0.258334,0.020707998,0.672916,6.553292,23.0,4164.0,0.1265,2000.0,1400.0,2.0,1.0368332999999996
0,7,on,356,368,1,6.2115,5.116459,0.30470902,0.018041,0.61825,6.5110826,23.0,4164.0,0.15537499999999999,2000.0,1400.0,2.0,1.0950410000000002
0,7,on,357,369,0,6.0036674,4.939333,0.267041,0.019,0.666875,6.296,23.0,4164.0,0.090375,2000.0,1400.0,2.0,1.0643344
0,7,on,358,370,1,6.3111672,5.2762504,0.244792,0.018667001,0.68858397,6.6415,23.0,4164.0,0.175167,2000.0,1400.0,2.0,1.0349167999999995
0,7,on,359,371,0,6.187417,5.170208,0.24583301,0.019666001,0.60775,6.4909997,23.0,4164.0,0.181958,2000.0,1400.0,2.0,1.0172090000000003
0,7,on,360,372,1,6.1220837,4.8573747,0.333,0.017791001,0.615458,6.478583,23.0,4164.0,0.108459,2000.0,1400.0,2.0,1.2647089999999999
1,0,on,121,131,1,6.537208,2.00175,0.281084,0.017792,4.153084,6.81,23.0,4164.0,2.449833,2000.0,1400.0,2.0,4.535458
1,0,on,122,132,0,6.616041,2.100083,0.27575,0.020292,4.136292,6.912917,23.0,4164.0,3.622209,2000.0,1400.0,2.0,4.5159579999999995
1,0,on,123,133,1,5.428792,2.036417,0.29237503,0.016375,2.988584,5.790125,23.0,4164.0,3.6139580000000002,2000.0,1400.0,2.0,3.3923749999999995
1,0,on,124,134,0,5.457541,1.9475,0.254292,0.018917,3.115916,5.765375,23.0,4164.0,2.483542,2000.0,1400.0,2.0,3.510041
1,0,on,125,135,1,5.280125,1.932041,0.290542,0.018291,2.947208,5.599875,23.0,4164.0,2.477042,2000.0,1400.0,2.0,3.348084
1,0,on,126,136,0,7.562167,1.914667,0.27175,0.017333,5.265334,7.899791,23.0,4164.0,2.443667,2000.0,1400.0,2.0,5.6475
1,0,on,127,137,1,5.606333,2.322542,0.247833,0.018000001,2.9355,5.907042,23.0,4164.0,4.731,2000.0,1400.0,2.0,3.2837910000000003
1,0,on,128,138,0,7.836291,2.143875,0.288167,0.015208,5.2844586,8.1575,23.0,4164.0,2.450041,2000.0,1400.0,2.0,5.692416
1,0,on,129,139,1,5.66925,2.205583,0.332208,0.0185,3.030917,5.956416,23.0,4164.0,4.763917,2000.0,1400.0,2.0,3.463667
1,0,on,130,140,0,8.803417,1.848708,0.41379097,0.018042,6.4284167,9.097584,23.0,4164.0,2.49175,2000.0,1400.0,2.0,6.954708999999999
1,0,on,131,141,1,4.288625,0.02575,0.251916,0.006542,3.9142501,4.587125,23.0,4164.0,5.897291,2000.0,1400.0,2.0,4.262874999999999
1,0,on,132,142,0,3.299916,0.026916,0.23495801,0.0065,2.946458,3.586958,23.0,4164.0,3.507291,2000.0,1400.0,2.0,3.273
1,0,on,133,143,1,5.533042,2.233084,0.25625,0.016459,2.9460838,5.8311253,23.0,4164.0,2.478459,2000.0,1400.0,2.0,3.299958
1,0,on,134,144,0,7.8771253,2.2045,0.24374999,0.017625,5.324834,8.193542,23.0,4164.0,2.471333,2000.0,1400.0,2.0,5.6726253
1,0,on,135,145,1,5.591875,2.265584,0.263667,0.018667001,2.962,5.882042,23.0,4164.0,4.784667000000001,2000.0,1400.0,2.0,3.326291
1,0,on,136,146,0,7.5944166,1.943167,0.247083,0.015708,5.291625,7.919333,23.0,4164.0,2.4501660000000003,2000.0,1400.0,2.0,5.6512496
1,0,on,137,147,1,5.491459,2.171625,0.228333,0.017834,2.9937909,5.77125,23.0,4164.0,4.751458,2000.0,1400.0,2.0,3.3198339999999997
1,0,on,138,148,0,6.542333,2.116208,0.243875,0.022916,4.077666,6.833625,23.0,4164.0,2.4546669999999997,2000.0,1400.0,2.0,4.426125000000001
1,0,on,139,149,1,5.5065413,2.079125,0.285792,0.020083,3.0272079,5.8105,23.0,4164.0,3.534084,2000.0,1400.0,2.0,3.4274163000000004
1,0,on,140,150,0,6.761916,2.1709158,0.25825,0.016874999,4.2122917,7.108708,23.0,4164.0,2.532542,2000.0,1400.0,2.0,4.5910002
1,0,on,141,151,1,5.419791,2.023416,0.325375,0.018000001,2.96375,5.745459,23.0,4164.0,3.6342499999999998,2000.0,1400.0,2.0,3.396375
1,0,on,142,152,0,6.479417,1.968208,0.248084,0.0155,4.162458,6.778458,23.0,4164.0,2.467916,2000.0,1400.0,2.0,4.511209
1,0,on,143,153,1,5.412791,2.112375,0.244333,0.018041,2.9252918,5.716,23.0,4164.0,3.6209160000000002,2000.0,1400.0,2.0,3.3004160000000002
1,0,on,144,154,0,5.109916,1.955542,0.268042,0.017416,2.7843752,5.4188747,23.0,4164.0,2.434125,2000.0,1400.0,2.0,3.1543740000000002
1,0,on,145,155,1,6.564042,2.100458,0.258375,0.018375,4.0967503,6.874042,23.0,4164.0,2.3435,2000.0,1400.0,2.0,4.463583999999999
1,0,on,146,156,0,8.935417,2.1904578,0.243,0.01925,6.3910837,9.228708,23.0,4164.0,3.601042,2000.0,1400.0,2.0,6.744959199999999
1,0,on,147,157,1,4.491583,0.025042,0.24941601,0.0065409997,4.127167,4.789792,23.0,4164.0,5.866042,2000.0,1400.0,2.0,4.466541
1,0,on,148,158,0,4.3536673,0.025833,0.231542,0.006083,4.00875,4.643416,23.0,4164.0,3.641209,2000.0,1400.0,2.0,4.327834299999999
1,0,on,149,159,1,4.37075,0.025417,0.245,0.005917,4.0064588,4.6793747,23.0,4164.0,3.564292,2000.0,1400.0,2.0,4.345333
1,0,on,150,160,0,4.503625,0.025583,0.236459,0.005791,4.149292,4.801709,23.0,4164.0,3.53875,2000.0,1400.0,2.0,4.478042
1,0,on,151,161,1,4.427125,0.026625,0.220708,0.006625,4.0861254,4.7330837,23.0,4164.0,3.666083,2000.0,1400.0,2.0,4.4005
1,0,on,152,162,0,4.330875,0.026792001,0.23674999,0.0060409997,3.9785001,4.609167,23.0,4164.0,3.619542,2000.0,1400.0,2.0,4.304082999
1,0,on,153,163,1,4.6304164,0.025583,0.233708,0.006667,4.279375,4.93175,23.0,4164.0,3.568292,2000.0,1400.0,2.0,4.6048333999999995
1,0,on,154,164,0,4.3357906,0.024708001,0.220292,0.0059160003,3.9990828,4.626,23.0,4164.0,3.4984170000000003,2000.0,1400.0,2.0,4.311082599000001
1,0,on,155,165,1,4.377667,0.023917,0.23449999,0.0062499996,4.031959,4.66925,23.0,4164.0,3.5448329999999997,2000.0,1400.0,2.0,4.35375
1,0,on,156,166,0,3.273916,0.023709001,0.263458,0.005416,2.902334,3.548334,23.0,4164.0,3.578375,2000.0,1400.0,2.0,3.250206999
1,0,on,157,167,1,7.8320003,2.2507079,0.242833,0.017792,5.231875,8.154792,23.0,4164.0,2.459625,2000.0,1400.0,2.0,5.5812924
1,0,on,158,168,0,7.921042,2.297584,0.26262498,0.017792,5.2616253,8.198833,23.0,4164.0,4.72375,2000.0,1400.0,2.0,5.623457999999999
1,0,on,159,169,1,5.595291,2.292167,0.221875,0.019875001,2.978917,5.9118752,23.0,4164.0,4.738333,2000.0,1400.0,2.0,3.3031239999999995
1,0,on,160,170,0,7.620208,1.889209,0.299959,0.018375,5.31225,7.9392095,23.0,4164.0,2.439167,2000.0,1400.0,2.0,5.730999
1,0,on,161,171,1,5.5353746,2.265666,0.240084,0.018208,2.930667,5.859084,23.0,4164.0,4.7895,2000.0,1400.0,2.0,3.2697086
1,0,on,162,172,0,7.620584,2.003875,0.258833,0.0165,5.256,7.9559584,23.0,4164.0,2.4365419999999998,2000.0,1400.0,2.0,5.616709
1,0,on,163,173,1,5.747792,2.250959,0.268125,0.01675,3.126542,6.04,23.0,4164.0,4.725708,2000.0,1400.0,2.0,3.4968329999999996
1,0,on,164,174,0,5.5457077,2.193625,0.278166,0.017333,2.974167,5.83125,23.0,4164.0,2.468083,2000.0,1400.0,2.0,3.3520827000000004
1,0,on,165,175,1,5.6421657,2.1973329,0.267167,0.016667,3.0724158,5.949458,23.0,4164.0,2.458416,2000.0,1400.0,2.0,3.4448327999999995
1,0,on,166,176,0,6.495542,1.9451251,0.302667,0.018917,4.145375,6.80475,23.0,4164.0,2.489042,2000.0,1400.0,2.0,4.5504169
1,0,on,167,177,1,6.62,2.1312919,0.239042,0.018625,4.146541,6.9077916,23.0,4164.0,3.6205830000000003,2000.0,1400.0,2.0,4.4887081
1,0,on,168,178,0,5.431084,2.115167,0.23691699,0.015,2.987667,5.7467504,23.0,4164.0,3.607334,2000.0,1400.0,2.0,3.3159170000000002
1,0,on,169,179,1,5.2999997,1.864458,0.34175003,0.017083999,2.9872081,5.62825,23.0,4164.0,2.4657080000000002,2000.0,1400.0,2.0,3.4355417
1,0,on,170,180,0,8.460459,1.9826661,0.25387502,0.016125,6.108083,8.754375,23.0,4164.0,2.466125,2000.0,1400.0,2.0,6.4777929
1,0,on,171,181,1,4.738709,0.025416,0.237291,0.0055,4.388917,5.017875,23.0,4164.0,4.76325,2000.0,1400.0,2.0,4.713293
1,0,on,172,182,0,4.3945837,0.026874999,0.24550001,0.005625,4.033167,4.698584,23.0,4164.0,3.675625,2000.0,1400.0,2.0,4.367708701
1,0,on,173,183,1,5.5437913,0.021166,0.221417,0.006333,5.2107077,5.840542,23.0,4164.0,3.582792,2000.0,1400.0,2.0,5.5226253
1,0,on,174,184,0,6.73875,0.028584,0.2605,0.006667,6.354792,7.2778754,23.0,4164.0,4.72225,2000.0,1400.0,2.0,6.710165999999999
1,0,on,175,185,1,4.491583,0.029458001,0.26162502,0.007333,4.106542,4.791625,23.0,4164.0,5.87075,2000.0,1400.0,2.0,4.462124999
1,0,on,176,186,0,3.3162498,0.027042,0.23883301,0.005958,2.962333,3.606084,23.0,4164.0,3.602458,2000.0,1400.0,2.0,3.2892078000000002
1,0,on,177,187,1,5.61625,2.378834,0.223083,0.018458,2.915333,5.953541,23.0,4164.0,2.495667,2000.0,1400.0,2.0,3.237416
1,0,on,178,188,0,6.393,1.837917,0.34237498,0.016541,4.1089997,6.753375,23.0,4164.0,2.470916,2000.0,1400.0,2.0,4.555083
1,0,on,179,189,1,5.480167,2.184042,0.24670799,0.016708,2.9458752,5.779458,23.0,4164.0,3.64525,2000.0,1400.0,2.0,3.296125
1,0,on,180,190,0,5.385083,1.8777089,0.385375,0.017041,3.024333,5.663083,23.0,4164.0,2.402,2000.0,1400.0,2.0,3.5073741
1,0,on,181,191,1,5.336666,1.9881669,0.26275,0.0155420005,2.986083,5.622583,23.0,4164.0,2.488042,2000.0,1400.0,2.0,3.3484991
1,0,on,182,192,0,7.860209,2.185667,0.286166,0.016,5.28575,8.158916,23.0,4164.0,2.466833,2000.0,1400.0,2.0,5.674542000000001
1,0,on,183,193,1,5.501166,2.273292,0.22370899,0.016,2.9020832,5.8008747,23.0,4164.0,4.755625,2000.0,1400.0,2.0,3.2278739999999995
1,0,on,184,194,0,7.6887503,2.0222502,0.26175,0.014209,5.306625,8.019333,23.0,4164.0,2.428375,2000.0,1400.0,2.0,5.6665000999999995
1,0,on,185,195,1,4.919542,0.024875,0.24704199,0.006709,4.5596666,5.20825,23.0,4164.0,4.81625,2000.0,1400.0,2.0,4.894667
1,0,on,186,196,0,4.410292,0.027167,0.26008302,0.0055,4.0309157,4.701333,23.0,4164.0,3.69625,2000.0,1400.0,2.0,4.383125
1,0,on,187,197,1,4.4295,0.02575,0.23775001,0.006166,4.0733747,4.721208,23.0,4164.0,3.5267079999999997,2000.0,1400.0,2.0,4.40375
1,0,on,188,198,0,5.516083,0.023542,0.24158299,0.005791,5.166167,5.808167,23.0,4164.0,3.6093330000000003,2000.0,1400.0,2.0,5.492541
1,0,on,189,199,1,7.822333,0.026083,0.24695799,0.006416,7.461458,8.104375,23.0,4164.0,4.70775,2000.0,1400.0,2.0,7.796250000000001
1,0,on,190,200,0,3.2759578,0.027583001,0.239791,0.006625,2.914916,3.578041,23.0,4164.0,6.992,2000.0,1400.0,2.0,3.248374799
1,0,on,191,201,1,4.300959,0.023417,0.24695799,0.006584,3.940417,4.586875,23.0,4164.0,2.450625,2000.0,1400.0,2.0,4.2775419999999995
1,0,on,192,202,0,5.8380423,0.023791,0.252666,0.0060839998,5.476667,6.1177917,23.0,4164.0,3.5543340000000003,2000.0,1400.0,2.0,5.8142513
1,0,on,193,203,1,4.430708,0.023125,0.22408399,0.00525,4.094667,4.7201247,23.0,4164.0,4.78125,2000.0,1400.0,2.0,4.407583
1,0,on,194,204,0,4.5146246,0.023750002,0.239292,0.0058750003,4.164334,4.802084,23.0,4164.0,3.6364579999999997,2000.0,1400.0,2.0,4.490874598
1,0,on,195,205,1,5.614416,0.026833,0.261708,0.0062909997,5.225291,5.897541,23.0,4164.0,3.585916,2000.0,1400.0,2.0,5.587583
1,0,on,196,206,0,9.039208,0.027041,0.256584,0.005583,8.668417,9.330375,23.0,4164.0,4.7442910000000005,2000.0,1400.0,2.0,9.012167
1,0,on,197,207,1,6.369833,1.842875,0.289208,0.015416999,4.131042,6.673833,23.0,4164.0,8.175084,2000.0,1400.0,2.0,4.526958
1,0,on,198,208,0,10.1572075,2.108542,0.282625,0.0185,7.663292,10.496208,23.0,4164.0,3.597791,2000.0,1400.0,2.0,8.0486655
1,0,on,199,209,1,5.43625,0.025209,0.227834,0.005625,5.097875,5.718,23.0,4164.0,7.069458,2000.0,1400.0,2.0,5.411041
1,0,on,200,210,0,6.817875,0.027,0.243292,0.005833,6.461625,7.110875,23.0,4164.0,4.641167,2000.0,1400.0,2.0,6.790875
1,0,on,201,211,1,6.686042,0.026167,0.255792,0.005833,6.311667,6.971459,23.0,4164.0,5.866167,2000.0,1400.0,2.0,6.6598749999999995
1,0,on,202,212,0,4.31675,0.022042,0.22316699,0.005292,3.985834,4.61275,23.0,4164.0,5.858917,2000.0,1400.0,2.0,4.294708
1,0,on,203,213,1,4.5505834,0.024458999,0.24425,0.006583,4.187458,4.856666,23.0,4164.0,3.5391670000000004,2000.0,1400.0,2.0,4.526124401
1,0,on,204,214,0,4.377291,0.025208,0.216458,0.005584,4.048708,4.676875,23.0,4164.0,3.592542,2000.0,1400.0,2.0,4.3520829999999995
1,0,on,205,215,1,4.483791,0.028708,0.34895802,0.006708,4.010791,4.904375,23.0,4164.0,3.591667,2000.0,1400.0,2.0,4.455083
1,0,on,206,216,0,4.479083,0.027542,0.271416,0.0057920003,4.091209,4.763667,23.0,4164.0,3.561083,2000.0,1400.0,2.0,4.451541
1,0,on,207,217,1,5.507459,0.023791,0.22562501,0.0061669997,5.164625,5.810458,23.0,4164.0,3.579708,2000.0,1400.0,2.0,5.483668
1,0,on,208,218,0,5.58225,0.025916,0.27449998,0.006125,5.1913753,5.882,23.0,4164.0,4.70575,2000.0,1400.0,2.0,5.5563340000000006
1,0,on,209,219,1,5.4795423,0.023750002,0.226667,0.005834,5.141375,5.7644157,23.0,4164.0,4.71525,2000.0,1400.0,2.0,5.455792298
1,0,on,210,220,0,5.613125,0.024542,0.231083,0.005709,5.269042,5.9119997,23.0,4164.0,4.6947090000000005,2000.0,1400.0,2.0,5.588583
1,0,on,211,221,1,5.455666,0.0265,0.23454201,0.0061669997,5.104375,5.7669997,23.0,4164.0,4.727584,2000.0,1400.0,2.0,5.4291659999999995
1,0,on,212,222,0,4.470625,0.028291998,0.24604201,0.006375,4.106917,4.788416,23.0,4164.0,4.653792,2000.0,1400.0,2.0,4.442333002
1,0,on,213,223,1,5.700334,0.026541,0.263667,0.0073340004,5.315209,6.00175,23.0,4164.0,3.6175420000000003,2000.0,1400.0,2.0,5.673793
1,0,on,214,224,0,5.530833,0.024916,0.24429199,0.0056660003,5.17825,5.811542,23.0,4164.0,4.790584,2000.0,1400.0,2.0,5.505917
1,0,on,215,225,1,5.554792,0.026874999,0.244333,0.0061669997,5.189375,5.8492093,23.0,4164.0,4.713542,2000.0,1400.0,2.0,5.527917001
1,0,on,216,226,0,4.478292,0.027416,0.25437498,0.005542,4.111208,4.788375,23.0,4164.0,4.723917,2000.0,1400.0,2.0,4.450876
1,0,on,217,227,1,4.56125,0.026791,0.33075,0.0076659997,4.1080413,4.873166,23.0,4164.0,3.5881659999999997,2000.0,1400.0,2.0,4.534459
1,0,on,218,228,0,5.485,0.023875,0.233459,0.005791,5.142042,5.782667,23.0,4164.0,3.601959,2000.0,1400.0,2.0,5.461125
1,0,on,219,229,1,4.400834,0.030208,0.22433299,0.006458,4.0522504,4.743459,23.0,4164.0,4.669833,2000.0,1400.0,2.0,4.370626
1,0,on,220,230,0,4.558125,0.031083,0.272625,0.006125,4.164959,4.907875,23.0,4164.0,3.5652909999999998,2000.0,1400.0,2.0,4.527042000000001
1,0,on,221,231,1,6.549375,0.027,0.236334,0.005667,6.197334,6.845292,23.0,4164.0,3.66575,2000.0,1400.0,2.0,6.522375
1,0,on,222,232,0,4.583958,0.0295,0.33737502,0.007083,4.12875,4.8709593,23.0,4164.0,5.72725,2000.0,1400.0,2.0,4.554458
1,0,on,223,233,1,5.754625,0.028958,0.259083,0.007083,5.371542,6.1203747,23.0,4164.0,3.6298749999999997,2000.0,1400.0,2.0,5.725667
1,0,on,224,234,0,5.650958,0.029125,0.278042,0.0058750003,5.253667,6.012875,23.0,4164.0,4.807292,2000.0,1400.0,2.0,5.6218330000000005
1,0,on,225,235,1,5.672792,0.022,0.229083,0.006125,5.334833,5.959625,23.0,4164.0,4.752167,2000.0,1400.0,2.0,5.650792
1,0,on,226,236,0,5.635334,0.025625,0.283667,0.005542,5.235958,5.931042,23.0,4164.0,4.7518329999999995,2000.0,1400.0,2.0,5.6097090000000005
1,0,on,227,237,1,5.6714168,0.025917,0.26587498,0.007084,5.287459,5.965709,23.0,4164.0,4.740333000000001,2000.0,1400.0,2.0,5.6454998000000005
1,0,on,228,238,0,6.730875,0.026041,0.264334,0.006666,6.3510833,7.0307093,23.0,4164.0,4.784625,2000.0,1400.0,2.0,6.704834
1,0,on,229,239,1,5.687334,0.024582999,0.24550001,0.006625,5.33225,5.9821253,23.0,4164.0,5.861625,2000.0,1400.0,2.0,5.662751001
1,0,on,230,240,0,4.6079593,0.026167,0.275291,0.006667,4.210708,4.932167,23.0,4164.0,4.71875,2000.0,1400.0,2.0,4.5817923
1,0,on,231,241,1,5.7712083,0.026666999,0.42866603,0.007834,5.219708,6.070375,23.0,4164.0,3.691625,2000.0,1400.0,2.0,5.744541301
1,0,on,232,242,0,5.653,0.026333,0.2795,0.007417,5.251167,6.007167,23.0,4164.0,4.70825,2000.0,1400.0,2.0,5.626666999999999
1,0,on,233,243,1,5.6949577,0.025666999,0.260125,0.0057920003,5.31825,5.996666,23.0,4164.0,4.74125,2000.0,1400.0,2.0,5.6692907009999995
1,0,on,234,244,0,6.812625,0.03025,0.33029202,0.007917,6.36425,7.120375,23.0,4164.0,4.733583,2000.0,1400.0,2.0,6.782375
1,0,on,235,245,1,5.770791,0.027083,0.252083,0.006708,5.388959,6.069417,23.0,4164.0,5.856333,2000.0,1400.0,2.0,5.743708
1,0,on,236,246,0,6.7215,0.024542,0.23620799,0.005917,6.370917,7.0715833,23.0,4164.0,4.8433340000000005,2000.0,1400.0,2.0,6.6969579999999995
1,0,on,237,247,1,5.74825,0.028250001,0.239167,0.006333,5.3967924,6.039042,23.0,4164.0,5.871166,2000.0,1400.0,2.0,5.719999999
1,0,on,238,248,0,5.636625,0.027208,0.268041,0.006166,5.2545,5.928833,23.0,4164.0,4.7485,2000.0,1400.0,2.0,5.6094170000000005
1,0,on,239,249,1,7.8267503,0.029291999,0.28925,0.006292,7.410666,8.204042,23.0,4164.0,4.762125,2000.0,1400.0,2.0,7.797458301
1,0,on,240,250,0,4.4065003,0.025875,0.262458,0.005958,4.0257916,4.719584,23.0,4164.0,6.950791,2000.0,1400.0,2.0,4.3806253
1,0,on,241,251,1,4.5639997,0.037291,0.35920802,0.0076670004,4.074375,4.8499594,23.0,4164.0,3.583125,2000.0,1400.0,2.0,4.5267087
1,0,on,242,252,0,4.433583,0.030292,0.259458,0.006125,4.0533752,4.737834,23.0,4164.0,3.5296250000000002,2000.0,1400.0,2.0,4.403290999999999
1,0,on,243,253,1,4.359125,0.02725,0.255334,0.006209,3.982,4.666583,23.0,4164.0,3.56875,2000.0,1400.0,2.0,4.331874999999999
1,0,on,244,254,0,3.2645419,0.027584,0.26295897,0.0057920003,2.88375,3.55325,23.0,4164.0,3.47925,2000.0,1400.0,2.0,3.2369579
1,0,on,245,255,1,5.519667,0.023958001,0.2325,0.005625,5.1785,5.812333,23.0,4164.0,2.429083,2000.0,1400.0,2.0,5.4957089990000005
1,0,on,246,256,0,3.47425,0.027333999,0.236833,0.005625,3.1182919,3.761583,23.0,4164.0,4.723833,2000.0,1400.0,2.0,3.446916001
1,0,on,247,257,1,5.593958,2.298208,0.22837499,0.01575,2.970916,5.887667,23.0,4164.0,2.5557499999999997,2000.0,1400.0,2.0,3.29575
1,0,on,248,258,0,5.229083,1.9614589,0.259167,0.013084,2.9145422,5.526167,23.0,4164.0,2.504417,2000.0,1400.0,2.0,3.2676241
1,0,on,249,259,1,5.4423747,2.2073338,0.243375,0.016167,2.885625,5.7610407,23.0,4164.0,2.430084,2000.0,1400.0,2.0,3.2350409000000004
1,0,on,250,260,0,7.681,1.9485,0.248709,0.0155,5.3847504,7.980208,23.0,4164.0,2.440167,2000.0,1400.0,2.0,5.7325
1,0,on,251,261,1,4.5086246,0.029583,0.235709,0.006875,4.14825,4.899959,23.0,4164.0,4.7415840000000005,2000.0,1400.0,2.0,4.4790416
1,0,on,252,262,0,5.472875,0.026207998,0.230709,0.00575,5.1243753,5.7720423,23.0,4164.0,3.641583,2000.0,1400.0,2.0,5.446667002
1,0,on,253,263,1,4.3666253,0.024667,0.230208,0.0062909997,4.0255,4.650042,23.0,4164.0,4.645167000000001,2000.0,1400.0,2.0,4.3419583
1,0,on,254,264,0,4.389667,0.025167001,0.248875,0.006125,4.025333,4.692916,23.0,4164.0,3.58325,2000.0,1400.0,2.0,4.364499999
1,0,on,255,265,1,5.781083,0.025917,0.23062499,0.006875,5.4327083,6.080208,23.0,4164.0,3.574375,2000.0,1400.0,2.0,5.755166
1,0,on,256,266,0,5.671667,0.025416,0.23720801,0.0057920003,5.320667,5.979625,23.0,4164.0,4.853375,2000.0,1400.0,2.0,5.646251
1,0,on,257,267,1,5.4958754,0.024334,0.224,0.005833,5.159541,5.791791,23.0,4164.0,4.735791,2000.0,1400.0,2.0,5.4715414
1,0,on,258,268,0,5.569,0.029833,0.275583,0.006375,5.169333,5.95925,23.0,4164.0,4.74325,2000.0,1400.0,2.0,5.539167
1,0,on,259,269,1,6.724792,0.024417,0.259459,0.006667,6.349708,7.028084,23.0,4164.0,4.704375000000001,2000.0,1400.0,2.0,6.700375
1,0,on,260,270,0,4.442,0.025541,0.242708,0.006334,4.065083,4.7869997,23.0,4164.0,5.873749999999999,2000.0,1400.0,2.0,4.416459000000001
1,0,on,261,271,1,4.460833,0.025083,0.29291698,0.0061669997,4.051458,4.7626247,23.0,4164.0,3.581583,2000.0,1400.0,2.0,4.43575
1,0,on,262,272,0,5.658959,0.029000001,0.248,0.006,5.2939167,5.9484577,23.0,4164.0,3.576833,2000.0,1400.0,2.0,5.629958999
1,0,on,263,273,1,4.56075,0.027042,0.252167,0.006416,4.1903753,4.872125,23.0,4164.0,4.809208,2000.0,1400.0,2.0,4.533708
1,0,on,264,274,0,4.4554996,0.025583,0.230541,0.0058750003,4.113583,4.756792,23.0,4164.0,3.670625,2000.0,1400.0,2.0,4.429916599999999
1,0,on,265,275,1,5.550167,0.024334,0.24566701,0.0061669997,5.189958,5.859875,23.0,4164.0,3.6579170000000003,2000.0,1400.0,2.0,5.525833
1,0,on,266,276,0,5.513958,0.024458999,0.22958301,0.005083,5.179083,5.789666,23.0,4164.0,4.719333,2000.0,1400.0,2.0,5.4894990009999995
1,0,on,267,277,1,5.4929576,0.027417,0.220916,0.0060420004,5.1542077,5.7925,23.0,4164.0,4.712875,2000.0,1400.0,2.0,5.465540600000001
1,0,on,268,278,0,5.6272497,0.028625,0.324041,0.007417,5.1852093,5.9277916,23.0,4164.0,4.673042,2000.0,1400.0,2.0,5.5986247
1,0,on,269,279,1,5.62325,0.024542,0.245167,0.005458,5.2655,5.924625,23.0,4164.0,4.6925,2000.0,1400.0,2.0,5.598707999999999
1,0,on,270,280,0,7.8114576,0.024125,0.232584,0.005334,7.4701657,8.097584,23.0,4164.0,4.7834579999999995,2000.0,1400.0,2.0,7.7873326
1,0,on,271,281,1,4.4335423,0.02675,0.253958,0.0076670004,4.061,4.76375,23.0,4164.0,7.023416999999999,2000.0,1400.0,2.0,4.4067923
1,0,on,272,282,0,3.288041,0.032,0.2695,0.0064169997,2.897541,3.589542,23.0,4164.0,3.592583,2000.0,1400.0,2.0,3.256041
1,0,on,273,283,1,4.422584,0.028874999,0.230666,0.0064169997,4.071458,4.702209,23.0,4164.0,2.441792,2000.0,1400.0,2.0,4.3937090009999995
1,0,on,274,284,0,3.3706672,0.028041,0.253917,0.006542,2.9976249,3.717084,23.0,4164.0,3.586583,2000.0,1400.0,2.0,3.3426262
1,0,on,275,285,1,3.392583,0.02325,0.232708,0.0058750003,3.050833,3.6675,23.0,4164.0,2.5124589999999998,2000.0,1400.0,2.0,3.369333
1,0,on,276,286,0,4.6733327,0.023083,0.231375,0.005292,4.3325,4.969334,23.0,4164.0,2.487584,2000.0,1400.0,2.0,4.6502497
1,0,on,277,287,1,4.4752917,0.028459001,0.25775,0.0064169997,4.0976663,4.774,23.0,4164.0,3.618709,2000.0,1400.0,2.0,4.446832699
1,0,on,278,288,0,4.4300423,0.02625,0.25074998,0.005333,4.068625,4.705208,23.0,4164.0,3.6065,2000.0,1400.0,2.0,4.4037923
1,0,on,279,289,1,4.368708,0.026417,0.25379097,0.006458,3.9989998,4.650583,23.0,4164.0,3.581292,2000.0,1400.0,2.0,4.3422909999999995
1,0,on,280,290,0,4.568541,0.027709,0.30762503,0.0062499996,4.143958,4.870542,23.0,4164.0,3.550333,2000.0,1400.0,2.0,4.540832
1,0,on,281,291,1,4.498042,0.028792,0.312917,0.007875,4.065875,4.792542,23.0,4164.0,3.616334,2000.0,1400.0,2.0,4.46925
1,0,on,282,292,0,4.457125,0.027916,0.24558301,0.005541,4.095917,4.755167,23.0,4164.0,3.580083,2000.0,1400.0,2.0,4.429208999999999
1,0,on,283,293,1,5.0802503,0.054958,0.59479105,0.023667,4.291375,5.3703337,23.0,4164.0,3.62325,2000.0,1400.0,2.0,5.0252923
1,0,on,284,294,0,4.416208,0.026417,0.23362501,0.005958,4.06875,4.709709,23.0,4164.0,3.590625,2000.0,1400.0,2.0,4.389791
1,0,on,285,295,1,5.622167,0.027167,0.259292,0.0074159997,5.211167,5.916875,23.0,4164.0,3.5784160000000003,2000.0,1400.0,2.0,5.595
1,0,on,286,296,0,3.3261669,0.027708,0.2695,0.005708,2.9442499,3.6034591,23.0,4164.0,4.727458,2000.0,1400.0,2.0,3.2984589
1,0,on,287,297,1,13.880709,10.533458,0.271209,0.0205,2.971167,14.189,23.0,4164.0,2.459792,2000.0,1400.0,2.0,3.347251
1,0,on,288,298,0,9.031042,2.2293751,0.258708,0.0175,6.443,9.3665,23.0,4164.0,2.4617910000000003,2000.0,1400.0,2.0,6.801666899999999
1,0,on,289,299,1,5.64975,0.033083,0.272416,0.0079580005,5.24725,6.229417,23.0,4164.0,5.901958,2000.0,1400.0,2.0,5.616667
1,0,on,290,300,0,4.4790416,0.027375,0.254875,0.006459,4.106791,4.829209,23.0,4164.0,4.760000000000001,2000.0,1400.0,2.0,4.4516666
1,0,on,291,301,1,5.633459,0.025167001,0.228875,0.005709,5.2885,5.929459,23.0,4164.0,3.61,2000.0,1400.0,2.0,5.608291999
1,0,on,292,302,0,4.412959,0.0285,0.228459,0.006334,4.065958,4.755375,23.0,4164.0,4.814792,2000.0,1400.0,2.0,4.384459
1,0,on,293,303,1,4.306458,0.024542,0.232625,0.0058750003,3.963916,4.592417,23.0,4164.0,3.5790420000000003,2000.0,1400.0,2.0,4.281916
1,0,on,294,304,0,5.577667,0.024417,0.25891697,0.005917,5.210667,5.891417,23.0,4164.0,3.5174580000000004,2000.0,1400.0,2.0,5.55325
1,0,on,295,305,1,4.572958,0.028250001,0.230833,0.0065,4.2205,4.875375,23.0,4164.0,4.6450830000000005,2000.0,1400.0,2.0,4.544707999
1,0,on,296,306,0,5.534209,0.026834002,0.24670799,0.006334,5.148375,6.006083,23.0,4164.0,3.6561660000000002,2000.0,1400.0,2.0,5.5073749979999995
1,0,on,297,307,1,5.547958,0.027709,0.22758399,0.0062909997,5.2007504,5.846958,23.0,4164.0,4.698167,2000.0,1400.0,2.0,5.520249000000001
1,0,on,298,308,0,3.402417,0.021042,0.243625,0.005584,3.054083,3.681375,23.0,4164.0,4.730708,2000.0,1400.0,2.0,3.381375
1,0,on,299,309,1,5.673042,2.400416,0.210583,0.017665999,2.956083,5.97225,23.0,4164.0,2.4762920000000004,2000.0,1400.0,2.0,3.272626
1,0,on,300,310,0,5.4915423,1.9940001,0.238333,0.0151659995,3.154625,5.795333,23.0,4164.0,2.456375,2000.0,1400.0,2.0,3.4975422
1,0,on,301,311,1,5.33675,2.022166,0.242584,0.015083999,2.972625,5.628625,23.0,4164.0,2.5939579999999998,2000.0,1400.0,2.0,3.3145840000000004
1,0,on,302,312,0,5.272625,1.899208,0.33437502,0.01675,2.939292,5.553125,23.0,4164.0,2.4524999999999997,2000.0,1400.0,2.0,3.373417
1,0,on,303,313,1,5.2432504,1.839,0.275458,0.016333,3.0054998,5.595167,23.0,4164.0,2.437125,2000.0,1400.0,2.0,3.4042504
1,0,on,304,314,0,7.4828343,1.9777501,0.25070798,0.016542,5.1535,7.772917,23.0,4164.0,2.4935,2000.0,1400.0,2.0,5.505084200000001
1,0,on,305,315,1,5.517791,2.194042,0.27675,0.013834001,2.9480002,5.822166,23.0,4164.0,4.650375,2000.0,1400.0,2.0,3.323749
1,0,on,306,316,0,5.546167,2.2402499,0.265792,0.015959,2.932833,5.845625,23.0,4164.0,2.4510840000000003,2000.0,1400.0,2.0,3.3059171
1,0,on,307,317,1,5.3459167,1.9771249,0.32925,0.0155,2.929292,5.6413326,23.0,4164.0,2.44,2000.0,1400.0,2.0,3.3687918000000003
1,0,on,308,318,0,5.5618753,2.2567499,0.241042,0.016958,2.9567502,5.87,23.0,4164.0,2.436916,2000.0,1400.0,2.0,3.3051253999999997
1,0,on,309,319,1,5.167667,1.7833339,0.32950002,0.017042,2.93525,5.554875,23.0,4164.0,2.440208,2000.0,1400.0,2.0,3.3843331
1,0,on,310,320,0,6.5,1.9516671,0.249292,0.014959,4.184917,6.823666,23.0,4164.0,2.445916,2000.0,1400.0,2.0,4.5483329
1,0,on,311,321,1,5.455458,2.114458,0.240958,0.018042,2.992959,5.7831674,23.0,4164.0,3.6535,2000.0,1400.0,2.0,3.341
1,0,on,312,322,0,5.455417,2.041041,0.354709,0.016584,2.957375,5.748834,23.0,4164.0,2.477292,2000.0,1400.0,2.0,3.414376
1,0,on,313,323,1,5.437375,2.063084,0.279542,0.016125,2.987458,5.744292,23.0,4164.0,2.4425,2000.0,1400.0,2.0,3.3742910000000004
1,0,on,314,324,0,8.759916,1.953417,0.279459,0.016792001,6.423333,9.054334,23.0,4164.0,2.4832500000000004,2000.0,1400.0,2.0,6.8064990000000005
1,0,on,315,325,1,5.897083,0.053958,0.637667,0.014542,4.991958,6.6572504,23.0,4164.0,5.879084,2000.0,1400.0,2.0,5.843125000000001
1,0,on,316,326,0,6.711666,0.026958,0.259375,0.0056660003,6.338458,7.0145,23.0,4164.0,3.647958,2000.0,1400.0,2.0,6.6847080000000005
1,0,on,317,327,1,7.9942074,0.064416006,0.270333,0.014416,7.56175,8.288084,23.0,4164.0,5.858375,2000.0,1400.0,2.0,7.9297913939999995
1,0,on,318,328,0,3.3260422,0.029875001,0.26900002,0.005791,2.9390419,3.662833,23.0,4164.0,7.043749999999999,2000.0,1400.0,2.0,3.2961671989999997
1,0,on,319,329,1,4.2487082,0.025333,0.201333,0.0058750003,3.9368327,4.5324593,23.0,4164.0,2.476458,2000.0,1400.0,2.0,4.2233752
1,0,on,320,330,0,5.47075,0.021208,0.25787503,0.0055,5.0950828,5.769125,23.0,4164.0,3.5415,2000.0,1400.0,2.0,5.449542
1,0,on,321,331,1,3.797458,0.06225,0.430625,0.01675,3.2023332,4.084208,23.0,4164.0,4.680125,2000.0,1400.0,2.0,3.7352079999999996
1,0,on,322,332,0,5.592,0.026,0.250917,0.0055,5.228458,5.883417,23.0,4164.0,2.4492920000000002,2000.0,1400.0,2.0,5.566
1,0,on,323,333,1,4.381042,0.028874999,0.239333,0.0058750003,4.0247083,4.6793337,23.0,4164.0,4.745125,2000.0,1400.0,2.0,4.352167001
1,0,on,324,334,0,4.451417,0.028625,0.279333,0.005959,4.0542502,4.7436666,23.0,4164.0,3.523208,2000.0,1400.0,2.0,4.422792
1,0,on,325,335,1,4.482959,0.029250002,0.323958,0.007166,4.0369997,4.784541,23.0,4164.0,3.6541249999999996,2000.0,1400.0,2.0,4.453708998
1,0,on,326,336,0,4.5215406,0.025167001,0.24687499,0.005541,4.164458,4.796917,23.0,4164.0,3.5816250000000003,2000.0,1400.0,2.0,4.496373599
1,0,on,327,337,1,5.4963336,0.027208,0.306416,0.007208,5.070625,5.795667,23.0,4164.0,3.550875,2000.0,1400.0,2.0,5.4691256
1,0,on,328,338,0,4.795,0.035207998,0.56658304,0.0090419995,4.1015844,5.097959,23.0,4164.0,4.556542,2000.0,1400.0,2.0,4.759792002
1,0,on,329,339,1,5.397916,0.025040999,0.227041,0.0059160003,5.057042,5.6912923,23.0,4164.0,3.5775419999999998,2000.0,1400.0,2.0,5.372875001000001
1,0,on,330,340,0,4.4742503,0.025083,0.237125,0.00575,4.12575,4.7650003,23.0,4164.0,4.609249999999999,2000.0,1400.0,2.0,4.449167299999999
1,0,on,331,341,1,3.3155,0.024625,0.258834,0.006333,2.9475,3.592292,23.0,4164.0,3.5912499999999996,2000.0,1400.0,2.0,3.290875
1,0,on,332,342,0,6.936625,2.3910842,0.24320799,0.0185,4.207709,7.218458,23.0,4164.0,2.490291,2000.0,1400.0,2.0,4.5455408
1,0,on,333,343,1,7.761959,2.164667,0.232041,0.019166,5.2426662,8.077043,23.0,4164.0,3.614708,2000.0,1400.0,2.0,5.5972919999999995
1,0,on,334,344,0,10.528167,2.1798341,0.407875,0.019417001,7.839584,10.831083,23.0,4164.0,4.70575,2000.0,1400.0,2.0,8.348332899999999
1,0,on,335,345,1,4.4537916,0.02775,0.263333,0.0073340004,4.066666,5.025209,23.0,4164.0,7.193167000000001,2000.0,1400.0,2.0,4.4260416
1,0,on,336,346,0,4.439333,0.026125,0.244542,0.005958,4.082375,4.739209,23.0,4164.0,3.5834159999999997,2000.0,1400.0,2.0,4.413208
1,0,on,337,347,1,4.329166,0.030583,0.21945901,0.0073340004,3.985833,4.6168327,23.0,4164.0,3.631291,2000.0,1400.0,2.0,4.298583
1,0,on,338,348,0,4.4925,0.027457999,0.252833,0.006709,4.0835834,4.786416,23.0,4164.0,3.543375,2000.0,1400.0,2.0,4.465042001
1,0,on,339,349,1,3.361,0.030375,0.284042,0.0075419997,2.9517078,3.7293751,23.0,4164.0,3.581167,2000.0,1400.0,2.0,3.3306250000000004
1,0,on,340,350,0,6.7306666,2.237042,0.243083,0.017459,4.145375,7.039625,23.0,4164.0,2.4785839999999997,2000.0,1400.0,2.0,4.4936246
1,0,on,341,351,1,6.6029577,2.1650832,0.22775,0.019375,4.105666,6.886334,23.0,4164.0,3.6284590000000003,2000.0,1400.0,2.0,4.4378744999999995
1,0,on,342,352,0,6.745583,2.222541,0.244708,0.015083,4.182416,7.025667,23.0,4164.0,3.5899159999999997,2000.0,1400.0,2.0,4.523042
1,0,on,343,353,1,6.63475,2.13475,0.251625,0.017208,4.1462917,6.910334,23.0,4164.0,3.6735,2000.0,1400.0,2.0,4.5
1,0,on,344,354,0,5.381083,2.103542,0.243958,0.016292,2.927125,5.685375,23.0,4164.0,3.654875,2000.0,1400.0,2.0,3.2775410000000003
1,0,on,345,355,1,6.498125,2.085167,0.256333,0.014541,4.055875,6.777334,23.0,4164.0,2.440416,2000.0,1400.0,2.0,4.412958
1,0,on,346,356,0,7.626,2.041959,0.245625,0.016458,5.2385,7.9206247,23.0,4164.0,3.556667,2000.0,1400.0,2.0,5.584041000000001
1,0,on,347,357,1,6.636417,2.306459,0.222042,0.018082999,4.0106664,6.922459,23.0,4164.0,4.742749999999999,2000.0,1400.0,2.0,4.3299579999999995
1,0,on,348,358,0,5.444541,1.7785419,0.585458,0.014791,2.984834,5.734084,23.0,4164.0,3.524708,2000.0,1400.0,2.0,3.6659991
1,0,on,349,359,1,6.41225,1.9816661,0.242417,0.015,4.0878334,6.699583,23.0,4164.0,2.456208,2000.0,1400.0,2.0,4.4305839
1,0,on,350,360,0,6.619542,2.096709,0.258375,0.014208,4.168333,6.900834,23.0,4164.0,3.5769159999999998,2000.0,1400.0,2.0,4.522833
1,0,on,351,361,1,6.685791,2.1399581,0.267542,0.0165,4.1749578,6.977583,23.0,4164.0,3.6045000000000003,2000.0,1400.0,2.0,4.545832900000001
1,0,on,352,362,0,5.57075,2.244917,0.25070798,0.017083999,2.9754999,5.868125,23.0,4164.0,3.606083,2000.0,1400.0,2.0,3.3258330000000003
1,0,on,353,363,1,7.8388333,2.289417,0.255959,0.017917,5.191666,8.120709,23.0,4164.0,2.457542,2000.0,1400.0,2.0,5.549416300000001
1,0,on,354,364,0,6.7255406,2.241833,0.25483298,0.015042,4.135333,7.007833,23.0,4164.0,4.7415,2000.0,1400.0,2.0,4.483707600000001
1,0,on,355,365,1,7.73925,1.9907081,0.34025002,0.017208,5.300416,8.068459,23.0,4164.0,3.595625,2000.0,1400.0,2.0,5.7485419
1,0,on,356,366,0,7.669,2.2625,0.249208,0.015875,5.062208,7.9517922,23.0,4164.0,4.773333,2000.0,1400.0,2.0,5.406499999999999
1,0,on,357,367,1,6.691,2.198334,0.251,0.011834,4.150667,6.983917,23.0,4164.0,4.556959,2000.0,1400.0,2.0,4.492666
1,0,on,358,368,0,6.5441656,2.076834,0.269209,0.014958,4.1025,6.848292,23.0,4164.0,3.63925,2000.0,1400.0,2.0,4.4673316000000005
1,0,on,359,369,1,7.8587074,2.129875,0.254292,0.015459,5.376542,8.14579,23.0,4164.0,3.590709,2000.0,1400.0,2.0,5.7288324
1,0,on,360,370,0,5.710875,0.034375,0.315666,0.007833,5.2618337,6.033833,23.0,4164.0,4.833457999999999,2000.0,1400.0,2.0,5.6765
1,1,on,121,134,0,9.976875,4.177125,0.27412498,0.020625,5.420917,10.318417,23.0,4164.0,2.4177500000000003,2000.0,1400.0,2.0,5.7997499999999995
1,1,on,122,135,1,5.4430833,0.021625,0.26825002,0.006125,5.065042,5.735,23.0,4164.0,4.774,2000.0,1400.0,2.0,5.421458299999999
1,1,on,123,136,0,6.671958,0.026291,0.26933298,0.006083,6.284542,7.0301247,23.0,4164.0,4.685541,2000.0,1400.0,2.0,6.645667
1,1,on,124,137,1,3.237125,0.072125,0.288542,0.007792,2.7876658,3.5578341,23.0,4164.0,5.741792,2000.0,1400.0,2.0,3.165
1,1,on,125,138,0,9.750291,4.122959,0.208959,0.021958,5.3101673,10.149833,23.0,4164.0,2.423667,2000.0,1400.0,2.0,5.627332000000001
1,1,on,126,139,1,3.052959,0.019958999,0.240875,0.006667,2.698833,3.360667,23.0,4164.0,4.717625,2000.0,1400.0,2.0,3.033000001
1,1,on,127,140,0,7.748709,4.277917,0.231125,0.022042,3.135917,8.043083,23.0,4164.0,2.35175,2000.0,1400.0,2.0,3.4707919999999994
1,1,on,128,141,1,7.604667,4.315166,0.23224999,0.023625,2.9537501,7.894125,23.0,4164.0,2.45775,2000.0,1400.0,2.0,3.2895010000000005
1,1,on,129,142,0,10.059542,4.3378344,0.20116599,0.022834,5.418209,10.347292,23.0,4164.0,2.494459,2000.0,1400.0,2.0,5.7217076
1,1,on,130,143,1,5.526666,0.022333,0.242792,0.007208,5.166959,5.828292,23.0,4164.0,4.740875,2000.0,1400.0,2.0,5.504333
1,1,on,131,144,0,3.341417,0.027083999,0.266583,0.00675,2.957834,3.654375,23.0,4164.0,4.690709,2000.0,1400.0,2.0,3.314333001
1,1,on,132,145,1,10.025374,4.2289996,0.321,0.020125,5.371666,10.3064995,23.0,4164.0,2.420167,2000.0,1400.0,2.0,5.7963743999999995
1,1,on,133,146,0,5.757,0.104333,0.222375,0.007833,5.3389173,6.073,23.0,4164.0,4.9076249999999995,2000.0,1400.0,2.0,5.652667
1,1,on,134,147,1,5.1306667,0.024334,0.25875,0.043334,4.71425,5.481958,23.0,4164.0,4.804584,2000.0,1400.0,2.0,5.1063327
1,1,on,135,148,0,5.634334,0.023750002,0.248875,0.007125,5.270333,5.948667,23.0,4164.0,3.835333,2000.0,1400.0,2.0,5.610583998
1,1,on,136,149,1,3.335375,0.025625,0.350875,0.0072500003,2.865417,3.6395,23.0,4164.0,4.730125,2000.0,1400.0,2.0,3.30975
1,1,on,137,150,0,9.968499,4.3082924,0.235917,0.02275,5.308709,10.2715,23.0,4164.0,2.442292,2000.0,1400.0,2.0,5.6602065999999995
1,1,on,138,151,1,3.3460002,0.02325,0.248667,0.007125,2.9824169,3.6464999,23.0,4164.0,4.722584,2000.0,1400.0,2.0,3.3227502
1,1,on,139,152,0,7.666792,4.2792497,0.200625,0.020125,3.08075,7.9918327,23.0,4164.0,2.4589999999999996,2000.0,1400.0,2.0,3.3875423
1,1,on,140,153,1,7.476166,4.28775,0.23558299,0.019791,2.850416,7.765625,23.0,4164.0,2.5417080000000003,2000.0,1400.0,2.0,3.188416
1,1,on,141,154,0,11.194249,4.36775,0.231375,0.021583999,6.492,11.487292,23.0,4164.0,2.4550840000000003,2000.0,1400.0,2.0,6.826498999999999
1,1,on,142,155,1,4.419833,0.183292,0.26195902,0.0075829998,3.883708,4.731708,23.0,4164.0,5.849167,2000.0,1400.0,2.0,4.236541
1,1,on,143,156,0,5.6516666,0.0265,0.271875,0.0074589998,5.262209,5.9737496,23.0,4164.0,3.4525419999999998,2000.0,1400.0,2.0,5.6251666
1,1,on,144,157,1,4.3284173,0.021,0.248167,0.006375,3.970459,4.619625,23.0,4164.0,4.787999999999999,2000.0,1400.0,2.0,4.3074173
1,1,on,145,158,0,5.707333,0.023750002,0.292958,0.0090419995,5.3006673,5.998625,23.0,4164.0,3.576208,2000.0,1400.0,2.0,5.683582998
1,1,on,146,159,1,4.347125,0.020792,0.238792,0.0060420004,4.000208,4.638792,23.0,4164.0,4.749708,2000.0,1400.0,2.0,4.326333
1,1,on,147,160,0,7.880084,0.023667,0.261583,0.006625,7.5090423,8.174916,23.0,4164.0,3.595583,2000.0,1400.0,2.0,7.856417
1,1,on,148,161,1,3.629292,0.045292,0.374125,0.008625,3.1162078,3.911708,23.0,4164.0,6.974792,2000.0,1400.0,2.0,3.584
1,1,on,149,162,0,5.42475,0.029833,0.27608302,0.006875,5.024458,5.73775,23.0,4164.0,2.535291,2000.0,1400.0,2.0,5.394917
1,1,on,150,163,1,4.264167,0.02675,0.24566701,0.006958,3.89625,4.5620832,23.0,4164.0,4.500708,2000.0,1400.0,2.0,4.237417
1,1,on,151,164,0,3.285583,0.027583001,0.253167,0.006459,2.9164171,3.598916,23.0,4164.0,3.491041,2000.0,1400.0,2.0,3.257999999
1,1,on,152,165,1,3.3635,0.14562501,0.23987499,0.007792,2.887209,3.701333,23.0,4164.0,2.378292,2000.0,1400.0,2.0,3.2178749900000003
1,1,on,153,166,0,8.82225,4.304666,0.23212501,0.021375,4.18875,9.093833,23.0,4164.0,2.460041,2000.0,1400.0,2.0,4.517584
1,1,on,154,167,1,5.538083,0.02575,0.263792,0.007083,5.15175,5.89625,23.0,4164.0,3.61275,2000.0,1400.0,2.0,5.512333
1,1,on,155,168,0,5.7231674,0.030292,0.27716702,0.006166,5.3278747,6.058458,23.0,4164.0,4.7405420000000005,2000.0,1400.0,2.0,5.6928754
1,1,on,156,169,1,4.4735,0.022417,0.335875,0.00775,4.0189157,4.77475,23.0,4164.0,4.794416,2000.0,1400.0,2.0,4.451083
1,1,on,157,170,0,6.79975,0.023084,0.255416,0.006083,6.422333,7.098334,23.0,4164.0,3.600334,2000.0,1400.0,2.0,6.7766660000000005
1,1,on,158,171,1,3.350375,0.161625,0.264542,0.008875,2.830584,3.6756659,23.0,4164.0,5.880083,2000.0,1400.0,2.0,3.18875
1,1,on,159,172,0,8.768582,4.266791,0.240625,0.021333,4.15775,9.053667,23.0,4164.0,2.449833,2000.0,1400.0,2.0,4.501791000000001
1,1,on,160,173,1,3.390667,0.147917,0.27779198,0.007917,2.87,3.696209,23.0,4164.0,3.5852079999999997,2000.0,1400.0,2.0,3.24275
1,1,on,161,174,0,10.223916,4.3476253,0.21499999,0.020542,5.5516253,10.525708,23.0,4164.0,2.444375,2000.0,1400.0,2.0,5.876290699999999
1,1,on,162,175,1,3.172709,0.105541006,0.247666,0.008334,2.728833,3.464834,23.0,4164.0,4.811292,2000.0,1400.0,2.0,3.0671679939999996
1,1,on,163,176,0,7.516833,4.075625,0.36045802,0.0295,2.9656248,7.8329163,23.0,4164.0,2.3105,2000.0,1400.0,2.0,3.4412080000000005
1,1,on,164,177,1,7.609208,4.201042,0.360417,0.019834,2.943458,7.8898754,23.0,4164.0,2.4195,2000.0,1400.0,2.0,3.4081659999999996
1,1,on,165,178,0,11.197583,4.2316246,0.2825,0.021915998,6.576333,11.499459,23.0,4164.0,2.487833,2000.0,1400.0,2.0,6.9659584
1,1,on,166,179,1,3.2505,0.024667,0.244041,0.006625,2.8932922,3.5490842,23.0,4164.0,5.8961250000000005,2000.0,1400.0,2.0,3.225833
1,1,on,167,180,0,11.128375,4.237041,0.238125,0.020542,6.543125,11.438041,23.0,4164.0,2.466959,2000.0,1400.0,2.0,6.8913340000000005
1,1,on,168,181,1,3.296375,0.058375,0.254958,0.0060839998,2.897958,3.616167,23.0,4164.0,5.959416,2000.0,1400.0,2.0,3.238
1,1,on,169,182,0,11.038042,4.2289996,0.211125,0.020417,6.493917,11.384584,23.0,4164.0,2.469083,2000.0,1400.0,2.0,6.809042400000001
1,1,on,170,183,1,3.4789999,0.0255,0.24325,0.0076659997,3.118542,3.8124578,23.0,4164.0,5.9094999999999995,2000.0,1400.0,2.0,3.4534998999999997
1,1,on,171,184,0,9.8880825,4.246416,0.22212501,0.021542,5.303834,10.208543,23.0,4164.0,2.4413329999999998,2000.0,1400.0,2.0,5.6416664999999995
1,1,on,172,185,1,3.288917,0.023917,0.274458,0.006833,2.8982909,3.5842502,23.0,4164.0,4.720959000000001,2000.0,1400.0,2.0,3.265
1,1,on,173,186,0,11.2474575,4.364333,0.24024999,0.021583,6.538583,11.53425,23.0,4164.0,2.478,2000.0,1400.0,2.0,6.883124499999999
1,1,on,174,187,1,3.2675002,0.024417,0.260041,0.005917,2.8978338,3.559084,23.0,4164.0,5.942917,2000.0,1400.0,2.0,3.2430832
1,1,on,175,188,0,11.440333,4.2453747,0.250167,0.022,6.841416,11.738957,23.0,4164.0,2.4703749999999998,2000.0,1400.0,2.0,7.194958300000001
1,1,on,176,189,1,3.279583,0.023334,0.25825,0.0067910003,2.911875,3.574584,23.0,4164.0,5.88825,2000.0,1400.0,2.0,3.256249
1,1,on,177,190,0,10.898875,4.102,0.21325,0.020792,6.4795,11.356041,23.0,4164.0,2.487542,2000.0,1400.0,2.0,6.796875
1,1,on,178,191,1,3.378166,0.17058301,0.2555,0.014667,2.854875,3.72075,23.0,4164.0,5.891417000000001,2000.0,1400.0,2.0,3.2075829899999997
1,1,on,179,192,0,11.172375,4.241959,0.26145798,0.023791,6.561708,11.469791,23.0,4164.0,2.42375,2000.0,1400.0,2.0,6.930416000000001
1,1,on,180,193,1,3.246958,0.024584,0.26920798,0.0065,2.863333,3.551208,23.0,4164.0,5.855459000000001,2000.0,1400.0,2.0,3.222374
1,1,on,181,194,0,7.732542,4.279084,0.226084,0.021583999,3.1281252,8.026917,23.0,4164.0,2.448542,2000.0,1400.0,2.0,3.4534579999999995
1,1,on,182,195,1,7.7375,4.484958,0.271792,0.019459,2.861917,8.021708,23.0,4164.0,2.532458,2000.0,1400.0,2.0,3.252542
1,1,on,183,196,0,10.052542,4.366,0.223458,0.02275,5.351833,10.39075,23.0,4164.0,2.431083,2000.0,1400.0,2.0,5.686542000000001
1,1,on,184,197,1,3.206083,0.023667,0.256459,0.0061669997,2.834292,3.501625,23.0,4164.0,4.771708,2000.0,1400.0,2.0,3.182416
1,1,on,185,198,0,7.623833,4.1463327,0.365667,0.02,3.013125,7.917416,23.0,4164.0,2.428417,2000.0,1400.0,2.0,3.4775003
1,1,on,186,199,1,7.476166,4.000458,0.491792,0.01875,2.884125,7.762291,23.0,4164.0,2.4546669999999997,2000.0,1400.0,2.0,3.475708
1,1,on,187,200,0,9.868917,4.24525,0.217958,0.019208001,5.303583,10.177916,23.0,4164.0,2.449083,2000.0,1400.0,2.0,5.623666999999999
1,1,on,188,201,1,5.540167,0.02175,0.269583,0.00675,5.155167,5.846375,23.0,4164.0,4.732583,2000.0,1400.0,2.0,5.518417
1,1,on,189,202,0,6.819459,0.025625,0.267,0.007292,6.434208,7.125875,23.0,4164.0,4.721208,2000.0,1400.0,2.0,6.793834
1,1,on,190,203,1,3.1500418,0.02575,0.267208,0.006333,2.7665832,3.447375,23.0,4164.0,5.857292,2000.0,1400.0,2.0,3.1242918
1,1,on,191,204,0,10.037167,4.363625,0.31912503,0.021,5.249083,10.354333,23.0,4164.0,2.3595420000000003,2000.0,1400.0,2.0,5.673542
1,1,on,192,205,1,3.2172089,0.021875,0.25387502,0.0073340004,2.8469582,3.5115829,23.0,4164.0,4.6628750000000005,2000.0,1400.0,2.0,3.1953339
1,1,on,193,206,0,7.777875,4.2460833,0.228541,0.020292,3.163916,8.080083,23.0,4164.0,2.431083,2000.0,1400.0,2.0,3.5317917000000003
1,1,on,194,207,1,7.626583,4.288875,0.19762501,0.019458001,3.004208,7.939667,23.0,4164.0,2.56825,2000.0,1400.0,2.0,3.337708
1,1,on,195,208,0,12.153292,4.228417,0.298,0.023875,7.517334,12.471042,23.0,4164.0,2.489375,2000.0,1400.0,2.0,7.924875
1,1,on,196,209,1,3.36875,0.029333,0.270125,0.006959,2.971,3.6769578,23.0,4164.0,6.994707999999999,2000.0,1400.0,2.0,3.339417
1,1,on,197,210,0,3.424583,0.115125,0.241042,0.017125,2.9705,3.720833,23.0,4164.0,2.4535,2000.0,1400.0,2.0,3.3094580000000002
1,1,on,198,211,1,7.48275,4.334625,0.204375,0.022542002,2.837416,7.768833,23.0,4164.0,2.466708,2000.0,1400.0,2.0,3.1481250000000003
1,1,on,199,212,0,9.909583,4.341875,0.251084,0.023541002,5.194334,10.229918,23.0,4164.0,2.440916,2000.0,1400.0,2.0,5.567708
1,1,on,200,213,1,3.427625,0.027166,0.24525,0.006833,3.060417,3.727209,23.0,4164.0,4.675458000000001,2000.0,1400.0,2.0,3.400459
1,1,on,201,214,0,7.5395,4.294,0.209791,0.019333,2.936958,7.838458,23.0,4164.0,2.423959,2000.0,1400.0,2.0,3.2455000000000007
1,1,on,202,215,1,7.3606253,4.142375,0.329709,0.019,2.774792,7.6402082,23.0,4164.0,2.4445,2000.0,1400.0,2.0,3.2182502999999993
1,1,on,203,216,0,9.74775,4.212709,0.246167,0.018875,5.185958,10.033916,23.0,4164.0,2.41925,2000.0,1400.0,2.0,5.535041
1,1,on,204,217,1,3.122416,0.056708,0.232375,0.0076670004,2.7411249,3.419292,23.0,4164.0,4.712833,2000.0,1400.0,2.0,3.065708
1,1,on,205,218,0,12.022916,4.248083,0.212375,0.021792,7.4580417,12.346708,23.0,4164.0,2.402584,2000.0,1400.0,2.0,7.774833
1,1,on,206,219,1,3.18125,0.101417,0.226666,0.012792001,2.759875,3.4975421,23.0,4164.0,6.9752909999999995,2000.0,1400.0,2.0,3.079833
1,1,on,207,220,0,10.044041,4.222333,0.20162499,0.019625,5.4768753,10.326042,23.0,4164.0,2.407542,2000.0,1400.0,2.0,5.821708
1,1,on,208,221,1,3.080666,0.018082999,0.2305,0.006083,2.742708,3.377209,23.0,4164.0,5.00425,2000.0,1400.0,2.0,3.0625830009999997
1,1,on,209,222,0,10.91925,4.1891246,0.26054102,0.020707998,6.364666,11.254457,23.0,4164.0,2.4052919999999998,2000.0,1400.0,2.0,6.7301253999999995
1,1,on,210,223,1,8.81175,0.016333,0.259,0.007375,8.44825,9.093958,23.0,4164.0,5.858458000000001,2000.0,1400.0,2.0,8.795417
1,1,on,211,224,0,3.297959,0.03025,0.253542,0.0069170003,2.9182088,3.651875,23.0,4164.0,8.1065,2000.0,1400.0,2.0,3.267709
1,1,on,212,225,1,4.427292,0.095791996,0.244417,0.009417,3.9965408,4.7565417,23.0,4164.0,2.368125,2000.0,1400.0,2.0,4.331500004
1,1,on,213,226,0,6.71675,0.023041,0.263917,0.006875,6.3390837,7.07825,23.0,4164.0,3.568917,2000.0,1400.0,2.0,6.693709
1,1,on,214,227,1,3.363917,0.073959,0.232041,0.0151659995,2.9627922,3.6475,23.0,4164.0,5.8975,2000.0,1400.0,2.0,3.289958
1,1,on,215,228,0,9.96875,4.271875,0.243875,0.021792,5.346,10.243792,23.0,4164.0,2.488292,2000.0,1400.0,2.0,5.696875
1,1,on,216,229,1,4.355208,0.029209001,0.306709,0.0076670004,3.924,4.715208,23.0,4164.0,4.740666999999999,2000.0,1400.0,2.0,4.325998999
1,1,on,217,230,0,5.5273337,0.018417,0.25825,0.006166,5.1610827,5.826292,23.0,4164.0,3.480083,2000.0,1400.0,2.0,5.5089166999999994
1,1,on,218,231,1,3.490875,0.017874999,0.28562498,0.00775,3.068125,3.781042,23.0,4164.0,4.6965840000000005,2000.0,1400.0,2.0,3.473000001
1,1,on,219,232,0,10.864875,4.297208,0.246833,0.0185,6.22,11.1475,23.0,4164.0,2.675958,2000.0,1400.0,2.0,6.567666999999999
1,1,on,220,233,1,3.328416,0.020458,0.342875,0.007125,2.877125,3.624916,23.0,4164.0,5.761709000000001,2000.0,1400.0,2.0,3.3079579999999997
1,1,on,221,234,0,9.9535,4.418958,0.211541,0.022165999,5.217542,10.23975,23.0,4164.0,2.4497910000000003,2000.0,1400.0,2.0,5.534542
1,1,on,222,235,1,4.373292,0.022667,0.263125,0.006166,3.9940422,4.6817503,23.0,4164.0,4.58425,2000.0,1400.0,2.0,4.350625
1,1,on,223,236,0,4.493375,0.023500001,0.266875,0.0069170003,4.113542,4.793125,23.0,4164.0,3.5442080000000002,2000.0,1400.0,2.0,4.469874999
1,1,on,224,237,1,3.197833,0.025583,0.273083,0.007375,2.808333,3.4989169,23.0,4164.0,3.5738749999999997,2000.0,1400.0,2.0,3.17225
1,1,on,225,238,0,9.913167,4.250875,0.238667,0.019041,5.322958,10.195,23.0,4164.0,2.392166,2000.0,1400.0,2.0,5.662292
1,1,on,226,239,1,3.2632499,0.022791,0.27145898,0.006,2.8770828,3.5671248,23.0,4164.0,4.734,2000.0,1400.0,2.0,3.2404589
1,1,on,227,240,0,9.927293,4.273834,0.257792,0.020417,5.2939167,10.213583,23.0,4164.0,2.4575,2000.0,1400.0,2.0,5.653459000000001
1,1,on,228,241,1,3.305458,0.032625,0.29712498,0.006958,2.8817081,3.6590421,23.0,4164.0,4.789416999999999,2000.0,1400.0,2.0,3.272833
1,1,on,229,242,0,11.132208,4.329834,0.269916,0.021375,6.423625,11.472834,23.0,4164.0,2.448292,2000.0,1400.0,2.0,6.802374
1,1,on,230,243,1,3.249875,0.02625,0.236791,0.007,2.899417,3.5375419,23.0,4164.0,5.831167,2000.0,1400.0,2.0,3.2236249999999997
1,1,on,231,244,0,9.956791,4.2252917,0.226833,0.023083,5.3702497,10.267834,23.0,4164.0,2.48575,2000.0,1400.0,2.0,5.731499300000001
1,1,on,232,245,1,3.31125,0.068875,0.251333,0.0067910003,2.900709,3.653541,23.0,4164.0,4.760875,2000.0,1400.0,2.0,3.242375
1,1,on,233,246,0,9.908541,4.2130003,0.251583,0.02075,5.337,10.215833,23.0,4164.0,2.493791,2000.0,1400.0,2.0,5.6955407
1,1,on,234,247,1,3.191042,0.023125,0.26575,0.006792,2.8114579,3.483334,23.0,4164.0,4.7235000000000005,2000.0,1400.0,2.0,3.167917
1,1,on,235,248,0,13.348332,4.332209,0.242084,0.019749999,8.671292,13.635209,23.0,4164.0,2.378875,2000.0,1400.0,2.0,9.016123
1,1,on,236,249,1,3.257042,0.028291998,0.21450001,0.0069170003,2.917959,3.6134999,23.0,4164.0,8.099542,2000.0,1400.0,2.0,3.2287500020000004
1,1,on,237,250,0,6.79525,0.141584,0.232917,0.017083,6.325042,7.089,23.0,4164.0,2.4658330000000004,2000.0,1400.0,2.0,6.653666
1,1,on,238,251,1,3.169333,0.022917,0.274083,0.0072500003,2.781458,3.653792,23.0,4164.0,5.7547500000000005,2000.0,1400.0,2.0,3.146416
1,1,on,239,252,0,9.9557495,4.216833,0.289792,0.018542,5.3505826,10.253125,23.0,4164.0,2.353375,2000.0,1400.0,2.0,5.738916499999999
1,1,on,240,253,1,3.2212498,0.02175,0.257166,0.006375,2.853542,3.518667,23.0,4164.0,4.751792,2000.0,1400.0,2.0,3.1994998
1,1,on,241,254,0,9.939708,4.3385,0.188875,0.021417,5.312166,10.232625,23.0,4164.0,2.453541,2000.0,1400.0,2.0,5.601208
1,1,on,242,255,1,3.198833,0.028167,0.24687499,0.007292,2.8360832,3.493958,23.0,4164.0,4.743333,2000.0,1400.0,2.0,3.170666
1,1,on,243,256,0,11.197833,4.26825,0.24962501,0.021292001,6.5759587,11.487665,23.0,4164.0,2.410625,2000.0,1400.0,2.0,6.929582999999999
1,1,on,244,257,1,3.187666,0.02325,0.252084,0.006625,2.823167,3.569083,23.0,4164.0,5.903167,2000.0,1400.0,2.0,3.164416
1,1,on,245,258,0,9.950084,4.240417,0.289209,0.019875001,5.320666,10.231292,23.0,4164.0,2.408917,2000.0,1400.0,2.0,5.7096670000000005
1,1,on,246,259,1,5.969375,0.022374999,0.271708,0.0070410003,5.5815,6.267583,23.0,4164.0,4.742875,2000.0,1400.0,2.0,5.947000001
1,1,on,247,260,0,5.786958,0.026457999,0.277791,0.006625,5.395167,6.111625,23.0,4164.0,4.778709,2000.0,1400.0,2.0,5.7605000010000005
1,1,on,248,261,1,3.1985,0.024083,0.260208,0.006875,2.821584,3.512959,23.0,4164.0,4.724375,2000.0,1400.0,2.0,3.174417
1,1,on,249,262,0,12.310833,4.2834578,0.23224999,0.023084,7.6535,12.596125,23.0,4164.0,2.4135,2000.0,1400.0,2.0,8.027375200000002
1,1,on,250,263,1,3.348959,0.029042,0.217833,0.0072500003,3.008833,3.655792,23.0,4164.0,7.125083,2000.0,1400.0,2.0,3.319917
1,1,on,251,264,0,5.663,0.031375,0.268208,0.006959,5.272625,5.964458,23.0,4164.0,2.475042,2000.0,1400.0,2.0,5.6316250000000005
1,1,on,252,265,1,4.452292,0.030708,0.285791,0.0071670003,4.04225,4.743417,23.0,4164.0,4.7199160000000004,2000.0,1400.0,2.0,4.421584
1,1,on,253,266,0,3.47825,0.03325,0.3215,0.008375,3.034042,3.778208,23.0,4164.0,3.590792,2000.0,1400.0,2.0,3.4450000000000003
1,1,on,254,267,1,3.2267501,0.087207995,0.240584,0.006875,2.813458,3.55125,23.0,4164.0,2.459625,2000.0,1400.0,2.0,3.139542105
1,1,on,255,268,0,11.007541,4.225417,0.215167,0.019791,6.463291,11.316167,23.0,4164.0,2.434834,2000.0,1400.0,2.0,6.782124
1,1,on,256,269,1,3.33675,0.021915998,0.24041699,0.00675,2.986542,3.6460001,23.0,4164.0,5.906667,2000.0,1400.0,2.0,3.314834002
1,1,on,257,270,0,9.955543,4.223708,0.277042,0.019708,5.354708,10.250708,23.0,4164.0,2.494583,2000.0,1400.0,2.0,5.731835
1,1,on,258,271,1,3.255375,0.022374999,0.256459,0.006709,2.884208,3.559625,23.0,4164.0,4.7717089999999995,2000.0,1400.0,2.0,3.2330000009999997
1,1,on,259,272,0,8.763625,4.280375,0.20658399,0.021417,4.1756673,9.09,23.0,4164.0,2.459125,2000.0,1400.0,2.0,4.483249999999999
1,1,on,260,273,1,4.572333,0.028167,0.441833,0.0075,4.007833,4.870208,23.0,4164.0,3.603084,2000.0,1400.0,2.0,4.544166000000001
1,1,on,261,274,0,4.604667,0.019334,0.258625,0.006416,4.236334,4.897833,23.0,4164.0,3.5855,2000.0,1400.0,2.0,4.585333
1,1,on,262,275,1,5.375667,0.67766696,0.63325,0.0107080005,3.9701252,5.667375,23.0,4164.0,3.589667,2000.0,1400.0,2.0,4.69800004
1,1,on,263,276,0,5.833417,0.021542,0.269583,0.006625,5.4329157,6.203583,23.0,4164.0,3.509709,2000.0,1400.0,2.0,5.811875
1,1,on,264,277,1,4.3404584,0.022959001,0.253625,0.006709,3.971709,4.6418753,23.0,4164.0,4.81125,2000.0,1400.0,2.0,4.317499399
1,1,on,265,278,0,4.50625,0.024958001,0.27641702,0.007042,4.11425,4.805834,23.0,4164.0,3.56725,2000.0,1400.0,2.0,4.481291999
1,1,on,266,279,1,4.379417,0.023334,0.259792,0.0062909997,3.99875,4.685125,23.0,4164.0,3.5673329999999996,2000.0,1400.0,2.0,4.356083
1,1,on,267,280,0,4.550042,0.025458,0.284291,0.007375,4.148417,5.0099998,23.0,4164.0,3.574375,2000.0,1400.0,2.0,4.524584
1,1,on,268,281,1,3.20425,0.025292,0.26458302,0.007,2.823042,3.504958,23.0,4164.0,3.605792,2000.0,1400.0,2.0,3.178958
1,1,on,269,282,0,8.760792,4.288875,0.20829199,0.021709,4.160959,9.057292,23.0,4164.0,2.396708,2000.0,1400.0,2.0,4.471917
1,1,on,270,283,1,3.242583,0.021625,0.263542,0.006333,2.865917,3.52675,23.0,4164.0,3.5278750000000003,2000.0,1400.0,2.0,3.2209580000000004
1,1,on,271,284,0,7.631,4.252,0.254917,0.019833,3.029166,7.9099174,23.0,4164.0,2.458208,2000.0,1400.0,2.0,3.3790000000000004
1,1,on,272,285,1,7.598125,4.288916,0.242584,0.019542,2.966458,7.882541,23.0,4164.0,2.464875,2000.0,1400.0,2.0,3.309208999999999
1,1,on,273,286,0,7.628292,4.2607083,0.21320799,0.02475,3.021792,7.9032497,23.0,4164.0,2.4634169999999997,2000.0,1400.0,2.0,3.3675837
1,1,on,274,287,1,7.641125,4.401291,0.23716599,0.018625,2.90525,7.9121675,23.0,4164.0,2.4540830000000002,2000.0,1400.0,2.0,3.239834
1,1,on,275,288,0,7.794167,4.322125,0.234625,0.021792,3.13625,8.081416,23.0,4164.0,2.460833,2000.0,1400.0,2.0,3.472042
1,1,on,276,289,1,7.6266246,4.320917,0.239292,0.01775,2.9690418,7.9144583,23.0,4164.0,2.547166,2000.0,1400.0,2.0,3.3057076000000007
1,1,on,277,290,0,10.239542,4.266,0.237583,0.022292001,5.634625,10.526626,23.0,4164.0,2.5357499999999997,2000.0,1400.0,2.0,5.973542
1,1,on,278,291,1,3.2463748,0.024,0.27008298,0.006667,2.8605,3.5519168,23.0,4164.0,5.064166999999999,2000.0,1400.0,2.0,3.2223748
1,1,on,279,292,0,8.889458,4.268542,0.233125,0.0205,4.281042,9.178959,23.0,4164.0,2.437,2000.0,1400.0,2.0,4.620915999999999
1,1,on,280,293,1,3.229334,0.023625,0.262541,0.006958,2.8474998,3.529167,23.0,4164.0,3.60275,2000.0,1400.0,2.0,3.205709
1,1,on,281,294,0,7.621958,4.2529583,0.28575,0.020583,2.978792,7.9231663,23.0,4164.0,2.43075,2000.0,1400.0,2.0,3.3689997
1,1,on,282,295,1,8.838959,5.462208,0.417041,0.019792,2.85475,9.134292,23.0,4164.0,2.424125,2000.0,1400.0,2.0,3.3767509999999987
1,1,on,283,296,0,5.632584,0.02475,0.23125,0.007125,5.284083,5.9265,23.0,4164.0,2.410292,2000.0,1400.0,2.0,5.6078339999999995
1,1,on,284,297,1,3.262166,0.024084,0.265625,0.007084,2.87525,3.570708,23.0,4164.0,4.714833,2000.0,1400.0,2.0,3.238082
1,1,on,285,298,0,10.089168,4.2515,0.242709,0.021375,5.491292,10.391958,23.0,4164.0,2.4563330000000003,2000.0,1400.0,2.0,5.837668000000001
1,1,on,286,299,1,3.217458,0.025917,0.26025,0.006916,2.8393328,3.580291,23.0,4164.0,4.764708000000001,2000.0,1400.0,2.0,3.191541
1,1,on,287,300,0,9.848625,3.8074582,0.5345,0.020709,5.324791,10.214583,23.0,4164.0,2.3956250000000003,2000.0,1400.0,2.0,6.0411668
1,1,on,288,301,1,3.239709,0.022958,0.26479098,0.006459,2.859917,3.544417,23.0,4164.0,4.752083,2000.0,1400.0,2.0,3.216751
1,1,on,289,302,0,10.041125,4.2486253,0.269292,0.021084001,5.417917,10.345165,23.0,4164.0,2.4451669999999996,2000.0,1400.0,2.0,5.7924997
1,1,on,290,303,1,3.368584,0.024458999,0.2885,0.007375,2.952833,3.7457092,23.0,4164.0,4.796542,2000.0,1400.0,2.0,3.3441250009999997
1,1,on,291,304,0,9.846083,4.290083,0.20966701,0.039750002,5.225584,10.195667,23.0,4164.0,2.532584,2000.0,1400.0,2.0,5.556
1,1,on,292,305,1,7.518375,0.023625,0.332209,0.007541,7.0648327,7.829792,23.0,4164.0,4.659375000000001,2000.0,1400.0,2.0,7.49475
1,1,on,293,306,0,3.503292,0.14895901,0.252959,0.010208,3.0088341,3.817292,23.0,4164.0,5.857292,2000.0,1400.0,2.0,3.35433299
1,1,on,294,307,1,7.36875,3.9775827,0.280375,0.017833,3.000875,7.918125,23.0,4164.0,2.4630419999999997,2000.0,1400.0,2.0,3.3911673
1,1,on,295,308,0,8.799251,4.225625,0.224208,0.021625,4.240333,9.15475,23.0,4164.0,2.485083,2000.0,1400.0,2.0,4.573626
1,1,on,296,309,1,3.3158329,0.027292,0.275292,0.0060420004,2.9246252,3.608208,23.0,4164.0,3.62175,2000.0,1400.0,2.0,3.2885409
1,1,on,297,310,0,8.787582,4.162833,0.311958,0.021709,4.208417,9.095791,23.0,4164.0,2.503875,2000.0,1400.0,2.0,4.624749
1,1,on,298,311,1,4.639959,0.023791,0.40475,0.0067910003,3.9879582,4.945042,23.0,4164.0,3.5899159999999997,2000.0,1400.0,2.0,4.616168
1,1,on,299,312,0,3.4672089,0.029459001,0.302875,0.0075419997,3.05,3.750125,23.0,4164.0,3.583584,2000.0,1400.0,2.0,3.437749899
1,1,on,300,313,1,7.52025,4.2327924,0.312167,0.016375,2.875417,7.81925,23.0,4164.0,2.4765,2000.0,1400.0,2.0,3.2874575999999998
1,1,on,301,314,0,9.881375,4.1748343,0.26841602,0.020917,5.331167,10.21425,23.0,4164.0,2.445042,2000.0,1400.0,2.0,5.706540700000001
1,1,on,302,315,1,3.259125,0.022166999,0.257792,0.006125,2.888333,3.56325,23.0,4164.0,4.726583000000001,2000.0,1400.0,2.0,3.236958001
1,1,on,303,316,0,9.893667,4.211583,0.227292,0.019125,5.3488326,10.249917,23.0,4164.0,2.4590419999999997,2000.0,1400.0,2.0,5.682084000000001
1,1,on,304,317,1,3.2370422,0.024249999,0.254625,0.0065,2.8679159,3.580708,23.0,4164.0,4.757833000000001,2000.0,1400.0,2.0,3.212792201
1,1,on,305,318,0,7.872167,4.295167,0.309041,0.024084,3.155833,8.168584,23.0,4164.0,2.440125,2000.0,1400.0,2.0,3.577
1,1,on,306,319,1,7.5326667,4.393166,0.205292,0.021583,2.828083,7.9036255,23.0,4164.0,2.567084,2000.0,1400.0,2.0,3.1395007
1,1,on,307,320,0,11.052291,4.227833,0.241542,0.018875,6.4801674,11.364124,23.0,4164.0,2.437125,2000.0,1400.0,2.0,6.824458
1,1,on,308,321,1,3.297084,0.022165999,0.24529201,0.0065,2.940167,3.591583,23.0,4164.0,5.890417,2000.0,1400.0,2.0,3.274918001
1,1,on,309,322,0,11.009958,4.241333,0.26191702,0.023667,6.399375,11.301667,23.0,4164.0,2.4543749999999998,2000.0,1400.0,2.0,6.768624999999999
1,1,on,310,323,1,3.218083,0.023542,0.260416,0.007,2.842625,3.532042,23.0,4164.0,5.803958,2000.0,1400.0,2.0,3.194541
1,1,on,311,324,0,7.620875,4.232875,0.282,0.022333,3.005334,7.904375,23.0,4164.0,2.436625,2000.0,1400.0,2.0,3.388
1,1,on,312,325,1,7.4987082,4.296916,0.237333,0.019792,2.8615842,7.782375,23.0,4164.0,2.511292,2000.0,1400.0,2.0,3.2017922
1,1,on,313,326,0,8.866,4.3344584,0.228541,0.020583,4.173667,9.153791,23.0,4164.0,2.423875,2000.0,1400.0,2.0,4.5315416
1,1,on,314,327,1,3.337041,0.024582999,0.32287502,0.0076249996,2.888542,3.662875,23.0,4164.0,3.6046250000000004,2000.0,1400.0,2.0,3.312458001
1,1,on,315,328,0,9.935207,4.282042,0.228166,0.022125,5.319375,10.249958,23.0,4164.0,2.444792,2000.0,1400.0,2.0,5.653165
1,1,on,316,329,1,4.296458,0.026457999,0.353333,0.008042,3.818542,4.662917,23.0,4164.0,4.731958,2000.0,1400.0,2.0,4.2700000010000005
1,1,on,317,330,0,6.826583,0.02175,0.269666,0.0064169997,6.4455,7.127084,23.0,4164.0,3.4024170000000002,2000.0,1400.0,2.0,6.804833
1,1,on,318,331,1,3.343375,0.020957999,0.250458,0.006958,2.9795,3.64325,23.0,4164.0,5.871625,2000.0,1400.0,2.0,3.322417001
1,1,on,319,332,0,12.265958,4.1862087,0.3015,0.021875,7.6737504,12.566209,23.0,4164.0,2.4659590000000002,2000.0,1400.0,2.0,8.0797493
1,1,on,320,333,1,4.350625,0.029042,0.210042,0.007125,4.0197077,4.647708,23.0,4164.0,7.071917,2000.0,1400.0,2.0,4.321583
1,1,on,321,334,0,4.692709,0.029208,0.313208,0.0076249996,4.2572913,4.995834,23.0,4164.0,3.587041,2000.0,1400.0,2.0,4.663501
1,1,on,322,335,1,7.6880417,0.027874999,0.259459,0.006916,7.307666,7.9793334,23.0,4164.0,3.6909579999999997,2000.0,1400.0,2.0,7.6601667010000005
1,1,on,323,336,0,16.097124,8.083918,0.27975002,0.024582999,7.606,16.396208,23.0,4164.0,6.902166,2000.0,1400.0,2.0,8.013206
1,1,on,324,337,1,3.2433338,0.023292,0.230708,0.0072500003,2.893791,3.5979998,23.0,4164.0,6.977583,2000.0,1400.0,2.0,3.2200417999999997
1,1,on,325,338,0,3.37125,0.02725,0.244084,0.006916,3.007875,3.698667,23.0,4164.0,2.4689579999999998,2000.0,1400.0,2.0,3.344
1,1,on,326,339,1,3.2045,0.022458,0.23037499,0.0062499996,2.866667,3.5281248,23.0,4164.0,2.460584,2000.0,1400.0,2.0,3.182042
1,1,on,327,340,0,3.259542,0.0295,0.255,0.0067910003,2.891166,3.556917,23.0,4164.0,2.449166,2000.0,1400.0,2.0,3.230042
1,1,on,328,341,1,3.236333,0.090665996,0.220292,0.015916001,2.825125,3.546458,23.0,4164.0,2.325458,2000.0,1400.0,2.0,3.1456670040000003
1,1,on,329,342,0,9.887167,4.248459,0.222042,0.019542,5.316625,10.186083,23.0,4164.0,2.3458340000000004,2000.0,1400.0,2.0,5.638707999999999
1,1,on,330,343,1,3.340542,0.076292,0.23641701,0.0071670003,2.94075,3.659167,23.0,4164.0,4.71075,2000.0,1400.0,2.0,3.26425
1,1,on,331,344,0,8.762709,4.202667,0.221,0.02,4.235667,9.114708,23.0,4164.0,2.521583,2000.0,1400.0,2.0,4.560041999999999
1,1,on,332,345,1,3.1950002,0.023667,0.26154202,0.006875,2.815,3.4977078,23.0,4164.0,3.6537919999999997,2000.0,1400.0,2.0,3.1713332
1,1,on,333,346,0,7.544042,4.137625,0.318125,0.021959,2.955833,7.849917,23.0,4164.0,2.425333,2000.0,1400.0,2.0,3.4064170000000003
1,1,on,334,347,1,7.556208,4.24475,0.284167,0.019125,2.9246252,7.843041,23.0,4164.0,2.4606250000000003,2000.0,1400.0,2.0,3.311458
1,1,on,335,348,0,8.8724575,4.276208,0.245,0.020792,4.25,9.157375,23.0,4164.0,2.472292,2000.0,1400.0,2.0,4.5962495
1,1,on,336,349,1,3.1730409,0.022792,0.272542,0.006375,2.779417,3.541625,23.0,4164.0,3.66125,2000.0,1400.0,2.0,3.1502489000000002
1,1,on,337,350,0,7.705625,4.255834,0.22245799,0.024582999,3.121458,8.006334,23.0,4164.0,2.419708,2000.0,1400.0,2.0,3.4497910000000003
1,1,on,338,351,1,7.560875,4.2795835,0.227208,0.019042,2.9538338,7.853792,23.0,4164.0,2.469916,2000.0,1400.0,2.0,3.2812915
1,1,on,339,352,0,8.636708,4.1552906,0.24825,0.022166999,4.120917,9.001416,23.0,4164.0,2.507333,2000.0,1400.0,2.0,4.481417400000001
1,1,on,340,353,1,9.875709,1.0022091,0.277583,0.009291001,8.502125,10.168125,23.0,4164.0,3.570042,2000.0,1400.0,2.0,8.8734999
1,1,on,341,354,0,6.7605,0.029375,0.228708,0.007,6.4120417,7.122083,23.0,4164.0,8.071041,2000.0,1400.0,2.0,6.7311250000000005
1,1,on,342,355,1,3.362208,0.026457999,0.221333,0.006208,3.025709,3.6515,23.0,4164.0,5.8760840000000005,2000.0,1400.0,2.0,3.335750001
1,1,on,343,356,0,3.390666,0.024834,0.24587502,0.0062499996,3.035875,3.707583,23.0,4164.0,2.447458,2000.0,1400.0,2.0,3.365832
1,1,on,344,357,1,8.9227085,4.43925,0.252292,0.031583,4.097709,9.230375,23.0,4164.0,2.487209,2000.0,1400.0,2.0,4.4834585
1,1,on,345,358,0,4.571792,0.0265,0.274458,0.00675,4.143,4.871917,23.0,4164.0,3.643667,2000.0,1400.0,2.0,4.545292
1,1,on,346,359,1,3.201583,0.023500001,0.283,0.0077080005,2.804125,3.498625,23.0,4164.0,3.6029590000000002,2000.0,1400.0,2.0,3.178082999
1,1,on,347,360,0,7.6028333,4.213084,0.221875,0.0215,3.0301661,7.905584,23.0,4164.0,2.376792,2000.0,1400.0,2.0,3.3897493
1,1,on,348,361,1,7.425166,4.225291,0.244917,0.016833,2.8575418,7.7007504,23.0,4164.0,2.4659999999999997,2000.0,1400.0,2.0,3.1998749999999996
1,1,on,349,362,0,7.649917,4.155334,0.34179202,0.021166999,3.0461671,7.9406247,23.0,4164.0,2.44225,2000.0,1400.0,2.0,3.4945830000000004
1,1,on,350,363,1,7.3607078,4.1705003,0.240542,0.017334,2.8470001,7.742291,23.0,4164.0,2.450625,2000.0,1400.0,2.0,3.1902075000000005
1,1,on,351,364,0,10.042041,4.304542,0.259208,0.0225,5.367417,10.345375,23.0,4164.0,2.412791,2000.0,1400.0,2.0,5.737499
1,1,on,352,365,1,6.794209,0.022209,0.44325,0.006416,6.231916,7.1217504,23.0,4164.0,4.741750000000001,2000.0,1400.0,2.0,6.772
1,1,on,353,366,0,3.332583,0.022625,0.24158299,0.007125,2.980416,3.6125839,23.0,4164.0,5.832000000000001,2000.0,1400.0,2.0,3.309958
1,1,on,354,367,1,7.615041,4.2175417,0.268833,0.019875001,3.015208,7.917416,23.0,4164.0,2.450208,2000.0,1400.0,2.0,3.3974992999999998
1,1,on,355,368,0,8.747541,4.1785407,0.25345802,0.021458,4.176167,9.032708,23.0,4164.0,2.497792,2000.0,1400.0,2.0,4.5690003
1,1,on,356,369,1,3.230542,0.022374999,0.25341597,0.006833,2.855459,3.527542,23.0,4164.0,3.627791,2000.0,1400.0,2.0,3.2081670009999996
1,1,on,357,370,0,7.751791,4.22725,0.34720898,0.020917,3.079041,8.030915,23.0,4164.0,2.441167,2000.0,1400.0,2.0,3.524541
1,1,on,358,371,1,7.4463344,4.262208,0.212667,0.018958,2.860791,7.8151674,23.0,4164.0,2.476125,2000.0,1400.0,2.0,3.1841263999999994
1,1,on,359,372,0,7.740208,4.270375,0.247833,0.019958,3.117959,8.025166,23.0,4164.0,2.4347079999999997,2000.0,1400.0,2.0,3.4698330000000004
1,1,on,360,373,1,11.775125,4.9787498,0.432083,0.019749999,6.2530417,12.117792,23.0,4164.0,2.522541,2000.0,1400.0,2.0,6.796375199999999
1,2,off,121,130,0,8.863167,2.075917,0.303541,0.016708,6.394458,9.171666,23.0,4164.0,2.4303749999999997,2000.0,1400.0,2.0,6.78725
1,2,off,122,131,0,4.3926673,0.027083,0.24716699,0.005583,4.045542,4.693791,23.0,4164.0,5.879792,2000.0,1400.0,2.0,4.3655843
1,2,off,123,132,0,4.4824586,0.02575,0.27608302,0.00675,4.096292,4.846291,23.0,4164.0,3.636167,2000.0,1400.0,2.0,4.4567086
1,2,off,124,133,0,5.4355407,0.026166001,0.25925,0.005958,5.07475,5.745625,23.0,4164.0,3.631542,2000.0,1400.0,2.0,5.409374699
1,2,off,125,134,0,5.4872093,0.025125,0.27341703,0.0065,5.108375,5.787583,23.0,4164.0,4.688625,2000.0,1400.0,2.0,5.4620843
1,2,off,126,135,0,5.427458,0.027417,0.23808299,0.006833,5.0803747,5.760542,23.0,4164.0,4.6413340000000005,2000.0,1400.0,2.0,5.400041
1,2,off,127,136,0,5.48325,0.024584,0.25412503,0.005834,5.1218753,5.77775,23.0,4164.0,4.703208,2000.0,1400.0,2.0,5.458666
1,2,off,128,137,0,5.610084,0.031291,0.32987502,0.007458,5.167583,5.9076667,23.0,4164.0,4.639834,2000.0,1400.0,2.0,5.578792999999999
1,2,off,129,138,0,5.498792,0.023,0.262041,0.006375,5.135792,5.793875,23.0,4164.0,4.736541000000001,2000.0,1400.0,2.0,5.475792
1,2,off,130,139,0,5.449875,0.023750002,0.228083,0.005584,5.1236253,5.7219996,23.0,4164.0,4.6897079999999995,2000.0,1400.0,2.0,5.426124998
1,2,off,131,140,0,6.599792,0.029583,0.306916,0.007375,6.178625,6.9215,23.0,4164.0,4.738208,2000.0,1400.0,2.0,6.570209
1,2,off,132,141,0,4.419167,0.027,0.24404201,0.0065,4.0673337,4.7166667,23.0,4164.0,5.738791,2000.0,1400.0,2.0,4.392167
1,2,off,133,142,0,4.583416,0.021083001,0.227458,0.0058750003,4.258709,4.874667,23.0,4164.0,3.6112919999999997,2000.0,1400.0,2.0,4.562332999
1,2,off,134,143,0,5.5187497,0.029458001,0.259875,0.006208,5.152666,5.872875,23.0,4164.0,3.567125,2000.0,1400.0,2.0,5.489291699
1,2,off,135,144,0,3.4051251,0.026542,0.252834,0.0060409997,3.0444582,3.6964169,23.0,4164.0,4.737833999999999,2000.0,1400.0,2.0,3.3785830999999997
1,2,off,136,145,0,9.4735,2.526292,0.214125,0.015040999,6.649667,9.74175,23.0,4164.0,2.586958,2000.0,1400.0,2.0,6.947208
1,2,off,137,146,0,4.503416,0.023292,0.234959,0.00575,4.162083,4.804625,23.0,4164.0,6.252916,2000.0,1400.0,2.0,4.480124
1,2,off,138,147,0,4.452583,0.024208,0.267708,0.007417,4.082958,4.753625,23.0,4164.0,3.686375,2000.0,1400.0,2.0,4.428375
1,2,off,139,148,0,4.508458,0.026541,0.253375,0.005625,4.1530004,4.8088746,23.0,4164.0,3.588584,2000.0,1400.0,2.0,4.481917
1,2,off,140,149,0,5.71075,0.024625,0.243084,0.0065,5.362959,5.998291,23.0,4164.0,3.673916,2000.0,1400.0,2.0,5.686125
1,2,off,141,150,0,5.472083,0.023709001,0.241375,0.006083,5.1298327,5.758041,23.0,4164.0,4.755708,2000.0,1400.0,2.0,5.448373998999999
1,2,off,142,151,0,5.468416,0.02625,0.24841699,0.0061669997,5.1158752,5.781625,23.0,4164.0,4.659166,2000.0,1400.0,2.0,5.442166
1,2,off,143,152,0,5.554209,0.024125,0.297375,0.006708,5.157042,5.846458,23.0,4164.0,4.711749999999999,2000.0,1400.0,2.0,5.530084
1,2,off,144,153,0,6.5857906,0.02275,0.308709,0.005625,6.179333,6.868416,23.0,4164.0,4.705209,2000.0,1400.0,2.0,6.5630406
1,2,off,145,154,0,5.529125,0.025166001,0.255458,0.006875,5.166791,5.8170834,23.0,4164.0,5.778209,2000.0,1400.0,2.0,5.503958999
1,2,off,146,155,0,5.4320827,0.023958001,0.23691699,0.0060420004,5.0931673,5.736291,23.0,4164.0,4.706250000000001,2000.0,1400.0,2.0,5.408124699
1,2,off,147,156,0,5.739625,0.027167,0.374208,0.007292,5.257334,6.031792,23.0,4164.0,4.7077919999999995,2000.0,1400.0,2.0,5.712458
1,2,off,148,157,0,5.499084,0.028417,0.26537502,0.005542,5.1215,5.8008337,23.0,4164.0,4.763042,2000.0,1400.0,2.0,5.470667
1,2,off,149,158,0,5.429333,0.024792,0.24108301,0.006083,5.084791,5.7286673,23.0,4164.0,4.710417,2000.0,1400.0,2.0,5.404541
1,2,off,150,159,0,5.521042,0.024958001,0.26262498,0.006,5.156333,5.812625,23.0,4164.0,4.6315,2000.0,1400.0,2.0,5.496083999
1,2,off,151,160,0,5.584,0.025167001,0.258417,0.006,5.2243752,5.874375,23.0,4164.0,4.738041999999999,2000.0,1400.0,2.0,5.558832999
1,2,off,152,161,0,8.736292,0.027,0.254417,0.006292,8.377875,9.027083,23.0,4164.0,4.7489170000000005,2000.0,1400.0,2.0,8.709292000000001
1,2,off,153,162,0,4.4352503,0.026042,0.258625,0.006625,4.073042,4.734541,23.0,4164.0,7.980208000000001,2000.0,1400.0,2.0,4.4092082999999995
1,2,off,154,163,0,6.599209,0.027,0.257,0.0071670003,6.235708,6.8902497,23.0,4164.0,3.5905,2000.0,1400.0,2.0,6.572209
1,2,off,155,164,0,3.3104172,0.02775,0.27525,0.006208,2.929333,3.60075,23.0,4164.0,5.828917000000001,2000.0,1400.0,2.0,3.2826671999999997
1,2,off,156,165,0,3.141959,0.0225,0.24525,0.0062499996,2.7971249,3.4365,23.0,4164.0,2.479083,2000.0,1400.0,2.0,3.119459
1,2,off,157,166,0,5.788333,2.544625,0.223792,0.017209,2.933667,6.081208,23.0,4164.0,2.419416,2000.0,1400.0,2.0,3.243708
1,2,off,158,167,0,5.626083,2.286416,0.354958,0.0136669995,2.881333,5.936584,23.0,4164.0,2.4290420000000004,2000.0,1400.0,2.0,3.3396670000000004
1,2,off,159,168,0,5.472167,2.102125,0.275625,0.016874999,3.0034158,5.789667,23.0,4164.0,2.4435,2000.0,1400.0,2.0,3.3700419999999998
1,2,off,160,169,0,5.394875,2.1782079,0.262166,0.01575,2.8687088,5.6983747,23.0,4164.0,2.496791,2000.0,1400.0,2.0,3.2166671
1,2,off,161,170,0,5.428708,2.070084,0.27116698,0.014708,2.976417,5.753708,23.0,4164.0,2.429333,2000.0,1400.0,2.0,3.3586240000000003
1,2,off,162,171,0,5.437084,2.2363749,0.261792,0.0155420005,2.83275,5.752583,23.0,4164.0,2.460375,2000.0,1400.0,2.0,3.2007090999999996
1,2,off,163,172,0,5.793542,2.351375,0.262958,0.018333,3.0887089,6.114959,23.0,4164.0,2.3904579999999997,2000.0,1400.0,2.0,3.4421670000000004
1,2,off,164,173,0,5.5004582,2.2019591,0.303042,0.016708,2.8885832,5.794125,23.0,4164.0,2.525333,2000.0,1400.0,2.0,3.2984991
1,2,off,165,174,0,5.772291,2.419583,0.263167,0.015083999,2.98725,6.0923753,23.0,4164.0,2.462208,2000.0,1400.0,2.0,3.3527080000000002
1,2,off,166,175,0,8.842917,2.1478329,0.251625,0.016709,6.336833,9.145666,23.0,4164.0,2.501208,2000.0,1400.0,2.0,6.6950841
1,2,off,167,176,0,3.284666,0.027457999,0.248084,0.006375,2.932542,3.5853748,23.0,4164.0,5.888916999999999,2000.0,1400.0,2.0,3.257208001
1,2,off,168,177,0,5.6948752,2.459416,0.226084,0.016083,2.921958,5.979375,23.0,4164.0,2.43275,2000.0,1400.0,2.0,3.2354592
1,2,off,169,178,0,5.581,2.225042,0.239625,0.016791001,3.026083,5.8725,23.0,4164.0,2.476209,2000.0,1400.0,2.0,3.355958
1,2,off,170,179,0,5.338583,2.124208,0.23291601,0.014541,2.8920422,5.691167,23.0,4164.0,2.444792,2000.0,1400.0,2.0,3.214375
1,2,off,171,180,0,5.556625,2.199292,0.248,0.0175,3.017625,5.838125,23.0,4164.0,2.446833,2000.0,1400.0,2.0,3.3573330000000006
1,2,off,172,181,0,5.657833,2.3660002,0.272791,0.042041,2.9045,5.942084,23.0,4164.0,2.4616249999999997,2000.0,1400.0,2.0,3.2918328
1,2,off,173,182,0,5.846542,2.1516669,0.267167,0.018458,3.3357499,6.1290417,23.0,4164.0,2.47575,2000.0,1400.0,2.0,3.6948751000000004
1,2,off,174,183,0,5.360459,2.061792,0.30695802,0.016458,2.892833,5.729375,23.0,4164.0,2.770458,2000.0,1400.0,2.0,3.2986669999999996
1,2,off,175,184,0,5.7660003,2.245833,0.279792,0.0155,3.146042,6.0638337,23.0,4164.0,2.4689170000000003,2000.0,1400.0,2.0,3.5201672999999998
1,2,off,176,185,0,5.701083,2.338041,0.290709,0.016041,2.982458,5.994833,23.0,4164.0,2.567833,2000.0,1400.0,2.0,3.3630419999999996
1,2,off,177,186,0,5.423125,2.111625,0.302666,0.015958,2.9186668,5.7395,23.0,4164.0,2.5709589999999998,2000.0,1400.0,2.0,3.3114999999999997
1,2,off,178,187,0,6.581625,2.1835,0.262416,0.021333,4.040875,6.888917,23.0,4164.0,2.431125,2000.0,1400.0,2.0,4.398125
1,2,off,179,188,0,5.6315,2.247458,0.289708,0.01675,3.002916,5.9260836,23.0,4164.0,3.58975,2000.0,1400.0,2.0,3.384042
1,2,off,180,189,0,5.452458,2.2026658,0.28966698,0.01625,2.870959,5.764166,23.0,4164.0,2.47325,2000.0,1400.0,2.0,3.2497922
1,2,off,181,190,0,6.613,2.1017911,0.29979202,0.020083,4.116125,6.9595833,23.0,4164.0,2.446833,2000.0,1400.0,2.0,4.511208900000001
1,2,off,182,191,0,7.193917,2.3240829,0.261792,0.01875,4.5134997,7.490542,23.0,4164.0,3.561708,2000.0,1400.0,2.0,4.8698341
1,2,off,183,192,0,5.6155,2.3701248,0.268834,0.019792,2.878458,5.9050837,23.0,4164.0,3.6950410000000002,2000.0,1400.0,2.0,3.2453752
1,2,off,184,193,0,5.337667,2.124167,0.259708,0.016583001,2.865,5.6482077,23.0,4164.0,2.4510840000000003,2000.0,1400.0,2.0,3.2135
1,2,off,185,194,0,5.776791,2.478209,0.280959,0.017583,2.920458,6.073792,23.0,4164.0,2.442333,2000.0,1400.0,2.0,3.298582
1,2,off,186,195,0,5.389584,2.146125,0.260375,0.015958,2.893084,5.722209,23.0,4164.0,2.420083,2000.0,1400.0,2.0,3.243459
1,2,off,187,196,0,7.868833,2.1496668,0.281,0.01575,5.347875,8.1589155,23.0,4164.0,2.450792,2000.0,1400.0,2.0,5.7191662
1,2,off,188,197,0,4.4400406,0.030625,0.27625,0.0076249996,4.048042,4.815333,23.0,4164.0,4.825125000000001,2000.0,1400.0,2.0,4.4094156
1,2,off,189,198,0,4.478083,0.026708,0.29341698,0.006542,4.081875,4.758833,23.0,4164.0,3.6195,2000.0,1400.0,2.0,4.451375
1,2,off,190,199,0,4.4165,0.024334,0.261667,0.006292,4.0518746,4.712791,23.0,4164.0,3.6275,2000.0,1400.0,2.0,4.3921660000000005
1,2,off,191,200,0,5.655209,0.027708,0.264167,0.006667,5.285541,5.959208,23.0,4164.0,3.604833,2000.0,1400.0,2.0,5.6275010000000005
1,2,off,192,201,0,4.3615003,0.025249999,0.262584,0.006166,3.994917,4.664875,23.0,4164.0,4.749542,2000.0,1400.0,2.0,4.336250301000001
1,2,off,193,202,0,5.6332498,0.024042,0.270833,0.0067910003,5.2545,6.2935834,23.0,4164.0,3.6162910000000004,2000.0,1400.0,2.0,5.6092078
1,2,off,194,203,0,5.52325,0.023208,0.24633299,0.006083,5.175084,5.814,23.0,4164.0,4.6565,2000.0,1400.0,2.0,5.500042
1,2,off,195,204,0,5.690542,0.025375001,0.29,0.00675,5.29475,5.993708,23.0,4164.0,4.700916,2000.0,1400.0,2.0,5.665166999
1,2,off,196,205,0,5.490833,0.024375001,0.255125,0.006583,5.13125,5.795417,23.0,4164.0,4.797959,2000.0,1400.0,2.0,5.466457999
1,2,off,197,206,0,4.5836253,0.022875,0.241375,0.006375,4.242083,4.858125,23.0,4164.0,4.606291000000001,2000.0,1400.0,2.0,4.5607503
1,2,off,198,207,0,5.6005826,0.027166,0.278375,0.0069170003,5.210417,5.912584,23.0,4164.0,3.647875,2000.0,1400.0,2.0,5.5734166
1,2,off,199,208,0,4.519125,0.026833,0.267542,0.006375,4.1475406,4.816709,23.0,4164.0,4.746334,2000.0,1400.0,2.0,4.492292
1,2,off,200,209,0,6.5226254,0.023333,0.279083,0.006125,6.13775,6.891583,23.0,4164.0,3.66125,2000.0,1400.0,2.0,6.4992924
1,2,off,201,210,0,4.4690833,0.025292,0.240083,0.006542,4.122708,4.7650003,23.0,4164.0,5.742500000000001,2000.0,1400.0,2.0,4.4437913
1,2,off,202,211,0,4.3445,0.021292001,0.255875,0.006959,3.98925,4.649083,23.0,4164.0,3.623917,2000.0,1400.0,2.0,4.323207999
1,2,off,203,212,0,4.403416,0.027709,0.239791,0.006292,4.056417,4.7003746,23.0,4164.0,3.5745,2000.0,1400.0,2.0,4.375707
1,2,off,204,213,0,4.3554583,0.024167001,0.229542,0.005584,4.026916,4.653875,23.0,4164.0,3.577667,2000.0,1400.0,2.0,4.331291298999999
1,2,off,205,214,0,4.4762077,0.026125,0.23325,0.005958,4.1412077,4.7599587,23.0,4164.0,3.614875,2000.0,1400.0,2.0,4.450082699999999
1,2,off,206,215,0,4.335958,0.025625,0.25675002,0.0065,3.974792,4.629916,23.0,4164.0,3.645,2000.0,1400.0,2.0,4.310333
1,2,off,207,216,0,4.453,0.023875,0.299625,0.007,4.048959,4.771792,23.0,4164.0,3.566334,2000.0,1400.0,2.0,4.429125
1,2,off,208,217,0,4.339125,0.027666999,0.27029198,0.006334,3.965708,4.6235414,23.0,4164.0,3.5768750000000002,2000.0,1400.0,2.0,4.311458001
1,2,off,209,218,0,6.52675,0.022,0.251583,0.0067910003,6.1755,6.8122087,23.0,4164.0,3.587292,2000.0,1400.0,2.0,6.50475
1,2,off,210,219,0,11.160999,0.027,0.258333,0.0062909997,10.800958,11.454166,23.0,4164.0,5.7190829999999995,2000.0,1400.0,2.0,11.133999000000001
1,2,off,211,220,0,5.741916,2.354792,0.300042,0.015959,2.9859161,6.048042,23.0,4164.0,10.406165999999999,2000.0,1400.0,2.0,3.3871239999999996
1,2,off,212,221,0,5.224875,1.761833,0.308791,0.014833,2.953542,5.803916,23.0,4164.0,2.459792,2000.0,1400.0,2.0,3.4630419999999997
1,2,off,213,222,0,6.2703753,2.178417,0.365041,0.01425,3.6354592,6.591916,23.0,4164.0,2.4932909999999997,2000.0,1400.0,2.0,4.0919583
1,2,off,214,223,0,9.580375,1.575834,0.6475,0.017708,7.175208,10.06125,23.0,4164.0,2.408125,2000.0,1400.0,2.0,8.004541
1,2,off,215,224,0,4.474167,0.028083999,0.245625,0.006958,4.112875,4.821625,23.0,4164.0,6.0331660000000005,2000.0,1400.0,2.0,4.446083001
1,2,off,216,225,0,5.464958,0.024959,0.261084,0.006667,5.1014156,5.758125,23.0,4164.0,3.632292,2000.0,1400.0,2.0,5.439999
1,2,off,217,226,0,5.8112497,0.027542,0.28062502,0.006125,5.4246674,6.10825,23.0,4164.0,4.720917,2000.0,1400.0,2.0,5.7837077
1,2,off,218,227,0,6.6645,0.026125,0.2625,0.006208,6.299042,6.96625,23.0,4164.0,4.83225,2000.0,1400.0,2.0,6.638375
1,2,off,219,228,0,4.457958,0.023165999,0.290833,0.006625,4.067916,4.739041,23.0,4164.0,5.870209,2000.0,1400.0,2.0,4.434792001
1,2,off,220,229,0,6.603541,0.027833002,0.37,0.006334,6.132959,6.875208,23.0,4164.0,3.5965409999999998,2000.0,1400.0,2.0,6.5757079979999995
1,2,off,221,230,0,6.702291,0.025333,0.286917,0.0065,6.313125,7.006708,23.0,4164.0,5.745542,2000.0,1400.0,2.0,6.676958
1,2,off,222,231,0,4.3635,0.025040999,0.27029198,0.006375,3.9854162,4.661208,23.0,4164.0,5.867209,2000.0,1400.0,2.0,4.338459001
1,2,off,223,232,0,3.332625,0.021833,0.234417,0.006209,3.001625,3.6136658,23.0,4164.0,3.5783329999999998,2000.0,1400.0,2.0,3.310792
1,2,off,224,233,0,5.702042,2.4410832,0.231875,0.017375,2.939875,6.000584,23.0,4164.0,2.529833,2000.0,1400.0,2.0,3.2609587999999996
1,2,off,225,234,0,5.2685003,2.039833,0.257666,0.014833,2.882916,5.6235,23.0,4164.0,2.460709,2000.0,1400.0,2.0,3.2286673000000006
1,2,off,226,235,0,5.339208,2.1247919,0.27004197,0.014666,2.8596668,5.624042,23.0,4164.0,2.421917,2000.0,1400.0,2.0,3.2144161
1,2,off,227,236,0,7.512833,2.218708,0.257041,0.013208,4.953041,7.8609996,23.0,4164.0,2.432708,2000.0,1400.0,2.0,5.294124999999999
1,2,off,228,237,0,5.619834,2.438542,0.231292,0.017209,2.855208,5.907125,23.0,4164.0,3.823083,2000.0,1400.0,2.0,3.181292
1,2,off,229,238,0,5.7704167,2.4563339,0.230666,0.017833,2.990417,6.058917,23.0,4164.0,2.424334,2000.0,1400.0,2.0,3.3140828
1,2,off,230,239,0,5.390709,2.1595418,0.24350001,0.018166,2.894375,5.702166,23.0,4164.0,2.4702499999999996,2000.0,1400.0,2.0,3.2311672000000002
1,2,off,231,240,0,5.448709,2.142875,0.269459,0.0135,2.952167,5.770708,23.0,4164.0,2.4580420000000003,2000.0,1400.0,2.0,3.305834
1,2,off,232,241,0,5.337625,2.1299999,0.2385,0.017041,2.8806672,5.644417,23.0,4164.0,2.431208,2000.0,1400.0,2.0,3.2076251
1,2,off,233,242,0,5.3711247,2.054125,0.25679103,0.015666999,2.956708,5.679667,23.0,4164.0,2.4412499999999997,2000.0,1400.0,2.0,3.3169997
1,2,off,234,243,0,6.720542,2.236084,0.278209,0.017208,4.109125,7.010583,23.0,4164.0,2.433084,2000.0,1400.0,2.0,4.484458
1,2,off,235,244,0,5.605666,2.287,0.250958,0.013083001,2.973458,5.90025,23.0,4164.0,3.605834,2000.0,1400.0,2.0,3.3186660000000003
1,2,off,236,245,0,5.3052077,2.100834,0.2905,0.017125,2.819875,5.618833,23.0,4164.0,2.482583,2000.0,1400.0,2.0,3.2043737000000005
1,2,off,237,246,0,7.807958,2.0162919,0.371125,0.017125,5.3247094,8.115959,23.0,4164.0,2.3852919999999997,2000.0,1400.0,2.0,5.7916661000000005
1,2,off,238,247,0,5.527541,0.025958,0.234792,0.0061669997,5.1895833,5.8805842,23.0,4164.0,4.794,2000.0,1400.0,2.0,5.501583
1,2,off,239,248,0,6.6739173,0.026166001,0.241708,0.006875,6.32775,6.970542,23.0,4164.0,4.792459,2000.0,1400.0,2.0,6.647751299
1,2,off,240,249,0,7.8635,0.023084,0.25445902,0.0057920003,7.505916,8.156668,23.0,4164.0,5.829458,2000.0,1400.0,2.0,7.840416
1,2,off,241,250,0,4.443084,0.023292,0.242959,0.006459,4.100792,4.731083,23.0,4164.0,7.022083,2000.0,1400.0,2.0,4.419792
1,2,off,242,251,0,4.3104997,0.023041999,0.22983299,0.005584,3.9812078,4.6095,23.0,4164.0,3.6254999999999997,2000.0,1400.0,2.0,4.287457701
1,2,off,243,252,0,5.495833,0.022208,0.28462502,0.006292,5.110167,5.7780004,23.0,4164.0,3.5580410000000002,2000.0,1400.0,2.0,5.473625
1,2,off,244,253,0,4.274833,0.02675,0.287458,0.006416,3.8805,4.589208,23.0,4164.0,4.616042,2000.0,1400.0,2.0,4.248083
1,2,off,245,254,0,5.624125,0.026417,0.276041,0.006542,5.241084,5.925667,23.0,4164.0,3.466167,2000.0,1400.0,2.0,5.597708
1,2,off,246,255,0,4.3065424,0.024875,0.253625,0.006333,3.953,4.60575,23.0,4164.0,4.7510829999999995,2000.0,1400.0,2.0,4.2816674
1,2,off,247,256,0,3.299208,0.026291,0.312542,0.0062499996,2.8843331,3.583583,23.0,4164.0,3.603833,2000.0,1400.0,2.0,3.272917
1,2,off,248,257,0,5.752083,2.5500002,0.21187499,0.013875,2.906167,6.0325,23.0,4164.0,2.4335,2000.0,1400.0,2.0,3.2020828
1,2,off,249,258,0,5.685625,2.195625,0.248625,0.017874999,3.147625,5.982541,23.0,4164.0,2.470458,2000.0,1400.0,2.0,3.4899999999999998
1,2,off,250,259,0,8.845875,2.1176672,0.305625,0.012333,6.338084,9.1380005,23.0,4164.0,2.5805,2000.0,1400.0,2.0,6.7282078
1,2,off,251,260,0,6.6664157,0.024042,0.241375,0.005791,6.323916,6.959125,23.0,4164.0,5.887625,2000.0,1400.0,2.0,6.6423737
1,2,off,252,261,0,3.16825,0.022875,0.249542,0.005917,2.818709,3.469834,23.0,4164.0,5.875542,2000.0,1400.0,2.0,3.145375
1,2,off,253,262,0,5.682875,2.333542,0.29087502,0.014916,2.9715831,5.975834,23.0,4164.0,2.436583,2000.0,1400.0,2.0,3.349333
1,2,off,254,263,0,6.609708,2.2232919,0.26154098,0.015875,4.038709,6.897958,23.0,4164.0,2.468791,2000.0,1400.0,2.0,4.3864161
1,2,off,255,264,0,5.6772504,2.295375,0.236541,0.01675,3.0569582,5.998542,23.0,4164.0,3.5867080000000002,2000.0,1400.0,2.0,3.3818754
1,2,off,256,265,0,5.535208,2.318333,0.278125,0.014083,2.8525832,5.828958,23.0,4164.0,2.5467079999999997,2000.0,1400.0,2.0,3.216875
1,2,off,257,266,0,5.391375,2.141583,0.249375,0.016041,2.897125,5.701458,23.0,4164.0,2.42975,2000.0,1400.0,2.0,3.2497920000000002
1,2,off,258,267,0,5.307459,2.0041249,0.275917,0.014791,2.9402921,5.651333,23.0,4164.0,2.462666,2000.0,1400.0,2.0,3.3033341
1,2,off,259,268,0,5.467791,2.0625832,0.280666,0.017292,3.033167,5.799417,23.0,4164.0,2.509625,2000.0,1400.0,2.0,3.4052078
1,2,off,260,269,0,8.693792,3.2827501,0.272167,0.018083999,5.0499997,8.996917,23.0,4164.0,2.516916,2000.0,1400.0,2.0,5.411041900000001
1,2,off,261,270,0,5.519708,0.022667,0.25,0.0058750003,5.167458,5.814333,23.0,4164.0,4.6089590000000005,2000.0,1400.0,2.0,5.497040999999999
1,2,off,262,271,0,5.602042,0.026833,0.36812502,0.007125,5.130042,5.895792,23.0,4164.0,4.721875000000001,2000.0,1400.0,2.0,5.575209
1,2,off,263,272,0,5.676292,0.026874999,0.272,0.0059160003,5.299583,5.963958,23.0,4164.0,4.701541,2000.0,1400.0,2.0,5.649417001
1,2,off,264,273,0,5.4803343,0.024208,0.22391699,0.006125,5.153042,5.7831674,23.0,4164.0,4.731624999999999,2000.0,1400.0,2.0,5.4561263
1,2,off,265,274,0,5.5641246,0.026167,0.266875,0.006125,5.195958,5.8468328,23.0,4164.0,4.666334,2000.0,1400.0,2.0,5.5379576
1,2,off,266,275,0,5.4829173,0.027042,0.279417,0.0059160003,5.101083,5.763292,23.0,4164.0,4.7159580000000005,2000.0,1400.0,2.0,5.455875300000001
1,2,off,267,276,0,6.711917,0.029208,0.254292,0.006625,6.352458,7.001875,23.0,4164.0,4.703917000000001,2000.0,1400.0,2.0,6.682709
1,2,off,268,277,0,4.336917,0.023041999,0.262375,0.005791,3.9755418,4.636375,23.0,4164.0,5.858375,2000.0,1400.0,2.0,4.3138750009999995
1,2,off,269,278,0,4.3970003,0.025417,0.23075,0.006792,4.060959,4.701667,23.0,4164.0,3.580917,2000.0,1400.0,2.0,4.3715833
1,2,off,270,279,0,4.349792,0.026083,0.26458302,0.005709,3.980292,4.663291,23.0,4164.0,3.598458,2000.0,1400.0,2.0,4.323709
1,2,off,271,280,0,3.326541,0.023916,0.23987499,0.006334,2.987417,3.608917,23.0,4164.0,3.583375,2000.0,1400.0,2.0,3.3026250000000004
1,2,off,272,281,0,5.627,2.3833752,0.26679102,0.016541,2.887583,5.918584,23.0,4164.0,2.542166,2000.0,1400.0,2.0,3.2436247999999996
1,2,off,273,282,0,8.652333,2.066,0.26775,0.055042002,6.185625,8.979333,23.0,4164.0,2.446917,2000.0,1400.0,2.0,6.586333000000001
1,2,off,274,283,0,4.347583,0.025834,0.259292,0.006125,3.988333,4.636375,23.0,4164.0,4.844374999999999,2000.0,1400.0,2.0,4.3217490000000005
1,2,off,275,284,0,5.644958,0.022875,0.2315,0.006083,5.314333,5.9324174,23.0,4164.0,3.5730419999999996,2000.0,1400.0,2.0,5.622083
1,2,off,276,285,0,5.4252076,0.024542,0.26095802,0.0061669997,5.063667,5.716125,23.0,4164.0,4.741792,2000.0,1400.0,2.0,5.4006656
1,2,off,277,286,0,4.48925,0.027083,0.313625,0.006667,4.063416,4.877625,23.0,4164.0,4.688916,2000.0,1400.0,2.0,4.462167
1,2,off,278,287,0,5.5264997,0.025333,0.241167,0.006292,5.1845417,5.818041,23.0,4164.0,3.590625,2000.0,1400.0,2.0,5.5011667
1,2,off,279,288,0,6.9000826,0.025542,0.281167,0.006542,6.515959,7.199625,23.0,4164.0,4.764583,2000.0,1400.0,2.0,6.8745406000000004
1,2,off,280,289,0,7.733292,0.022832999,0.257459,0.0062909997,7.375666,8.023833,23.0,4164.0,5.926625,2000.0,1400.0,2.0,7.710459000999999
1,2,off,281,290,0,3.1437922,0.021542,0.24275,0.005958,2.806084,3.409792,23.0,4164.0,6.9782079999999995,2000.0,1400.0,2.0,3.1222502
1,2,off,282,291,0,5.6375837,2.3804579,0.243416,0.013584,2.926041,5.9169593,23.0,4164.0,2.386041,2000.0,1400.0,2.0,3.2571258000000003
1,2,off,283,292,0,6.945083,2.4120421,0.27337497,0.020417,4.1647086,7.232709,23.0,4164.0,2.493833,2000.0,1400.0,2.0,4.5330409000000005
1,2,off,284,293,0,5.645875,2.4329162,0.22183399,0.015791,2.9042091,5.950459,23.0,4164.0,3.627209,2000.0,1400.0,2.0,3.2129588
1,2,off,285,294,0,5.6341248,2.376834,0.249375,0.015834,2.914208,5.963208,23.0,4164.0,2.459708,2000.0,1400.0,2.0,3.2572908000000003
1,2,off,286,295,0,6.397042,2.150917,0.24625002,0.017625,3.9127078,6.710792,23.0,4164.0,2.404542,2000.0,1400.0,2.0,4.246124999999999
1,2,off,287,296,0,5.5968328,2.357,0.24533302,0.015583,2.908875,5.902417,23.0,4164.0,3.4363750000000004,2000.0,1400.0,2.0,3.2398327999999994
1,2,off,288,297,0,5.4525414,2.246167,0.23283401,0.01575,2.8817081,5.76025,23.0,4164.0,2.42,2000.0,1400.0,2.0,3.2063744000000005
1,2,off,289,298,0,5.410125,2.1455,0.22125,0.014625001,2.9585001,5.7060003,23.0,4164.0,2.423709,2000.0,1400.0,2.0,3.2646249999999997
1,2,off,290,299,0,6.523708,1.995917,0.363375,0.014334001,4.071209,6.821416,23.0,4164.0,2.4562500000000003,2000.0,1400.0,2.0,4.527791000000001
1,2,off,291,300,0,5.573375,2.248417,0.249125,0.016708,2.985917,5.894125,23.0,4164.0,3.637333,2000.0,1400.0,2.0,3.3249580000000005
1,2,off,292,301,0,6.818375,2.359417,0.31166703,0.019667001,4.05175,7.104875,23.0,4164.0,2.456792,2000.0,1400.0,2.0,4.458957999999999
1,2,off,293,302,0,5.690084,2.3214588,0.232875,0.017333,3.040958,5.986958,23.0,4164.0,3.608666,2000.0,1400.0,2.0,3.3686252
1,2,off,294,303,0,5.5532923,2.113292,0.337584,0.016792001,3.00525,5.858625,23.0,4164.0,2.526042,2000.0,1400.0,2.0,3.4400003
1,2,off,295,304,0,5.5049996,2.10725,0.289542,0.01625,3.0137079,5.839584,23.0,4164.0,2.450875,2000.0,1400.0,2.0,3.3977495999999996
1,2,off,296,305,0,5.456166,2.2395,0.247958,0.012499999,2.873125,5.818041,23.0,4164.0,2.49125,2000.0,1400.0,2.0,3.2166659999999996
1,2,off,297,306,0,4.980791,1.651417,0.263417,0.012792001,2.974917,5.7297077,23.0,4164.0,2.449625,2000.0,1400.0,2.0,3.329374
1,2,off,298,307,0,6.622,2.180584,0.254166,0.017541,4.099,6.902833,23.0,4164.0,2.448709,2000.0,1400.0,2.0,4.441416
1,2,off,299,308,0,6.7373343,2.306083,0.24625002,0.0143329995,4.100791,7.003458,23.0,4164.0,3.6272499999999996,2000.0,1400.0,2.0,4.4312513
1,2,off,300,309,0,5.499458,2.2887921,0.270208,0.016917,2.847417,5.8061247,23.0,4164.0,3.596083,2000.0,1400.0,2.0,3.2106658999999995
1,2,off,301,310,0,6.799792,2.306917,0.277333,0.014958,4.1285,7.077417,23.0,4164.0,2.394958,2000.0,1400.0,2.0,4.492875
1,2,off,302,311,0,6.58925,2.30475,0.26125002,0.015583,3.9397092,6.859833,23.0,4164.0,3.612292,2000.0,1400.0,2.0,4.2844999999999995
1,2,off,303,312,0,6.726667,2.2689579,0.269917,0.015625,4.099125,7.0097923,23.0,4164.0,3.528125,2000.0,1400.0,2.0,4.4577091
1,2,off,304,313,0,6.613916,2.1955829,0.28225,0.013333,4.050584,6.929,23.0,4164.0,3.587875,2000.0,1400.0,2.0,4.4183331
1,2,off,305,314,0,8.270249,2.283,0.259541,0.013334,5.6460004,8.547459,23.0,4164.0,3.606916,2000.0,1400.0,2.0,5.987249
1,2,off,306,315,0,4.381666,0.027167,0.26475,0.006666,4.0095,4.675583,23.0,4164.0,4.791958,2000.0,1400.0,2.0,4.354499
1,2,off,307,316,0,6.7775407,0.023458,0.268958,0.006083,6.408209,7.0724998,23.0,4164.0,3.5903329999999998,2000.0,1400.0,2.0,6.7540827000000005
1,2,off,308,317,0,6.6215,0.026375001,0.24458301,0.00675,6.2748327,6.902875,23.0,4164.0,5.931334,2000.0,1400.0,2.0,6.595124999
1,2,off,309,318,0,3.532958,0.028125,0.35424998,0.008584,3.072334,3.808916,23.0,4164.0,5.892666999999999,2000.0,1400.0,2.0,3.5048329999999996
1,2,off,310,319,0,8.029666,2.422083,0.245625,0.012917,5.269042,8.307082,23.0,4164.0,2.552083,2000.0,1400.0,2.0,5.607583
1,2,off,311,320,0,3.303,0.027042,0.26329198,0.006583,2.930042,3.64775,23.0,4164.0,4.799582999999999,2000.0,1400.0,2.0,3.275958
1,2,off,312,321,0,4.465458,0.023,0.25387502,0.006459,4.110041,4.750208,23.0,4164.0,2.433166,2000.0,1400.0,2.0,4.442458
1,2,off,313,322,0,4.446792,0.026,0.267542,0.006208,4.075708,4.748292,23.0,4164.0,3.6225419999999997,2000.0,1400.0,2.0,4.4207920000000005
1,2,off,314,323,0,4.5845003,0.027584,0.34625,0.006375,4.129625,4.9675407,23.0,4164.0,3.584292,2000.0,1400.0,2.0,4.5569163
1,2,off,315,324,0,4.502875,0.030292,0.291667,0.008958,4.100916,4.7860003,23.0,4164.0,3.6411249999999997,2000.0,1400.0,2.0,4.472583
1,2,off,316,325,0,4.352417,0.028291998,0.253125,0.007,3.9908333,4.661916,23.0,4164.0,3.6015420000000002,2000.0,1400.0,2.0,4.324125002
1,2,off,317,326,0,4.549,0.027583001,0.35075,0.007916,4.090084,4.847084,23.0,4164.0,3.571917,2000.0,1400.0,2.0,4.521416999
1,2,off,318,327,0,3.305917,0.028665999,0.263042,0.006375,2.929,3.633292,23.0,4164.0,3.569417,2000.0,1400.0,2.0,3.2772510009999998
1,2,off,319,328,0,6.804416,2.361542,0.223583,0.01475,4.136167,7.0751667,23.0,4164.0,2.511125,2000.0,1400.0,2.0,4.442874
1,2,off,320,329,0,5.536417,2.263,0.260208,0.014416,2.928125,5.836167,23.0,4164.0,3.5914580000000003,2000.0,1400.0,2.0,3.2734170000000002
1,2,off,321,330,0,5.4674172,2.133708,0.290375,0.017459,2.952666,5.780959,23.0,4164.0,2.502958,2000.0,1400.0,2.0,3.3337092
1,2,off,322,331,0,6.749,2.2335,0.242209,0.016917,4.180709,7.054084,23.0,4164.0,2.449041,2000.0,1400.0,2.0,4.515499999999999
1,2,off,323,332,0,10.540418,3.4616659,0.238167,0.040457997,6.727709,10.830376,23.0,4164.0,3.749625,2000.0,1400.0,2.0,7.078752100000001
1,2,off,324,333,0,6.560959,0.023583999,0.231625,0.0057920003,6.231791,6.841,23.0,4164.0,5.852,2000.0,1400.0,2.0,6.537375001
1,2,off,325,334,0,4.451959,0.024,0.316625,0.0065409997,4.030208,4.739917,23.0,4164.0,5.866084,2000.0,1400.0,2.0,4.427959
1,2,off,326,335,0,4.263708,0.026791,0.300917,0.006667,3.853583,4.5995,23.0,4164.0,3.585708,2000.0,1400.0,2.0,4.236917
1,2,off,327,336,0,4.397416,0.024249999,0.228083,0.00675,4.0630407,4.695084,23.0,4164.0,3.450084,2000.0,1400.0,2.0,4.3731660009999995
1,2,off,328,337,0,4.1985416,0.022458,0.23454201,0.005417,3.868917,4.478458,23.0,4164.0,3.5798750000000004,2000.0,1400.0,2.0,4.1760836
1,2,off,329,338,0,4.36425,0.023500001,0.23729199,0.006625,4.026333,4.6675,23.0,4164.0,3.478,2000.0,1400.0,2.0,4.340749999
1,2,off,330,339,0,4.3286247,0.026625,0.229334,0.005917,3.9966252,4.627791,23.0,4164.0,3.585708,2000.0,1400.0,2.0,4.3019997
1,2,off,331,340,0,4.481333,0.026542,0.263125,0.006625,4.113208,4.792583,23.0,4164.0,3.581292,2000.0,1400.0,2.0,4.454791
1,2,off,332,341,0,4.373292,0.028042002,0.256792,0.005958,4.013542,4.650833,23.0,4164.0,3.608625,2000.0,1400.0,2.0,4.345249998
1,2,off,333,342,0,5.622125,0.025292,0.268459,0.0067910003,5.246791,5.9171667,23.0,4164.0,3.600875,2000.0,1400.0,2.0,5.596832999999999
1,2,off,334,343,0,4.4309173,0.025040999,0.228542,0.006,4.100292,4.7252917,23.0,4164.0,4.782625,2000.0,1400.0,2.0,4.405876301
1,2,off,335,344,0,6.705875,0.031542,0.238583,0.0061669997,6.359458,7.00425,23.0,4164.0,3.712958,2000.0,1400.0,2.0,6.674333
1,2,off,336,345,0,5.469625,0.030416,0.319708,0.00675,5.041667,5.7605004,23.0,4164.0,5.874417,2000.0,1400.0,2.0,5.439209
1,2,off,337,346,0,5.585834,0.024125,0.28012502,0.0058750003,5.2053328,5.869084,23.0,4164.0,4.593500000000001,2000.0,1400.0,2.0,5.5617090000000005
1,2,off,338,347,0,5.441958,0.02475,0.269583,0.006667,5.069458,5.742833,23.0,4164.0,4.747584,2000.0,1400.0,2.0,5.417208
1,2,off,339,348,0,7.7935,0.024208998,0.252292,0.0070410003,7.440083,8.079625,23.0,4164.0,4.650208,2000.0,1400.0,2.0,7.769291002
1,2,off,340,349,0,3.263791,0.024249999,0.257167,0.006334,2.892125,3.6243749,23.0,4164.0,6.970625,2000.0,1400.0,2.0,3.239541001
1,2,off,341,350,0,4.661,0.021125,0.22929199,0.0060420004,4.33225,5.0965424,23.0,4164.0,2.4580409999999997,2000.0,1400.0,2.0,4.639875
1,2,off,342,351,0,4.178625,0.023167,0.235541,0.005625,3.846458,4.479458,23.0,4164.0,3.5778749999999997,2000.0,1400.0,2.0,4.155458
1,2,off,343,352,0,4.508,0.027625,0.273166,0.0060420004,4.127666,4.8092084,23.0,4164.0,3.4645409999999996,2000.0,1400.0,2.0,4.480375
1,2,off,344,353,0,4.355166,0.027542,0.24983302,0.0060420004,3.9971251,4.661291,23.0,4164.0,3.627291,2000.0,1400.0,2.0,4.327623999999999
1,2,off,345,354,0,4.4546247,0.025291,0.287083,0.007458,4.062375,4.7497497,23.0,4164.0,3.575417,2000.0,1400.0,2.0,4.4293337
1,2,off,346,355,0,4.4257083,0.02275,0.229209,0.006125,4.097667,4.7182503,23.0,4164.0,3.538,2000.0,1400.0,2.0,4.4029583
1,2,off,347,356,0,4.454458,0.027417,0.25750002,0.006625,4.091666,4.7603745,23.0,4164.0,3.597125,2000.0,1400.0,2.0,4.427041
1,2,off,348,357,0,4.8649173,0.057292,0.53720796,0.017083,4.1827917,5.163375,23.0,4164.0,3.593834,2000.0,1400.0,2.0,4.8076253
1,2,off,349,358,0,3.344167,0.022834,0.2895,0.008,2.9525,3.68875,23.0,4164.0,3.5765,2000.0,1400.0,2.0,3.321333
1,2,off,350,359,0,5.2572923,1.48525,0.60666704,0.0147090005,2.9984162,5.97725,23.0,4164.0,2.458459,2000.0,1400.0,2.0,3.7720423
1,2,off,351,360,0,5.697833,2.182375,0.250583,0.015833,3.175125,5.989708,23.0,4164.0,2.470291,2000.0,1400.0,2.0,3.515458
1,2,off,352,361,0,5.4413333,2.14775,0.258667,0.01775,2.9367921,5.7398753,23.0,4164.0,2.470875,2000.0,1400.0,2.0,3.2935833000000003
1,2,off,353,362,0,6.8811674,2.334875,0.262791,0.020042,4.184083,7.187,23.0,4164.0,2.459792,2000.0,1400.0,2.0,4.5462924000000005
1,2,off,354,363,0,5.617417,2.294875,0.26920798,0.019834,2.959292,6.013,23.0,4164.0,3.628292,2000.0,1400.0,2.0,3.3225419999999994
1,2,off,355,364,0,5.5405,2.273208,0.252375,0.012333999,2.92975,5.867875,23.0,4164.0,2.477417,2000.0,1400.0,2.0,3.267292
1,2,off,356,365,0,5.671375,2.338125,0.28375,0.015083,2.962958,5.968875,23.0,4164.0,2.439167,2000.0,1400.0,2.0,3.3332500000000005
1,2,off,357,366,0,5.483625,2.065875,0.36141703,0.015583,2.96625,5.790666,23.0,4164.0,2.4405,2000.0,1400.0,2.0,3.41775
1,2,off,358,367,0,5.485334,2.160709,0.28825,0.015291,2.948292,5.8076673,23.0,4164.0,2.4573329999999998,2000.0,1400.0,2.0,3.3246249999999997
1,2,off,359,368,0,6.3296666,2.402417,0.25183398,0.011125,3.595416,6.618833,23.0,4164.0,2.464791,2000.0,1400.0,2.0,3.9272496000000006
1,2,off,360,369,0,5.463542,2.2082088,0.24345799,0.014792,2.9245,5.7678747,23.0,4164.0,2.691291,2000.0,1400.0,2.0,3.2553332000000004
1,3,off,121,133,0,6.33975,0.54899997,0.37225002,0.011625,5.331875,6.64275,23.0,4164.0,3.337834,2000.0,1400.0,2.0,5.790750030000001
1,3,off,122,134,0,5.0439587,0.64008397,0.252458,0.010583,4.068417,5.3422503,23.0,4164.0,4.789,2000.0,1400.0,2.0,4.40387473
1,3,off,123,135,0,3.7710001,0.42966598,0.309625,0.009959,2.950542,4.124708,23.0,4164.0,3.614833,2000.0,1400.0,2.0,3.34133412
1,3,off,124,136,0,3.59325,0.312333,0.271,0.008042,2.928125,3.9498332,23.0,4164.0,2.4405,2000.0,1400.0,2.0,3.2809169999999996
1,3,off,125,137,0,3.688333,0.286208,0.296,0.014541,2.983458,3.9773333,23.0,4164.0,2.4971669999999997,2000.0,1400.0,2.0,3.402125
1,3,off,126,138,0,3.559834,0.22637501,0.298,0.009834,2.945375,3.91225,23.0,4164.0,2.4741250000000004,2000.0,1400.0,2.0,3.33345899
1,3,off,127,139,0,5.923125,0.245166,0.285583,0.01475,5.2945,6.261333,23.0,4164.0,2.499292,2000.0,1400.0,2.0,5.6779589999999995
1,3,off,128,140,0,5.091,0.53825,0.352625,0.013541999,4.111084,5.391,23.0,4164.0,4.757,2000.0,1400.0,2.0,4.5527500000000005
1,3,off,129,141,0,4.02875,0.590208,0.344083,0.01325,3.006083,4.33,23.0,4164.0,3.600167,2000.0,1400.0,2.0,3.4385419999999995
1,3,off,130,142,0,3.611833,0.317417,0.2795,0.015917,2.924542,3.924125,23.0,4164.0,2.474333,2000.0,1400.0,2.0,3.294416
1,3,off,131,143,0,3.673375,0.305375,0.25849998,0.0145000005,3.018792,4.093708,23.0,4164.0,2.493333,2000.0,1400.0,2.0,3.368
1,3,off,132,144,0,3.620375,0.25149998,0.270583,0.0075,3.007875,3.973125,23.0,4164.0,2.448542,2000.0,1400.0,2.0,3.36887502
1,3,off,133,145,0,3.674542,0.302542,0.27779198,0.010083,2.968,3.9700828,23.0,4164.0,2.513416,2000.0,1400.0,2.0,3.3720000000000003
1,3,off,134,146,0,3.4611661,0.248459,0.271292,0.009583,2.851917,3.828875,23.0,4164.0,2.453375,2000.0,1400.0,2.0,3.2127071
1,3,off,135,147,0,3.822166,0.330792,0.286917,0.016292,3.113917,4.106042,23.0,4164.0,2.441375,2000.0,1400.0,2.0,3.4913740000000004
1,3,off,136,148,0,3.586375,0.265791,0.283209,0.013875,2.943167,3.9473748,23.0,4164.0,2.50525,2000.0,1400.0,2.0,3.3205839999999998
1,3,off,137,149,0,3.7215002,0.340834,0.257667,0.014667,3.007958,4.026209,23.0,4164.0,2.479875,2000.0,1400.0,2.0,3.3806662
1,3,off,138,150,0,3.8332908,0.5995,0.28225,0.014792,2.8608751,4.185875,23.0,4164.0,2.471334,2000.0,1400.0,2.0,3.2337908
1,3,off,139,151,0,3.573292,0.279792,0.274916,0.014542,2.927542,3.9209998,23.0,4164.0,2.434917,2000.0,1400.0,2.0,3.2935
1,3,off,140,152,0,6.242167,0.63541603,0.308084,0.015375,5.21,6.533667,23.0,4164.0,2.440125,2000.0,1400.0,2.0,5.60675097
1,3,off,141,153,0,3.925458,0.539,0.3385,0.010292,2.946958,4.259625,23.0,4164.0,4.73325,2000.0,1400.0,2.0,3.3864579999999997
1,3,off,142,154,0,3.926708,0.280583,0.29191598,0.008875,3.2075,4.2275,23.0,4164.0,2.443583,2000.0,1400.0,2.0,3.646125
1,3,off,143,155,0,3.632625,0.29987502,0.284041,0.015457999,2.95575,4.034125,23.0,4164.0,2.4107920000000003,2000.0,1400.0,2.0,3.33274998
1,3,off,144,156,0,3.491834,0.259917,0.28083402,0.007875,2.8655,3.8431249,23.0,4164.0,2.4402500000000003,2000.0,1400.0,2.0,3.2319169999999997
1,3,off,145,157,0,3.549875,0.24629201,0.281959,0.00875,2.9336662,3.9173331,23.0,4164.0,2.447541,2000.0,1400.0,2.0,3.30358299
1,3,off,146,158,0,3.6482089,0.33429098,0.290792,0.008834001,2.943459,3.9315,23.0,4164.0,2.44625,2000.0,1400.0,2.0,3.31391792
1,3,off,147,159,0,4.075667,0.7145,0.290208,0.015208,2.984792,4.3589997,23.0,4164.0,2.516666,2000.0,1400.0,2.0,3.361167
1,3,off,148,160,0,3.45925,0.232625,0.271792,0.014167,2.859167,3.8425841,23.0,4164.0,2.443,2000.0,1400.0,2.0,3.226625
1,3,off,149,161,0,3.880542,0.5775,0.279125,0.0095420005,2.938459,4.193834,23.0,4164.0,2.4417079999999998,2000.0,1400.0,2.0,3.303042
1,3,off,150,162,0,3.4494169,0.254041,0.255583,0.008792,2.854708,3.813,23.0,4164.0,2.4732920000000003,2000.0,1400.0,2.0,3.1953759
1,3,off,151,163,0,3.633458,0.263834,0.283208,0.014917,2.9683752,3.931833,23.0,4164.0,2.44,2000.0,1400.0,2.0,3.369624
1,3,off,152,164,0,3.587667,0.318292,0.27008298,0.0075419997,2.915458,3.893292,23.0,4164.0,2.44625,2000.0,1400.0,2.0,3.269375
1,3,off,153,165,0,3.804791,0.287458,0.283208,0.009000001,3.1234999,4.098208,23.0,4164.0,2.478959,2000.0,1400.0,2.0,3.517333
1,3,off,154,166,0,3.6082501,0.19125,0.358459,0.014083,2.875542,3.9854999,23.0,4164.0,2.6159999999999997,2000.0,1400.0,2.0,3.4170000999999997
1,3,off,155,167,0,3.606209,0.295584,0.27687502,0.010334,2.9432921,3.954542,23.0,4164.0,2.4884999999999997,2000.0,1400.0,2.0,3.3106250000000004
1,3,off,156,168,0,5.0760417,0.738041,0.236209,0.0147090005,4.018709,5.371583,23.0,4164.0,2.451583,2000.0,1400.0,2.0,4.3380007
1,3,off,157,169,0,3.672541,0.365125,0.32995802,0.011291999,2.8855422,3.9827921,23.0,4164.0,3.593583,2000.0,1400.0,2.0,3.307416
1,3,off,158,170,0,3.684417,0.413167,0.306959,0.010916,2.876167,3.9713333,23.0,4164.0,2.4300829999999998,2000.0,1400.0,2.0,3.2712499999999998
1,3,off,159,171,0,3.560625,0.23991701,0.25004202,0.0075,2.987083,3.951167,23.0,4164.0,2.442291,2000.0,1400.0,2.0,3.32070799
1,3,off,160,172,0,3.562666,0.291917,0.2735,0.009709,2.886166,3.8672922,23.0,4164.0,2.4984170000000003,2000.0,1400.0,2.0,3.2707490000000004
1,3,off,161,173,0,3.4837499,0.24879101,0.268917,0.008042,2.8822498,3.8378751,23.0,4164.0,2.4435,2000.0,1400.0,2.0,3.2349588899999997
1,3,off,162,174,0,3.4315,0.183458,0.282958,0.009625,2.8792078,3.8265,23.0,4164.0,2.4406250000000003,2000.0,1400.0,2.0,3.2480420000000003
1,3,off,163,175,0,3.566792,0.23658401,0.27354202,0.008084,2.966792,4.0106254,23.0,4164.0,2.4628330000000003,2000.0,1400.0,2.0,3.33020799
1,3,off,164,176,0,3.54525,0.333667,0.253667,0.0085,2.859791,3.853333,23.0,4164.0,2.450125,2000.0,1400.0,2.0,3.2115829999999996
1,3,off,165,177,0,4.054583,0.718292,0.287416,0.0145000005,2.962542,4.333166,23.0,4164.0,2.4495839999999998,2000.0,1400.0,2.0,3.336291
1,3,off,166,178,0,4.840916,0.321541,0.274875,0.008667,4.1638327,5.136375,23.0,4164.0,2.461875,2000.0,1400.0,2.0,4.519375
1,3,off,167,179,0,4.2417502,0.680291,0.349042,0.01025,3.127417,4.532291,23.0,4164.0,3.628917,2000.0,1400.0,2.0,3.5614592000000003
1,3,off,168,180,0,3.445,0.232083,0.2895,0.010333001,2.8305829,3.851083,23.0,4164.0,2.605042,2000.0,1400.0,2.0,3.212917
1,3,off,169,181,0,3.632833,0.281333,0.294375,0.009792,2.965125,3.961667,23.0,4164.0,2.426333,2000.0,1400.0,2.0,3.3515
1,3,off,170,182,0,3.5197082,0.20520799,0.28087503,0.01425,2.940209,3.899541,23.0,4164.0,2.452625,2000.0,1400.0,2.0,3.3145002100000003
1,3,off,171,183,0,3.696125,0.28425002,0.287834,0.007084,3.044625,3.9959579,23.0,4164.0,2.498916,2000.0,1400.0,2.0,3.41187498
1,3,off,172,184,0,5.786084,0.298292,0.262375,0.008375,5.139708,6.1025,23.0,4164.0,2.4558750000000003,2000.0,1400.0,2.0,5.487792
1,3,off,173,185,0,3.824834,0.50287503,0.32987502,0.013291,2.9045,4.1254582,23.0,4164.0,4.704125,2000.0,1400.0,2.0,3.32195897
1,3,off,174,186,0,3.9115417,0.67412496,0.28179199,0.009375,2.875792,4.2027082,23.0,4164.0,2.43075,2000.0,1400.0,2.0,3.23741674
1,3,off,175,187,0,3.466667,0.21925,0.273208,0.009749999,2.8890002,3.8299592,23.0,4164.0,2.440833,2000.0,1400.0,2.0,3.247417
1,3,off,176,188,0,4.848458,0.361708,0.374625,0.011,4.0257916,5.141583,23.0,4164.0,2.445459,2000.0,1400.0,2.0,4.48675
1,3,off,177,189,0,4.121792,0.743667,0.28258398,0.013,3.010416,4.4194164,23.0,4164.0,3.594458,2000.0,1400.0,2.0,3.3781250000000003
1,3,off,178,190,0,5.813125,0.250542,0.273208,0.008166,5.2038746,6.176042,23.0,4164.0,2.507292,2000.0,1400.0,2.0,5.562583
1,3,off,179,191,0,3.9440413,0.515875,0.37575,0.013417001,2.967166,4.236291,23.0,4164.0,4.770499999999999,2000.0,1400.0,2.0,3.4281663
1,3,off,180,192,0,5.743417,0.316833,0.268542,0.008709,5.076417,6.0423326,23.0,4164.0,2.472,2000.0,1400.0,2.0,5.426584
1,3,off,181,193,0,8.291708,0.805708,0.25004098,0.007833,7.1584167,8.5737915,23.0,4164.0,4.696625,2000.0,1400.0,2.0,7.486
1,3,off,182,194,0,3.425042,0.0325,0.423166,0.007916,2.885041,3.8283749,23.0,4164.0,5.959,2000.0,1400.0,2.0,3.3925419999999997
1,3,off,183,195,0,4.665917,0.0245,0.253833,0.006875,4.310667,4.962916,23.0,4164.0,2.438084,2000.0,1400.0,2.0,4.641417000000001
1,3,off,184,196,0,4.529208,0.036458,0.308667,0.007375,4.103125,4.897,23.0,4164.0,3.703375,2000.0,1400.0,2.0,4.49275
1,3,off,185,197,0,5.463792,0.023875,0.25037497,0.0064169997,5.105459,5.755709,23.0,4164.0,3.6735409999999997,2000.0,1400.0,2.0,5.4399169999999994
1,3,off,186,198,0,4.523667,0.031457998,0.299334,0.006625,4.1156673,4.84925,23.0,4164.0,4.6587499999999995,2000.0,1400.0,2.0,4.492209002
1,3,off,187,199,0,4.553333,0.034291998,0.31237498,0.0075,4.1215,4.860292,23.0,4164.0,3.652875,2000.0,1400.0,2.0,4.519041002000001
1,3,off,188,200,0,7.8319592,0.025792,0.271583,0.008708,7.451625,8.126958,23.0,4164.0,3.654792,2000.0,1400.0,2.0,7.8061672
1,3,off,189,201,0,4.460208,0.029583,0.30025,0.00675,4.043083,4.760084,23.0,4164.0,7.003209,2000.0,1400.0,2.0,4.430625
1,3,off,190,202,0,3.3243341,0.030625,0.344291,0.008,2.8652909,3.6147082,23.0,4164.0,3.560583,2000.0,1400.0,2.0,3.2937091
1,3,off,191,203,0,3.391542,0.028667001,0.25525,0.008417,3.026166,3.737792,23.0,4164.0,2.437542,2000.0,1400.0,2.0,3.3628749989999998
1,3,off,192,204,0,3.9192498,0.543166,0.435083,0.01,2.863333,4.2002497,23.0,4164.0,2.466542,2000.0,1400.0,2.0,3.3760838
1,3,off,193,205,0,3.568583,0.233875,0.307291,0.013541,2.9342911,3.9025,23.0,4164.0,2.4544580000000003,2000.0,1400.0,2.0,3.334708
1,3,off,194,206,0,5.93375,0.446875,0.257542,0.014209,5.140166,6.235875,23.0,4164.0,2.4300829999999998,2000.0,1400.0,2.0,5.4868749999999995
1,3,off,195,207,0,4.089083,0.579042,0.373541,0.011584001,3.0507498,4.370792,23.0,4164.0,4.693833,2000.0,1400.0,2.0,3.5100409999999997
1,3,off,196,208,0,3.580167,0.310375,0.266917,0.0098749995,2.902959,3.889291,23.0,4164.0,2.456917,2000.0,1400.0,2.0,3.269792
1,3,off,197,209,0,3.557959,0.246542,0.269083,0.009083,2.9565,3.914541,23.0,4164.0,2.437958,2000.0,1400.0,2.0,3.311417
1,3,off,198,210,0,3.564958,0.259167,0.296792,0.013832999,2.917209,3.916584,23.0,4164.0,2.447875,2000.0,1400.0,2.0,3.3057909999999997
1,3,off,199,211,0,4.732417,0.169541,0.370625,0.007458,4.094583,5.049584,23.0,4164.0,2.472625,2000.0,1400.0,2.0,4.562876
1,3,off,200,212,0,5.486875,0.605667,0.354208,0.010458,4.4442916,5.7704587,23.0,4164.0,3.5933750000000004,2000.0,1400.0,2.0,4.881208000000001
1,3,off,201,213,0,3.956458,0.53766704,0.354417,0.012417,2.980958,4.262542,23.0,4164.0,3.6445000000000003,2000.0,1400.0,2.0,3.41879096
1,3,off,202,214,0,3.35325,0.025917,0.294042,0.006875,2.842458,3.9141247,23.0,4164.0,2.509125,2000.0,1400.0,2.0,3.327333
1,3,off,203,215,0,4.902875,0.373583,0.30362502,0.010167,4.116708,5.22075,23.0,4164.0,2.422125,2000.0,1400.0,2.0,4.529292
1,3,off,204,216,0,3.819375,0.623291,0.33325002,0.011917,2.7728748,4.1132917,23.0,4164.0,3.6094999999999997,2000.0,1400.0,2.0,3.196084
1,3,off,205,217,0,4.660083,0.307542,0.261708,0.008667,4.007542,4.958584,23.0,4164.0,2.344667,2000.0,1400.0,2.0,4.352541
1,3,off,206,218,0,3.6310408,0.422333,0.26229098,0.008625,2.8665411,3.9431663,23.0,4164.0,3.480916,2000.0,1400.0,2.0,3.2087078
1,3,off,207,219,0,4.7818336,0.27025,0.266375,0.01075,4.156917,5.142584,23.0,4164.0,2.456625,2000.0,1400.0,2.0,4.5115836
1,3,off,208,220,0,3.6477082,0.381542,0.343333,0.012541,2.838792,3.940042,23.0,4164.0,3.641791,2000.0,1400.0,2.0,3.2661662
1,3,off,209,221,0,3.5769582,0.21366699,0.2755,0.014292,2.99575,3.976042,23.0,4164.0,2.409459,2000.0,1400.0,2.0,3.36329121
1,3,off,210,222,0,3.920834,0.66475,0.262459,0.013459,2.90975,4.20825,23.0,4164.0,2.4442909999999998,2000.0,1400.0,2.0,3.2560840000000004
1,3,off,211,223,0,4.925,0.287708,0.321292,0.013792,4.228209,5.223792,23.0,4164.0,2.472708,2000.0,1400.0,2.0,4.6372919999999995
1,3,off,212,224,0,4.0003753,0.73904103,0.261417,0.015167,2.912167,4.296125,23.0,4164.0,3.652541,2000.0,1400.0,2.0,3.26133427
1,3,off,213,225,0,6.0500417,0.218375,0.277958,0.009708,5.460583,6.406709,23.0,4164.0,2.459084,2000.0,1400.0,2.0,5.8316667
1,3,off,214,226,0,3.9185832,0.619542,0.256583,0.009375,2.95775,4.266,23.0,4164.0,4.958333,2000.0,1400.0,2.0,3.2990412
1,3,off,215,227,0,9.35925,0.308417,0.291666,0.011125,8.664625,9.698292,23.0,4164.0,2.516667,2000.0,1400.0,2.0,9.050832999999999
1,3,off,216,228,0,3.267209,0.032,0.271834,0.0088329995,2.871875,3.6045,23.0,4164.0,8.152750000000001,2000.0,1400.0,2.0,3.235209
1,3,off,217,229,0,4.09425,0.79545903,0.26645902,0.014958,2.946833,4.3662496,23.0,4164.0,2.439625,2000.0,1400.0,2.0,3.2987909699999998
1,3,off,218,230,0,3.536166,0.255125,0.274959,0.008417,2.911,3.864875,23.0,4164.0,2.450459,2000.0,1400.0,2.0,3.281041
1,3,off,219,231,0,4.009375,0.682875,0.258042,0.01575,2.979667,4.30875,23.0,4164.0,2.473959,2000.0,1400.0,2.0,3.3265000000000002
1,3,off,220,232,0,4.182334,0.27404198,0.278959,0.008167,3.517375,4.479292,23.0,4164.0,2.471167,2000.0,1400.0,2.0,3.90829202
1,3,off,221,233,0,4.806916,0.382375,0.308458,0.00925,4.0334578,5.11125,23.0,4164.0,2.6305,2000.0,1400.0,2.0,4.4245410000000005
1,3,off,222,234,0,3.838667,0.624292,0.27412498,0.015833,2.851875,4.1194158,23.0,4164.0,3.531208,2000.0,1400.0,2.0,3.214375
1,3,off,223,235,0,4.807042,0.332375,0.25483403,0.008917,4.1359997,5.107458,23.0,4164.0,2.397208,2000.0,1400.0,2.0,4.474667
1,3,off,224,236,0,3.677583,0.41491702,0.313,0.013875,2.8643332,3.974125,23.0,4164.0,3.64525,2000.0,1400.0,2.0,3.26266598
1,3,off,225,237,0,3.579792,0.230583,0.273667,0.008875,2.990583,3.948667,23.0,4164.0,2.44475,2000.0,1400.0,2.0,3.3492089999999997
1,3,off,226,238,0,3.516625,0.27275002,0.259625,0.009000001,2.8976252,3.86675,23.0,4164.0,2.463167,2000.0,1400.0,2.0,3.2438749799999997
1,3,off,227,239,0,5.3362503,0.417542,0.261667,0.009625,4.5734158,5.6555,23.0,4164.0,2.458583,2000.0,1400.0,2.0,4.9187083
1,3,off,228,240,0,3.83675,0.61533403,0.264792,0.010333001,2.871541,4.1929164,23.0,4164.0,3.640167,2000.0,1400.0,2.0,3.22141597
1,3,off,229,241,0,4.7485,0.265792,0.252583,0.012167,4.1440825,5.101,23.0,4164.0,2.4515420000000003,2000.0,1400.0,2.0,4.482708
1,3,off,230,242,0,3.779459,0.414,0.265084,0.012584,3.015625,4.122375,23.0,4164.0,3.626417,2000.0,1400.0,2.0,3.365459
1,3,off,231,243,0,4.686833,0.249,0.269209,0.008166,4.085333,5.0498333,23.0,4164.0,2.512917,2000.0,1400.0,2.0,4.437833
1,3,off,232,244,0,4.8522086,0.410916,0.347333,0.0105,4.009666,5.149125,23.0,4164.0,3.5934169999999996,2000.0,1400.0,2.0,4.4412926
1,3,off,233,245,0,5.057792,0.453333,0.339625,0.010417,4.182084,5.347584,23.0,4164.0,3.591833,2000.0,1400.0,2.0,4.604459
1,3,off,234,246,0,4.886333,0.496333,0.332708,0.027833002,3.957833,5.173666,23.0,4164.0,3.610791,2000.0,1400.0,2.0,4.39
1,3,off,235,247,0,4.8777924,0.40933302,0.284209,0.009417,4.076792,5.173125,23.0,4164.0,3.506958,2000.0,1400.0,2.0,4.46845938
1,3,off,236,248,0,3.541542,0.394584,0.31974998,0.009666,2.744708,3.835625,23.0,4164.0,3.579375,2000.0,1400.0,2.0,3.146958
1,3,off,237,249,0,5.3998747,0.822209,0.34883302,0.015167,4.1401253,5.691917,23.0,4164.0,2.350917,2000.0,1400.0,2.0,4.5776657
1,3,off,238,250,0,3.735584,0.4135,0.34925002,0.010625,2.889292,4.024833,23.0,4164.0,3.603458,2000.0,1400.0,2.0,3.322084
1,3,off,239,251,0,4.9632497,0.312417,0.357666,0.008875,4.178125,5.266208,23.0,4164.0,2.453958,2000.0,1400.0,2.0,4.6508327000000005
1,3,off,240,252,0,3.6891658,0.413416,0.283916,0.009958,2.87625,3.999792,23.0,4164.0,3.6494169999999997,2000.0,1400.0,2.0,3.2757498
1,3,off,241,253,0,4.68875,0.182959,0.33437502,0.011333,4.082125,5.1068344,23.0,4164.0,2.431292,2000.0,1400.0,2.0,4.505790999999999
1,3,off,242,254,0,4.961125,0.425375,0.411041,0.009167,4.039959,5.250542,23.0,4164.0,3.57975,2000.0,1400.0,2.0,4.53575
1,3,off,243,255,0,4.94,0.43166602,0.259542,0.009458999,4.1659174,5.2999578,23.0,4164.0,3.5989590000000002,2000.0,1400.0,2.0,4.508333980000001
1,3,off,244,256,0,3.688458,0.511042,0.256125,0.008584,2.844333,3.9907079,23.0,4164.0,3.663958,2000.0,1400.0,2.0,3.177416
1,3,off,245,257,0,4.6485,0.248083,0.29825,0.009000001,4.008708,4.992958,23.0,4164.0,2.449583,2000.0,1400.0,2.0,4.400417
1,3,off,246,258,0,3.8887918,0.649625,0.279958,0.008875,2.879292,4.1665,23.0,4164.0,3.5057500000000004,2000.0,1400.0,2.0,3.2391668
1,3,off,247,259,0,3.57775,0.29304197,0.264542,0.013541999,2.925834,3.90125,23.0,4164.0,2.459375,2000.0,1400.0,2.0,3.28470803
1,3,off,248,260,0,3.634792,0.311167,0.464459,0.014874999,2.7665,4.0284157,23.0,4164.0,2.433125,2000.0,1400.0,2.0,3.323625
1,3,off,249,261,0,4.639375,0.308416,0.23620799,0.014917,4.00025,4.996792,23.0,4164.0,2.373958,2000.0,1400.0,2.0,4.330959
1,3,off,250,262,0,3.7519171,0.385083,0.293583,0.010459,2.962416,4.04,23.0,4164.0,3.470125,2000.0,1400.0,2.0,3.3668341
1,3,off,251,263,0,3.532583,0.138833,0.337459,0.007792,2.958625,3.9227078,23.0,4164.0,2.457875,2000.0,1400.0,2.0,3.39375
1,3,off,252,264,0,3.7162921,0.226667,0.27025,0.008791001,3.132375,4.079917,23.0,4164.0,2.4454160000000003,2000.0,1400.0,2.0,3.4896251
1,3,off,253,265,0,4.6547914,0.262667,0.258083,0.014334001,4.038167,5.0100827,23.0,4164.0,2.6454579999999996,2000.0,1400.0,2.0,4.3921244
1,3,off,254,266,0,3.6605,0.43875,0.33862498,0.008458,2.806583,3.9982078,23.0,4164.0,3.529916,2000.0,1400.0,2.0,3.22175
1,3,off,255,267,0,6.1695843,0.488917,0.28800002,0.013041,5.295958,6.6045003,23.0,4164.0,2.388208,2000.0,1400.0,2.0,5.6806673000000005
1,3,off,256,268,0,3.781875,0.565083,0.276667,0.0095,2.861208,4.116792,23.0,4164.0,4.779917,2000.0,1400.0,2.0,3.216792
1,3,off,257,269,0,4.876,0.357958,0.339625,0.01125,4.089083,5.175417,23.0,4164.0,2.4368749999999997,2000.0,1400.0,2.0,4.518042
1,3,off,258,270,0,3.7023752,0.390916,0.315958,0.0137910005,2.907917,4.0128746,23.0,4164.0,3.553792,2000.0,1400.0,2.0,3.3114592000000003
1,3,off,259,271,0,3.808667,0.241458,0.259167,0.008459,3.222584,4.1707077,23.0,4164.0,2.4897500000000004,2000.0,1400.0,2.0,3.5672089999999996
1,3,off,260,272,0,3.50475,0.241833,0.332125,0.013917,2.834916,3.8865,23.0,4164.0,2.627167,2000.0,1400.0,2.0,3.262917
1,3,off,261,273,0,3.523875,0.255417,0.259167,0.008125,2.925875,3.879333,23.0,4164.0,2.3835,2000.0,1400.0,2.0,3.268458
1,3,off,262,274,0,3.511208,0.24925001,0.284167,0.015292,2.8813748,3.864125,23.0,4164.0,2.471416,2000.0,1400.0,2.0,3.26195799
1,3,off,263,275,0,4.5690413,0.2185,0.271209,0.008792,3.992,4.9474998,23.0,4164.0,2.424083,2000.0,1400.0,2.0,4.350541300000001
1,3,off,264,276,0,5.0446253,0.666167,0.259834,0.012792001,4.034875,5.3259583,23.0,4164.0,3.4741250000000004,2000.0,1400.0,2.0,4.3784583
1,3,off,265,277,0,5.003708,0.43283302,0.289458,0.015083,4.1886253,5.293708,23.0,4164.0,3.6063330000000002,2000.0,1400.0,2.0,4.570874979999999
1,3,off,266,278,0,8.0185,0.480042,0.284084,0.014,7.14175,8.321167,23.0,4164.0,3.659042,2000.0,1400.0,2.0,7.538457999999999
1,3,off,267,279,0,4.687083,0.031875,0.418833,0.007834,4.002292,5.041583,23.0,4164.0,6.036916,2000.0,1400.0,2.0,4.655208
1,3,off,268,280,0,4.4554996,0.027375,0.28791597,0.006667,4.059875,4.736041,23.0,4164.0,3.5062499999999996,2000.0,1400.0,2.0,4.428124599999999
1,3,off,269,281,0,4.6843753,0.042084,0.367417,0.010125,4.181166,4.985791,23.0,4164.0,3.602792,2000.0,1400.0,2.0,4.6422913
1,3,off,270,282,0,4.472,0.032542,0.282542,0.007209,4.0768747,4.824792,23.0,4164.0,3.619917,2000.0,1400.0,2.0,4.439458
1,3,off,271,283,0,5.5463753,0.024582999,0.24512501,0.006334,5.201708,5.847291,23.0,4164.0,3.604416,2000.0,1400.0,2.0,5.5217923010000005
1,3,off,272,284,0,6.786208,0.0325,0.281042,0.006166,6.3934584,7.11375,23.0,4164.0,4.736416,2000.0,1400.0,2.0,6.7537080000000005
1,3,off,273,285,0,5.594625,0.028708,0.261375,0.006458,5.229,5.940292,23.0,4164.0,5.966540999999999,2000.0,1400.0,2.0,5.565917
1,3,off,274,286,0,3.2806668,0.032874998,0.304625,0.007375,2.85725,3.8321252,23.0,4164.0,4.74,2000.0,1400.0,2.0,3.247791802
1,3,off,275,287,0,4.142458,0.842209,0.23558299,0.011666,2.96675,4.41725,23.0,4164.0,2.460875,2000.0,1400.0,2.0,3.3002490000000004
1,3,off,276,288,0,3.579583,0.287792,0.28791597,0.013792,2.913833,3.888458,23.0,4164.0,2.457542,2000.0,1400.0,2.0,3.291791
1,3,off,277,289,0,3.609708,0.24995798,0.259334,0.009417,3.0094159,3.962125,23.0,4164.0,2.470333,2000.0,1400.0,2.0,3.35975002
1,3,off,278,290,0,3.6144161,0.309,0.262417,0.0092090005,2.937083,3.8918328,23.0,4164.0,2.503666,2000.0,1400.0,2.0,3.3054161
1,3,off,279,291,0,3.483042,0.214584,0.268167,0.008541999,2.911417,3.8520832,23.0,4164.0,2.513125,2000.0,1400.0,2.0,3.2684580000000003
1,3,off,280,292,0,3.6194172,0.33837497,0.276541,0.014833,2.90625,3.9497921,23.0,4164.0,2.427125,2000.0,1400.0,2.0,3.28104223
1,3,off,281,293,0,4.757375,0.268125,0.267792,0.014291001,4.126375,5.1220417,23.0,4164.0,2.447125,2000.0,1400.0,2.0,4.489249999999999
1,3,off,282,294,0,3.8765829,0.689916,0.255083,0.014833,2.843375,4.153417,23.0,4164.0,3.6138749999999997,2000.0,1400.0,2.0,3.1866668999999996
1,3,off,283,295,0,4.697583,0.235125,0.279334,0.00875,4.100542,5.0506663,23.0,4164.0,2.4169579999999997,2000.0,1400.0,2.0,4.462458
1,3,off,284,296,0,3.70475,0.441541,0.26187497,0.009417,2.891958,4.0045,23.0,4164.0,3.598708,2000.0,1400.0,2.0,3.2632090000000002
1,3,off,285,297,0,4.6122913,0.23425,0.254583,0.007709,4.038416,4.997583,23.0,4164.0,2.468083,2000.0,1400.0,2.0,4.3780413
1,3,off,286,298,0,3.7375832,0.387917,0.304458,0.01325,2.9559588,4.037458,23.0,4164.0,3.5441249999999997,2000.0,1400.0,2.0,3.3496662
1,3,off,287,299,0,3.525917,0.228416,0.284083,0.014667,2.921458,3.922958,23.0,4164.0,2.444,2000.0,1400.0,2.0,3.297501
1,3,off,288,300,0,3.514458,0.22929199,0.281416,0.009667,2.916708,3.90025,23.0,4164.0,2.440125,2000.0,1400.0,2.0,3.2851660099999997
1,3,off,289,301,0,6.9266253,0.23720899,0.28149998,0.0090419995,6.3047504,7.286333,23.0,4164.0,2.46475,2000.0,1400.0,2.0,6.68941631
1,3,off,290,302,0,4.037542,0.826083,0.252667,0.015625,2.872042,4.31425,23.0,4164.0,5.85275,2000.0,1400.0,2.0,3.211459
1,3,off,291,303,0,5.2102504,0.729208,0.276041,0.013583,4.1208754,5.48775,23.0,4164.0,2.448291,2000.0,1400.0,2.0,4.4810424
1,3,off,292,304,0,3.762875,0.370042,0.362666,0.010957999,2.944375,4.054625,23.0,4164.0,3.5985,2000.0,1400.0,2.0,3.3928330000000004
1,3,off,293,305,0,4.02025,0.55575,0.37324998,0.015208,3.002084,4.310167,23.0,4164.0,2.5040829999999996,2000.0,1400.0,2.0,3.4645
1,3,off,294,306,0,3.556958,0.27520898,0.26520798,0.014625001,2.925791,3.9117498,23.0,4164.0,2.4671670000000003,2000.0,1400.0,2.0,3.28174902
1,3,off,295,307,0,3.542917,0.286917,0.28504202,0.009792,2.8777921,3.8705418,23.0,4164.0,2.4904580000000003,2000.0,1400.0,2.0,3.2560000000000002
1,3,off,296,308,0,3.612625,0.253333,0.358125,0.013375,2.913125,3.905916,23.0,4164.0,2.4362500000000002,2000.0,1400.0,2.0,3.359292
1,3,off,297,309,0,3.706375,0.339416,0.26920798,0.015249999,3.005,4.012417,23.0,4164.0,2.4541250000000003,2000.0,1400.0,2.0,3.366959
1,3,off,298,310,0,3.8829591,0.247833,0.289042,0.008708,3.257583,4.247667,23.0,4164.0,2.4477499999999996,2000.0,1400.0,2.0,3.6351261
1,3,off,299,311,0,3.6568751,0.323541,0.274541,0.012917,2.940917,3.9415002,23.0,4164.0,2.559666,2000.0,1400.0,2.0,3.3333341
1,3,off,300,312,0,3.9677908,0.594417,0.352833,0.0115,2.936583,4.264833,23.0,4164.0,2.433167,2000.0,1400.0,2.0,3.3733738
1,3,off,301,313,0,3.565625,0.25183398,0.26999998,0.008958,2.9584591,3.915375,23.0,4164.0,2.462791,2000.0,1400.0,2.0,3.31379102
1,3,off,302,314,0,3.643792,0.351084,0.34208402,0.008125,2.869291,3.93575,23.0,4164.0,2.456792,2000.0,1400.0,2.0,3.2927079999999997
1,3,off,303,315,0,4.842542,0.267083,0.26495802,0.008791001,4.216583,5.17125,23.0,4164.0,2.4540830000000002,2000.0,1400.0,2.0,4.5754589999999995
1,3,off,304,316,0,3.729333,0.38750002,0.33737502,0.009833001,2.919917,4.02625,23.0,4164.0,3.696917,2000.0,1400.0,2.0,3.34183298
1,3,off,305,317,0,6.110416,0.239417,0.27891698,0.0090419995,5.5041246,6.475334,23.0,4164.0,2.494417,2000.0,1400.0,2.0,5.870998999999999
1,3,off,306,318,0,3.860583,0.600625,0.27175,0.010167,2.904125,4.18575,23.0,4164.0,4.740458,2000.0,1400.0,2.0,3.259958
1,3,off,307,319,0,5.812583,0.219458,0.271,0.013834001,5.22825,6.191959,23.0,4164.0,2.481667,2000.0,1400.0,2.0,5.593125
1,3,off,308,320,0,3.893792,0.510041,0.36804098,0.011416,2.9283328,4.1856666,23.0,4164.0,4.699417,2000.0,1400.0,2.0,3.383751
1,3,off,309,321,0,3.9440413,0.671916,0.28495902,0.009833001,2.905709,4.235667,23.0,4164.0,2.4768749999999997,2000.0,1400.0,2.0,3.2721253
1,3,off,310,322,0,3.521625,0.294959,0.216209,0.008625,2.923875,3.874667,23.0,4164.0,2.42,2000.0,1400.0,2.0,3.226666
1,3,off,311,323,0,4.871375,0.39320898,0.270833,0.008375,4.08925,5.175417,23.0,4164.0,2.489875,2000.0,1400.0,2.0,4.47816602
1,3,off,312,324,0,3.7998328,0.501125,0.348625,0.020625,2.857708,4.091125,23.0,4164.0,3.6000419999999997,2000.0,1400.0,2.0,3.2987078
1,3,off,313,325,0,3.772042,0.261291,0.27125,0.0095420005,3.1377912,4.150125,23.0,4164.0,2.42675,2000.0,1400.0,2.0,3.510751
1,3,off,314,326,0,3.527375,0.257666,0.288959,0.008958,2.888833,3.893125,23.0,4164.0,2.547125,2000.0,1400.0,2.0,3.269709
1,3,off,315,327,0,4.757708,0.24595802,0.265334,0.0155,4.144875,5.1174593,23.0,4164.0,2.451833,2000.0,1400.0,2.0,4.51174998
1,3,off,316,328,0,3.801,0.459167,0.28375,0.015666999,2.968416,4.092416,23.0,4164.0,3.626041,2000.0,1400.0,2.0,3.3418330000000003
1,3,off,317,329,0,4.8181252,0.243333,0.28775,0.008375,4.196292,5.175917,23.0,4164.0,2.418667,2000.0,1400.0,2.0,4.5747922
1,3,off,318,330,0,4.052792,0.78150004,0.259375,0.0110410005,2.929084,4.3301673,23.0,4164.0,3.570792,2000.0,1400.0,2.0,3.27129196
1,3,off,319,331,0,3.663042,0.21045801,0.423875,0.0077080005,2.9445,3.940208,23.0,4164.0,2.49675,2000.0,1400.0,2.0,3.45258399
1,3,off,320,332,0,6.184583,0.601542,0.33508402,0.013333,5.158209,6.470417,23.0,4164.0,2.421458,2000.0,1400.0,2.0,5.583041
1,3,off,321,333,0,3.9275,0.541959,0.3475,0.012292,2.9535,4.209416,23.0,4164.0,4.719333,2000.0,1400.0,2.0,3.3855410000000004
1,3,off,322,334,0,3.446666,0.204334,0.286375,0.007833,2.869875,3.799625,23.0,4164.0,2.459958,2000.0,1400.0,2.0,3.242332
1,3,off,323,335,0,4.792708,0.310375,0.266,0.014666,4.126333,5.088667,23.0,4164.0,2.446542,2000.0,1400.0,2.0,4.482333000000001
1,3,off,324,336,0,3.685416,0.40525,0.34279197,0.013083001,2.850792,3.975792,23.0,4164.0,3.6067080000000002,2000.0,1400.0,2.0,3.280166
1,3,off,325,337,0,3.5153751,0.20612499,0.287167,0.009583999,2.933541,3.892917,23.0,4164.0,2.436625,2000.0,1400.0,2.0,3.30925011
1,3,off,326,338,0,3.477834,0.22304201,0.276666,0.014375,2.883708,3.9107502,23.0,4164.0,2.4497500000000003,2000.0,1400.0,2.0,3.25479199
1,3,off,327,339,0,5.1957917,0.71154195,0.257083,0.014584,4.136709,5.470625,23.0,4164.0,2.4445,2000.0,1400.0,2.0,4.48424975
1,3,off,328,340,0,3.7052088,0.391,0.330917,0.015375,2.895167,3.9973748,23.0,4164.0,3.617042,2000.0,1400.0,2.0,3.3142088
1,3,off,329,341,0,4.8017077,0.371917,0.289833,0.0095,4.0274997,5.094583,23.0,4164.0,2.464458,2000.0,1400.0,2.0,4.4297907
1,3,off,330,342,0,3.749542,0.3475,0.36104202,0.010333001,2.9545,4.045291,23.0,4164.0,3.591,2000.0,1400.0,2.0,3.402042
1,3,off,331,343,0,4.8310423,0.236083,0.26116702,0.013792,4.2382092,5.1914577,23.0,4164.0,2.5013330000000003,2000.0,1400.0,2.0,4.5949593
1,3,off,332,344,0,3.995292,0.745583,0.275125,0.014334001,2.8877501,4.270709,23.0,4164.0,3.6346249999999998,2000.0,1400.0,2.0,3.249709
1,3,off,333,345,0,4.7478333,0.24995798,0.27275002,0.015834,4.1306663,5.123708,23.0,4164.0,2.451208,2000.0,1400.0,2.0,4.49787532
1,3,off,334,346,0,3.829083,0.45079198,0.35125,0.01075,2.942375,4.1317077,23.0,4164.0,3.598375,2000.0,1400.0,2.0,3.37829102
1,3,off,335,347,0,3.659459,0.308459,0.28279102,0.013291,2.948083,3.9454591,23.0,4164.0,2.463083,2000.0,1400.0,2.0,3.351
1,3,off,336,348,0,3.9164581,0.580375,0.343333,0.009749999,2.911083,4.1985,23.0,4164.0,2.4537500000000003,2000.0,1400.0,2.0,3.3360830999999997
1,3,off,337,349,0,4.810125,0.24475001,0.27808398,0.0076670004,4.195375,5.140625,23.0,4164.0,2.453541,2000.0,1400.0,2.0,4.5653749900000005
1,3,off,338,350,0,4.008416,0.76625,0.27404198,0.014083,2.882458,4.280208,23.0,4164.0,3.764041,2000.0,1400.0,2.0,3.2421660000000005
1,3,off,339,351,0,4.697333,0.237625,0.279542,0.008125,4.093208,5.057834,23.0,4164.0,2.448708,2000.0,1400.0,2.0,4.459708
1,3,off,340,352,0,3.627667,0.421709,0.294208,0.015666999,2.824167,3.925583,23.0,4164.0,3.594042,2000.0,1400.0,2.0,3.2059580000000003
1,3,off,341,353,0,3.62825,0.285125,0.286041,0.009208,2.971709,3.923166,23.0,4164.0,2.416125,2000.0,1400.0,2.0,3.343125
1,3,off,342,354,0,3.468917,0.205459,0.286875,0.009917,2.887625,3.834208,23.0,4164.0,2.45225,2000.0,1400.0,2.0,3.263458
1,3,off,343,355,0,4.757542,0.251,0.291042,0.009333,4.127834,5.117875,23.0,4164.0,2.470125,2000.0,1400.0,2.0,4.506542
1,3,off,344,356,0,5.595375,0.41825002,0.309792,0.009958,4.7839584,5.888375,23.0,4164.0,3.592334,2000.0,1400.0,2.0,5.177124979999999
1,3,off,345,357,0,5.139792,0.621959,0.30875,0.012,4.123541,5.4195423,23.0,4164.0,3.7142500000000003,2000.0,1400.0,2.0,4.5178329999999995
1,3,off,346,358,0,3.659709,0.47304198,0.273084,0.027874999,2.813833,3.9463751,23.0,4164.0,3.614709,2000.0,1400.0,2.0,3.18666702
1,3,off,347,359,0,4.960041,0.351166,0.3165,0.0107080005,4.2077923,5.257583,23.0,4164.0,2.3718749999999997,2000.0,1400.0,2.0,4.608875
1,3,off,348,360,0,3.86375,0.473584,0.396875,0.009792,2.908541,4.1767907,23.0,4164.0,3.6850419999999997,2000.0,1400.0,2.0,3.390166
1,3,off,349,361,0,4.846833,0.3085,0.284416,0.01025,4.135583,5.1459174,23.0,4164.0,2.4572079999999996,2000.0,1400.0,2.0,4.538333
1,3,off,350,362,0,4.806125,0.452459,0.352833,0.01275,3.899833,5.1197906,23.0,4164.0,3.608667,2000.0,1400.0,2.0,4.353666
1,3,off,351,363,0,5.8825,0.65004206,0.2965,0.028334,4.800791,6.183166,23.0,4164.0,3.4637919999999998,2000.0,1400.0,2.0,5.232457940000001
1,3,off,352,364,0,12.179501,8.895499,0.293125,0.019333,2.869292,12.482375,23.0,4164.0,3.705667,2000.0,1400.0,2.0,3.284002000000001
1,3,off,353,365,0,3.967291,0.59837496,0.354625,0.009417,2.935458,4.258584,23.0,4164.0,2.427416,2000.0,1400.0,2.0,3.36891604
1,3,off,354,366,0,3.473709,0.23308301,0.278125,0.009208,2.877583,3.8274999,23.0,4164.0,2.4589999999999996,2000.0,1400.0,2.0,3.24062599
1,3,off,355,367,0,4.054667,0.735541,0.29595798,0.012875,2.94,4.335542,23.0,4164.0,2.440667,2000.0,1400.0,2.0,3.3191260000000002
1,3,off,356,368,0,3.626666,0.2275,0.33675,0.013541999,2.964458,3.939583,23.0,4164.0,2.4424170000000003,2000.0,1400.0,2.0,3.399166
1,3,off,357,369,0,4.946333,0.280792,0.317458,0.009833001,4.259083,5.3192496,23.0,4164.0,2.5102089999999997,2000.0,1400.0,2.0,4.665541
1,3,off,358,370,0,3.90475,0.427083,0.362917,0.013584,3.021625,4.191958,23.0,4164.0,3.676166,2000.0,1400.0,2.0,3.477667
1,3,off,359,371,0,3.638041,0.294042,0.283167,0.013875,2.939625,3.936125,23.0,4164.0,2.498209,2000.0,1400.0,2.0,3.3439989999999997
1,3,off,360,372,0,3.661166,0.26270902,0.30854198,0.013583,2.968125,3.956291,23.0,4164.0,2.425167,2000.0,1400.0,2.0,3.39845698
1,4,on,121,129,1,7.809083,0.021917,0.241375,0.006208,7.459125,8.099958,23.0,4164.0,6.037916,2000.0,1400.0,2.0,7.787166
1,4,on,122,130,0,5.441875,0.022667,0.24975,0.006333,5.0838747,5.741959,23.0,4164.0,7.007875,2000.0,1400.0,2.0,5.419207999999999
1,4,on,123,131,1,4.4468746,0.023,0.260167,0.007042,4.072083,4.731459,23.0,4164.0,4.598125,2000.0,1400.0,2.0,4.4238746
1,4,on,124,132,0,5.596208,0.023791999,0.24575001,0.007208,5.2372913,5.891209,23.0,4164.0,3.594416,2000.0,1400.0,2.0,5.572416001
1,4,on,125,133,1,4.652917,0.021625,0.253834,0.010791999,4.282125,4.951917,23.0,4164.0,4.742,2000.0,1400.0,2.0,4.631292
1,4,on,126,134,0,4.4004583,0.024792,0.2525,0.006166,4.031875,4.705167,23.0,4164.0,3.75325,2000.0,1400.0,2.0,4.375666300000001
1,4,on,127,135,1,5.584166,0.023875,0.256959,0.0062499996,5.211041,5.882375,23.0,4164.0,3.5521659999999997,2000.0,1400.0,2.0,5.560290999999999
1,4,on,128,136,0,6.62075,0.0255,0.28175,0.010916,6.203083,6.917333,23.0,4164.0,4.7457080000000005,2000.0,1400.0,2.0,6.59525
1,4,on,129,137,1,6.632417,0.022832999,0.25720802,0.0064169997,6.2653337,6.927541,23.0,4164.0,5.73075,2000.0,1400.0,2.0,6.609584001
1,4,on,130,138,0,5.602917,0.022583999,0.25445902,0.0059160003,5.241583,5.9034166,23.0,4164.0,5.763291000000001,2000.0,1400.0,2.0,5.580333001
1,4,on,131,139,1,5.853834,0.024582999,0.45987502,0.007375,5.2787924,6.15275,23.0,4164.0,4.7782919999999995,2000.0,1400.0,2.0,5.829251001
1,4,on,132,140,0,5.94975,0.030542,0.619334,0.0085,5.210542,6.2455,23.0,4164.0,4.748125,2000.0,1400.0,2.0,5.919208
1,4,on,133,141,1,4.677375,0.025791,0.469834,0.006333,4.0943327,4.9794593,23.0,4164.0,4.726166,2000.0,1400.0,2.0,4.651584
1,4,on,134,142,0,5.975917,0.063625,0.462667,0.017167,5.348042,6.2704997,23.0,4164.0,3.592375,2000.0,1400.0,2.0,5.912292
1,4,on,135,143,1,6.752334,0.027457999,0.257959,0.0072500003,6.376375,7.098875,23.0,4164.0,4.747542,2000.0,1400.0,2.0,6.724876001
1,4,on,136,144,0,5.5058327,0.0255,0.242083,0.006125,5.1505003,5.8095407,23.0,4164.0,5.902083,2000.0,1400.0,2.0,5.4803327
1,4,on,137,145,1,4.488417,0.026292,0.2645,0.0076249996,4.1053753,4.7904587,23.0,4164.0,4.639833,2000.0,1400.0,2.0,4.462125
1,4,on,138,146,0,4.260542,0.023208,0.268792,0.0065409997,3.881083,4.5525,23.0,4164.0,3.607125,2000.0,1400.0,2.0,4.237334
1,4,on,139,147,1,6.990708,0.029833,0.260708,0.007834,6.3197083,7.5514174,23.0,4164.0,3.4380420000000003,2000.0,1400.0,2.0,6.960875
1,4,on,140,148,0,4.383791,0.02275,0.253333,0.0060420004,4.022375,4.682917,23.0,4164.0,5.820417,2000.0,1400.0,2.0,4.361041
1,4,on,141,149,1,5.478083,0.027,0.26525,0.00675,5.0936246,5.7799587,23.0,4164.0,3.588083,2000.0,1400.0,2.0,5.451083
1,4,on,142,150,0,6.62025,0.025042,0.259458,0.0062909997,6.248125,6.91825,23.0,4164.0,4.653708,2000.0,1400.0,2.0,6.595208
1,4,on,143,151,1,7.155833,0.022416,0.25004202,0.006459,6.794958,7.4541254,23.0,4164.0,5.77675,2000.0,1400.0,2.0,7.133417000000001
1,4,on,144,152,0,6.635708,0.02225,0.257542,0.006292,6.271833,6.93375,23.0,4164.0,5.849459,2000.0,1400.0,2.0,6.6134580000000005
1,4,on,145,153,1,6.660209,0.024458,0.250208,0.006166,6.298708,6.949833,23.0,4164.0,5.877333999999999,2000.0,1400.0,2.0,6.635751
1,4,on,146,154,0,5.563375,0.024582999,0.26595798,0.0062499996,5.184917,5.962375,23.0,4164.0,5.8525,2000.0,1400.0,2.0,5.538792001
1,4,on,147,155,1,5.630041,0.024,0.264708,0.006542,5.251625,5.93425,23.0,4164.0,4.713958,2000.0,1400.0,2.0,5.606041
1,4,on,148,156,0,5.582667,0.024125,0.259667,0.006459,5.207583,5.880041,23.0,4164.0,4.789625,2000.0,1400.0,2.0,5.558542
1,4,on,149,157,1,5.62775,0.0245,0.263667,0.007083,5.247334,5.928958,23.0,4164.0,4.7434579999999995,2000.0,1400.0,2.0,5.60325
1,4,on,150,158,0,6.577084,0.024542,0.25375003,0.005625,6.212541,6.870042,23.0,4164.0,4.755459,2000.0,1400.0,2.0,6.552542
1,4,on,151,159,1,6.681167,0.025334,0.241709,0.007083,6.326292,6.980833,23.0,4164.0,5.7569170000000005,2000.0,1400.0,2.0,6.655833
1,4,on,152,160,0,5.587625,0.027333,0.271417,0.006125,5.202167,5.894875,23.0,4164.0,5.85425,2000.0,1400.0,2.0,5.5602920000000005
1,4,on,153,161,1,5.590375,0.024875,0.259833,0.0067910003,5.215208,5.899834,23.0,4164.0,4.728542,2000.0,1400.0,2.0,5.5655
1,4,on,154,162,0,6.664333,0.024542,0.265625,0.0062499996,6.283583,6.972542,23.0,4164.0,4.731292,2000.0,1400.0,2.0,6.639791
1,4,on,155,163,1,5.592167,0.023374999,0.342417,0.006875,5.140542,5.886834,23.0,4164.0,5.8069999999999995,2000.0,1400.0,2.0,5.568792001
1,4,on,156,164,0,5.396334,0.022875,0.247916,0.006125,5.041958,5.6892924,23.0,4164.0,4.667292,2000.0,1400.0,2.0,5.373459
1,4,on,157,165,1,5.615333,0.024334,0.289833,0.00675,5.209667,5.9180417,23.0,4164.0,4.579083000000001,2000.0,1400.0,2.0,5.590999
1,4,on,158,166,0,5.3667912,0.022625,0.251416,0.0062499996,5.007792,5.663417,23.0,4164.0,4.557042,2000.0,1400.0,2.0,5.3441662
1,4,on,159,167,1,5.598916,0.02625,0.2655,0.0064169997,5.2141666,5.912584,23.0,4164.0,4.585667,2000.0,1400.0,2.0,5.572666
1,4,on,160,168,0,5.614916,0.024042,0.26254198,0.006583,5.238708,5.91075,23.0,4164.0,4.723084,2000.0,1400.0,2.0,5.590874
1,4,on,161,169,1,6.71325,0.025542,0.266083,0.0060420004,6.33,7.007084,23.0,4164.0,4.745667,2000.0,1400.0,2.0,6.687708000000001
1,4,on,162,170,0,4.444125,0.023875,0.254666,0.0059160003,4.070917,4.742291,23.0,4164.0,5.850375,2000.0,1400.0,2.0,4.420249999999999
1,4,on,163,171,1,5.543583,0.021333,0.24933301,0.006458,5.182083,5.839667,23.0,4164.0,3.599125,2000.0,1400.0,2.0,5.52225
1,4,on,164,172,0,4.9897914,0.021792,0.256583,0.006334,4.62475,5.277333,23.0,4164.0,4.752375,2000.0,1400.0,2.0,4.9679994
1,4,on,165,173,1,5.5439577,0.032584,0.247542,0.009458999,5.162042,6.252417,23.0,4164.0,3.690875,2000.0,1400.0,2.0,5.5113737
1,4,on,166,174,0,4.404458,0.023334,0.26962498,0.006125,4.0257497,4.703959,23.0,4164.0,4.702333,2000.0,1400.0,2.0,4.381124
1,4,on,167,175,1,5.52775,0.024042,0.252083,0.00575,5.162292,5.826958,23.0,4164.0,3.58125,2000.0,1400.0,2.0,5.5037080000000005
1,4,on,168,176,0,5.397917,0.023667,0.24399999,0.00875,5.038291,5.68825,23.0,4164.0,4.711834,2000.0,1400.0,2.0,5.37425
1,4,on,169,177,1,5.609458,0.023750002,0.25675002,0.0065,5.238541,5.908875,23.0,4164.0,4.579375,2000.0,1400.0,2.0,5.585707998
1,4,on,170,178,0,5.573625,0.0275,0.292166,0.0075,5.147833,5.8779583,23.0,4164.0,4.743708,2000.0,1400.0,2.0,5.546125
1,4,on,171,179,1,5.9706254,0.022832999,0.26183298,0.0065,5.595333,6.271,23.0,4164.0,4.691917,2000.0,1400.0,2.0,5.947792401
1,4,on,172,180,0,6.6801248,0.024458,0.258,0.0061669997,6.314833,6.957708,23.0,4164.0,4.734625,2000.0,1400.0,2.0,6.6556668
1,4,on,173,181,1,6.670917,0.024125,0.24350001,0.0065,6.31725,6.963709,23.0,4164.0,5.892042,2000.0,1400.0,2.0,6.6467920000000005
1,4,on,174,182,0,5.5543747,0.024916,0.27650002,0.0058750003,5.167042,5.844666,23.0,4164.0,5.833875,2000.0,1400.0,2.0,5.5294587
1,4,on,175,183,1,6.7799582,0.025666999,0.261416,0.006458,6.403208,7.074208,23.0,4164.0,4.667959,2000.0,1400.0,2.0,6.754291201
1,4,on,176,184,0,7.887291,0.022832999,0.253542,0.006666,7.526334,8.184125,23.0,4164.0,5.8605410000000004,2000.0,1400.0,2.0,7.864458001
1,4,on,177,185,1,7.796666,0.026584001,0.24625002,0.006916,7.4414577,8.093333,23.0,4164.0,7.048958,2000.0,1400.0,2.0,7.770081999
1,4,on,178,186,0,5.623042,0.023917,0.333042,0.008625,5.183958,5.903916,23.0,4164.0,6.994083,2000.0,1400.0,2.0,5.599125
1,4,on,179,187,1,5.600834,0.025125,0.267167,0.0071670003,5.214625,5.948708,23.0,4164.0,4.703542,2000.0,1400.0,2.0,5.575709
1,4,on,180,188,0,6.7671247,0.025209,0.27245802,0.006209,6.381875,7.059333,23.0,4164.0,4.73875,2000.0,1400.0,2.0,6.7419157
1,4,on,181,189,1,7.8288755,0.022916,0.24695799,0.005958,7.4725413,8.124208,23.0,4164.0,5.903833,2000.0,1400.0,2.0,7.805959499999999
1,4,on,182,190,0,4.470167,0.022042,0.246167,0.0061669997,4.119083,4.7625003,23.0,4164.0,6.986542,2000.0,1400.0,2.0,4.448125
1,4,on,183,191,1,5.484458,0.024875,0.24429101,0.006667,5.1226673,5.7644997,23.0,4164.0,3.646417,2000.0,1400.0,2.0,5.459583
1,4,on,184,192,0,4.3521247,0.022417,0.28425002,0.006959,3.956417,4.6515408,23.0,4164.0,4.667707999999999,2000.0,1400.0,2.0,4.3297077
1,4,on,185,193,1,5.5644593,0.024958001,0.258458,0.0065409997,5.1871667,6.045458,23.0,4164.0,3.492375,2000.0,1400.0,2.0,5.539501299
1,4,on,186,194,0,5.6725,0.029540999,0.307292,0.008041,5.248833,5.9639587,23.0,4164.0,4.713208,2000.0,1400.0,2.0,5.642959001
1,4,on,187,195,1,5.512209,0.024167001,0.253167,0.0062499996,5.141667,5.8055,23.0,4164.0,4.7620830000000005,2000.0,1400.0,2.0,5.488041999
1,4,on,188,196,0,3.35125,0.019667001,0.259375,0.0060839998,2.988667,3.6427922,23.0,4164.0,4.644667,2000.0,1400.0,2.0,3.3315829989999997
1,4,on,189,197,1,6.538375,3.367458,0.2405,0.018458,2.830417,6.812334,23.0,4164.0,2.41275,2000.0,1400.0,2.0,3.170917
1,4,on,190,198,0,6.53575,3.2996662,0.24741699,0.014375,2.893416,6.857834,23.0,4164.0,2.3255,2000.0,1400.0,2.0,3.2360838000000003
1,4,on,191,199,1,7.678958,3.197541,0.263917,0.019708999,4.11175,7.980542,23.0,4164.0,2.394125,2000.0,1400.0,2.0,4.4814169999999995
1,4,on,192,200,0,9.3915825,3.332208,0.23799999,0.014,5.7195,9.728791,23.0,4164.0,3.6064170000000004,2000.0,1400.0,2.0,6.0593745000000006
1,4,on,193,201,1,5.4920826,0.022625,0.261416,0.0065,5.118875,5.78825,23.0,4164.0,4.720667,2000.0,1400.0,2.0,5.4694576
1,4,on,194,202,0,6.654292,0.021625,0.254917,0.006208,6.2910004,6.946291,23.0,4164.0,4.635166,2000.0,1400.0,2.0,6.632667
1,4,on,195,203,1,6.608708,0.024125,0.25033298,0.00675,6.245166,6.930291,23.0,4164.0,5.844958,2000.0,1400.0,2.0,6.584583
1,4,on,196,204,0,3.344417,0.022667,0.250583,0.006083,2.985708,3.6455421,23.0,4164.0,5.761625,2000.0,1400.0,2.0,3.3217499999999998
1,4,on,197,205,1,6.74725,3.3585,0.263541,0.01875,3.020458,7.052417,23.0,4164.0,2.416875,2000.0,1400.0,2.0,3.3887500000000004
1,4,on,198,206,0,6.5089164,3.116791,0.324958,0.016625,2.963041,6.8615837,23.0,4164.0,2.526542,2000.0,1400.0,2.0,3.3921254000000003
1,4,on,199,207,1,10.961708,3.319958,0.26920798,0.079708,7.203708,11.251542,23.0,4164.0,2.473333,2000.0,1400.0,2.0,7.64175
1,4,on,200,208,0,6.694541,0.024208,0.255417,0.005834,6.331958,6.990084,23.0,4164.0,5.867083,2000.0,1400.0,2.0,6.670333
1,4,on,201,209,1,6.7425833,0.021875,0.262958,0.006208,6.3699174,7.034583,23.0,4164.0,5.868875,2000.0,1400.0,2.0,6.7207083
1,4,on,202,210,0,6.721375,0.022708,0.254208,0.006333,6.362542,7.017875,23.0,4164.0,5.895375,2000.0,1400.0,2.0,6.698667
1,4,on,203,211,1,5.751334,0.021917,0.244166,0.006375,5.400041,6.059625,23.0,4164.0,5.894583999999999,2000.0,1400.0,2.0,5.729417
1,4,on,204,212,0,5.6781254,0.026291,0.295917,0.006666,5.265333,5.9745836,23.0,4164.0,4.782375,2000.0,1400.0,2.0,5.6518344
1,4,on,205,213,1,6.688291,0.023292,0.24987501,0.006375,6.326084,6.975333,23.0,4164.0,4.7837499999999995,2000.0,1400.0,2.0,6.664999000000001
1,4,on,206,214,0,6.887958,0.028375,0.34187502,0.0085,6.429916,7.177,23.0,4164.0,5.876417,2000.0,1400.0,2.0,6.859583000000001
1,4,on,207,215,1,6.768542,0.024792,0.25495902,0.007417,6.40325,7.0574174,23.0,4164.0,5.926,2000.0,1400.0,2.0,6.74375
1,4,on,208,216,0,5.684958,0.021875,0.27675,0.030708,5.276833,5.984167,23.0,4164.0,5.849917,2000.0,1400.0,2.0,5.663083
1,4,on,209,217,1,6.763541,0.025375001,0.29637498,0.006625,6.3477907,7.0724998,23.0,4164.0,4.796792,2000.0,1400.0,2.0,6.7381659990000005
1,4,on,210,218,0,7.256208,0.021667,0.255416,0.0060409997,6.8985,7.547541,23.0,4164.0,5.8612910000000005,2000.0,1400.0,2.0,7.234541
1,4,on,211,219,1,5.663375,0.044584002,0.313792,0.015416001,5.210458,5.9447923,23.0,4164.0,5.8894589999999996,2000.0,1400.0,2.0,5.618790998000001
1,4,on,212,220,0,7.729167,0.023167,0.251375,0.006292,7.368084,8.028041,23.0,4164.0,4.727041000000001,2000.0,1400.0,2.0,7.706
1,4,on,213,221,1,5.532916,0.020791,0.235083,0.006292,5.194209,5.820666,23.0,4164.0,6.89475,2000.0,1400.0,2.0,5.512125
1,4,on,214,222,0,5.68275,0.027625,0.279125,0.006916,5.255959,5.9754167,23.0,4164.0,4.7165,2000.0,1400.0,2.0,5.655125000000001
1,4,on,215,223,1,5.4674582,0.023208,0.256458,0.007208,5.095167,5.7686667,23.0,4164.0,4.744166,2000.0,1400.0,2.0,5.4442502
1,4,on,216,224,0,5.6194997,0.025083,0.27075,0.00675,5.2331247,5.9695,23.0,4164.0,4.62875,2000.0,1400.0,2.0,5.5944167
1,4,on,217,225,1,5.785459,0.048416,0.432458,0.013583,5.211542,6.078625,23.0,4164.0,4.756375,2000.0,1400.0,2.0,5.737043000000001
1,4,on,218,226,0,5.4777913,0.023125,0.251416,0.006292,5.119083,5.757292,23.0,4164.0,4.727625,2000.0,1400.0,2.0,5.4546662999999995
1,4,on,219,227,1,5.482791,0.021334,0.248167,0.0060420004,5.121333,5.776,23.0,4164.0,4.671875,2000.0,1400.0,2.0,5.461456999999999
1,4,on,220,228,0,4.533333,0.026083,0.278583,0.006458,4.138875,4.8294163,23.0,4164.0,4.708792,2000.0,1400.0,2.0,4.50725
1,4,on,221,229,1,4.3224173,0.021375,0.238208,0.00675,3.976333,4.608667,23.0,4164.0,3.636709,2000.0,1400.0,2.0,4.3010423
1,4,on,222,230,0,6.723708,0.024458999,0.271583,0.006083,6.340083,7.012833,23.0,4164.0,3.5304580000000003,2000.0,1400.0,2.0,6.699249001
1,4,on,223,231,1,6.693583,0.019958,0.24612501,0.006459,6.3397913,6.983084,23.0,4164.0,5.851833,2000.0,1400.0,2.0,6.673625
1,4,on,224,232,0,5.9591246,0.029958,0.515292,0.009292,5.1957498,6.262125,23.0,4164.0,5.884292,2000.0,1400.0,2.0,5.9291666
1,4,on,225,233,1,4.877708,0.026209,0.723042,0.006958,4.037583,5.166708,23.0,4164.0,4.716208,2000.0,1400.0,2.0,4.8514990000000004
1,4,on,226,234,0,6.696208,0.021833,0.263708,0.006708,6.323333,6.9987907,23.0,4164.0,3.562042,2000.0,1400.0,2.0,6.674375
1,4,on,227,235,1,5.689416,0.025542,0.24620798,0.007125,5.2975,5.973916,23.0,4164.0,5.870541,2000.0,1400.0,2.0,5.663874
1,4,on,228,236,0,6.744834,0.024125,0.279209,0.0064169997,6.3554997,7.039083,23.0,4164.0,4.789917,2000.0,1400.0,2.0,6.720709
1,4,on,229,237,1,8.029041,0.020957999,0.244333,0.0062499996,7.6765,8.327583,23.0,4164.0,5.876708,2000.0,1400.0,2.0,8.008083001
1,4,on,230,238,0,3.156292,0.03125,0.252833,0.0065,2.784791,3.462292,23.0,4164.0,7.198,2000.0,1400.0,2.0,3.125042
1,4,on,231,239,1,5.950375,0.03,0.51383305,0.008875,5.235875,6.631167,23.0,4164.0,2.342459,2000.0,1400.0,2.0,5.920375
1,4,on,232,240,0,5.630958,0.026125,0.269875,0.0061669997,5.2478333,5.928083,23.0,4164.0,4.7435410000000005,2000.0,1400.0,2.0,5.604832999999999
1,4,on,233,241,1,5.596292,0.022417,0.26079202,0.006583,5.2215,5.89925,23.0,4164.0,4.7377080000000005,2000.0,1400.0,2.0,5.573875
1,4,on,234,242,0,5.5265408,0.024542,0.284583,0.0072500003,5.13075,5.822083,23.0,4164.0,4.736042,2000.0,1400.0,2.0,5.5019988
1,4,on,235,243,1,6.7122498,0.023500001,0.2495,0.006875,6.3524156,7.0054593,23.0,4164.0,4.651667,2000.0,1400.0,2.0,6.688749799
1,4,on,236,244,0,5.43825,0.020458,0.240334,0.0058750003,5.096292,5.718833,23.0,4164.0,5.8648750000000005,2000.0,1400.0,2.0,5.417792
1,4,on,237,245,1,5.438375,0.023125,0.25812498,0.006333,5.0629582,5.728959,23.0,4164.0,4.6402079999999994,2000.0,1400.0,2.0,5.4152499999999995
1,4,on,238,246,0,6.654875,0.025666,0.260209,0.006708,6.281291,6.966833,23.0,4164.0,4.5985000000000005,2000.0,1400.0,2.0,6.6292089999999995
1,4,on,239,247,1,6.809917,0.024167001,0.26937503,0.006792,6.426,7.119542,23.0,4164.0,5.812959,2000.0,1400.0,2.0,6.785749999
1,4,on,240,248,0,6.6756673,0.0225,0.248084,0.006166,6.321583,6.976459,23.0,4164.0,5.851334,2000.0,1400.0,2.0,6.6531673
1,4,on,241,249,1,6.719958,0.020458,0.23808299,0.0065,6.376584,7.0140424,23.0,4164.0,5.863042,2000.0,1400.0,2.0,6.6995000000000005
1,4,on,242,250,0,5.6445,0.025209,0.25575,0.005958,5.280292,5.922584,23.0,4164.0,5.868542,2000.0,1400.0,2.0,5.619291
1,4,on,243,251,1,5.5722084,0.025458,0.26175,0.006583,5.195458,5.857583,23.0,4164.0,4.788042,2000.0,1400.0,2.0,5.5467504
1,4,on,244,252,0,5.4397497,0.023500001,0.262791,0.007,5.062875,5.7432923,23.0,4164.0,4.710375,2000.0,1400.0,2.0,5.416249699
1,4,on,245,253,1,5.4645,0.024292,0.252541,0.006625,5.0974584,5.766917,23.0,4164.0,4.5781670000000005,2000.0,1400.0,2.0,5.440208
1,4,on,246,254,0,5.5855002,0.021375,0.256125,0.006542,5.220417,5.870625,23.0,4164.0,4.626875,2000.0,1400.0,2.0,5.5641252
1,4,on,247,255,1,5.4905,0.022583,0.242875,0.006458,5.136833,5.785542,23.0,4164.0,4.761959,2000.0,1400.0,2.0,5.467917
1,4,on,248,256,0,5.461042,0.023542,0.2595,0.006375,5.092541,5.7570424,23.0,4164.0,4.690708,2000.0,1400.0,2.0,5.4375
1,4,on,249,257,1,5.728292,0.022,0.253375,0.0064169997,5.3666673,6.022542,23.0,4164.0,4.606375,2000.0,1400.0,2.0,5.7062919999999995
1,4,on,250,258,0,5.48825,0.020875001,0.24520801,0.0060839998,5.137917,5.783292,23.0,4164.0,4.755,2000.0,1400.0,2.0,5.467374999
1,4,on,251,259,1,5.567833,0.023875,0.25712502,0.007333,5.190208,5.870542,23.0,4164.0,4.737333,2000.0,1400.0,2.0,5.543958
1,4,on,252,260,0,6.628959,0.024875,0.257,0.005958,6.2602077,6.9327087,23.0,4164.0,4.716166,2000.0,1400.0,2.0,6.604084
1,4,on,253,261,1,4.565166,0.029625,0.33437502,0.008332999,4.112208,4.8614583,23.0,4164.0,5.784125,2000.0,1400.0,2.0,4.535540999999999
1,4,on,254,262,0,6.7062087,0.024417,0.265458,0.006375,6.331458,6.999208,23.0,4164.0,3.62425,2000.0,1400.0,2.0,6.681791700000001
1,4,on,255,263,1,5.5767922,0.0335,0.277667,0.007959,5.1742916,5.888,23.0,4164.0,5.850957999999999,2000.0,1400.0,2.0,5.5432922
1,4,on,256,264,0,6.156458,0.053708002,0.623,0.018792,5.341209,6.446292,23.0,4164.0,4.7185,2000.0,1400.0,2.0,6.102749998
1,4,on,257,265,1,6.607584,0.02275,0.250875,0.006125,6.2434998,6.9000826,23.0,4164.0,4.688083,2000.0,1400.0,2.0,6.584834
1,4,on,258,266,0,6.530208,0.022,0.254875,0.0065,6.17025,6.81425,23.0,4164.0,5.773834,2000.0,1400.0,2.0,6.508208
1,4,on,259,267,1,5.6272497,0.024417,0.250084,0.007333,5.260584,5.9188747,23.0,4164.0,5.701666,2000.0,1400.0,2.0,5.6028327
1,4,on,260,268,0,5.620708,0.028167,0.292791,0.0065,5.214958,5.903083,23.0,4164.0,4.810417,2000.0,1400.0,2.0,5.592541
1,4,on,261,269,1,5.536125,0.020290999,0.245083,0.006416,5.184042,5.826625,23.0,4164.0,4.745584,2000.0,1400.0,2.0,5.515834001
1,4,on,262,270,0,6.727167,0.024458,0.266666,0.006542,6.348291,7.024792,23.0,4164.0,4.724542,2000.0,1400.0,2.0,6.702709
1,4,on,263,271,1,5.65475,0.025208,0.388708,0.006958,5.147709,6.036,23.0,4164.0,5.872416,2000.0,1400.0,2.0,5.629542
1,4,on,264,272,0,5.6314173,0.026874999,0.255125,0.0072910003,5.2607503,5.9865417,23.0,4164.0,4.709582999999999,2000.0,1400.0,2.0,5.6045423009999995
1,4,on,265,273,1,6.765917,0.024333,0.253125,0.0062499996,6.398209,7.0742497,23.0,4164.0,4.791458,2000.0,1400.0,2.0,6.741584
1,4,on,266,274,0,4.7041674,0.022917,0.24875,0.005833,4.343209,5.005125,23.0,4164.0,5.853667,2000.0,1400.0,2.0,4.681250400000001
1,4,on,267,275,1,5.544541,0.023583999,0.247541,0.006375,5.182458,5.841333,23.0,4164.0,3.594459,2000.0,1400.0,2.0,5.520957000999999
1,4,on,268,276,0,6.68925,0.023875,0.246833,0.006166,6.328625,7.0074577,23.0,4164.0,4.711583,2000.0,1400.0,2.0,6.665375
1,4,on,269,277,1,5.405583,0.020375,0.236,0.006625,5.0597496,5.698125,23.0,4164.0,5.869125,2000.0,1400.0,2.0,5.385208
1,4,on,270,278,0,5.595458,0.025834,0.267458,0.006584,5.210667,6.060875,23.0,4164.0,4.626042,2000.0,1400.0,2.0,5.569624
1,4,on,271,279,1,4.370084,0.027167,0.23891601,0.006209,4.0149174,4.7078753,23.0,4164.0,4.718166999999999,2000.0,1400.0,2.0,4.342917
1,4,on,272,280,0,5.5041246,0.024625,0.244334,0.006208,5.15,5.803583,23.0,4164.0,3.573375,2000.0,1400.0,2.0,5.4794996
1,4,on,273,281,1,4.404334,0.020959,0.245458,0.006583,4.0488334,4.7038326,23.0,4164.0,4.7288749999999995,2000.0,1400.0,2.0,4.383375
1,4,on,274,282,0,5.432583,0.021125,0.249375,0.006125,5.075708,5.736834,23.0,4164.0,3.610333,2000.0,1400.0,2.0,5.4114580000000005
1,4,on,275,283,1,4.4595,0.022334,0.244917,0.006958,4.102208,4.765584,23.0,4164.0,4.632166,2000.0,1400.0,2.0,4.437166
1,4,on,276,284,0,5.447959,0.024249999,0.268125,0.006416,5.067375,5.753,23.0,4164.0,3.621458,2000.0,1400.0,2.0,5.423709001
1,4,on,277,285,1,5.550125,0.023750002,0.266,0.006542,5.173,5.8355837,23.0,4164.0,4.592,2000.0,1400.0,2.0,5.5263749980000005
1,4,on,278,286,0,6.6735,0.025875,0.26666698,0.006667,6.2940826,6.9666247,23.0,4164.0,4.719125,2000.0,1400.0,2.0,6.647625
1,4,on,279,287,1,5.628458,0.027,0.275,0.007042,5.2320423,5.9316254,23.0,4164.0,5.84525,2000.0,1400.0,2.0,5.601458
1,4,on,280,288,0,5.583125,0.023417,0.26220798,0.006584,5.2095838,5.888125,23.0,4164.0,4.727167,2000.0,1400.0,2.0,5.559708
1,4,on,281,289,1,5.737208,0.02575,0.255375,0.006459,5.3701663,6.02675,23.0,4164.0,4.7355410000000004,2000.0,1400.0,2.0,5.7114579999999995
1,4,on,282,290,0,6.781042,0.023916,0.266625,0.006,6.402708,7.092834,23.0,4164.0,4.815542,2000.0,1400.0,2.0,6.757126
1,4,on,283,291,1,5.574542,0.026583001,0.247375,0.0072910003,5.180667,5.87175,23.0,4164.0,5.8793750000000005,2000.0,1400.0,2.0,5.5479589990000004
1,4,on,284,292,0,5.462792,0.023625,0.25379097,0.0062909997,5.097709,5.7595,23.0,4164.0,4.744584,2000.0,1400.0,2.0,5.439167
1,4,on,285,293,1,5.615083,0.026167,0.278625,0.006333,5.214709,5.914708,23.0,4164.0,4.608666,2000.0,1400.0,2.0,5.588916
1,4,on,286,294,0,5.5924587,0.020209,0.25545898,0.005833,5.229083,5.890416,23.0,4164.0,4.744833000000001,2000.0,1400.0,2.0,5.5722496999999995
1,4,on,287,295,1,3.4899578,0.020417,0.240458,0.006458,3.140542,3.785375,23.0,4164.0,4.772458,2000.0,1400.0,2.0,3.4695408
1,4,on,288,296,0,8.972125,3.389,0.224,0.021209,5.258292,9.252792,23.0,4164.0,2.740875,2000.0,1400.0,2.0,5.583125000000001
1,4,on,289,297,1,5.563875,0.025333,0.249125,0.006833,5.198,5.859958,23.0,4164.0,4.7110829999999995,2000.0,1400.0,2.0,5.5385420000000005
1,4,on,290,298,0,4.568208,0.027792001,0.332458,0.007875,4.117541,4.865584,23.0,4164.0,4.725041999999999,2000.0,1400.0,2.0,4.540415999
1,4,on,291,299,1,4.338916,0.027167,0.25525,0.007042,3.9642081,4.6745834,23.0,4164.0,3.6245000000000003,2000.0,1400.0,2.0,4.311749
1,4,on,292,300,0,4.308,0.024291,0.24650002,0.006,3.955667,4.5835,23.0,4164.0,3.475958,2000.0,1400.0,2.0,4.283709
1,4,on,293,301,1,6.709209,0.022875,0.26933298,0.0064169997,6.327792,7.014916,23.0,4164.0,3.536625,2000.0,1400.0,2.0,6.686334
1,4,on,294,302,0,4.345583,0.022583999,0.251416,0.006583,3.9863331,4.6436253,23.0,4164.0,5.853792,2000.0,1400.0,2.0,4.322999001
1,4,on,295,303,1,5.741125,0.027542,0.41808298,0.007834,5.13425,6.042875,23.0,4164.0,3.582417,2000.0,1400.0,2.0,5.713583
1,4,on,296,304,0,5.547792,0.025125,0.28275,0.0071670003,5.119,5.845875,23.0,4164.0,4.693791999999999,2000.0,1400.0,2.0,5.522667
1,4,on,297,305,1,5.5168753,0.023708,0.259917,0.0061669997,5.1412497,5.829166,23.0,4164.0,4.6870840000000005,2000.0,1400.0,2.0,5.4931673
1,4,on,298,306,0,6.7348332,0.022958,0.259042,0.0067910003,6.3675,7.03475,23.0,4164.0,4.546292,2000.0,1400.0,2.0,6.7118752
1,4,on,299,307,1,5.666875,0.027874999,0.294,0.007834,5.220625,5.965,23.0,4164.0,5.885208,2000.0,1400.0,2.0,5.639000001
1,4,on,300,308,0,5.532125,0.023625,0.27295798,0.0062499996,5.1485004,5.828708,23.0,4164.0,4.736834,2000.0,1400.0,2.0,5.5085
1,4,on,301,309,1,4.447708,0.024083,0.273666,0.006416,4.061542,4.744417,23.0,4164.0,4.688292000000001,2000.0,1400.0,2.0,4.423625
1,4,on,302,310,0,5.933875,0.082,0.573667,0.015,5.094292,6.5263753,23.0,4164.0,3.5863750000000003,2000.0,1400.0,2.0,5.851875
1,4,on,303,311,1,5.675,0.022333,0.278875,0.0060420004,5.2886252,5.962417,23.0,4164.0,4.600291,2000.0,1400.0,2.0,5.652667
1,4,on,304,312,0,5.558167,0.024,0.25775,0.005834,5.190209,5.849416,23.0,4164.0,4.812583,2000.0,1400.0,2.0,5.534167
1,4,on,305,313,1,5.642666,0.022333,0.269167,0.0059160003,5.264166,5.9399157,23.0,4164.0,4.711625,2000.0,1400.0,2.0,5.6203330000000005
1,4,on,306,314,0,5.682,0.021625,0.252541,0.005917,5.3167076,5.971708,23.0,4164.0,4.750917,2000.0,1400.0,2.0,5.660375
1,4,on,307,315,1,6.7400002,0.027042,0.34775,0.0076659997,6.275417,7.03,23.0,4164.0,4.787834,2000.0,1400.0,2.0,6.7129582
1,4,on,308,316,0,4.422917,0.022458,0.256667,0.006209,4.0605407,4.731875,23.0,4164.0,5.801583,2000.0,1400.0,2.0,4.400459
1,4,on,309,317,1,5.62925,0.027167,0.258166,0.006875,5.248375,6.277333,23.0,4164.0,3.578125,2000.0,1400.0,2.0,5.6020829999999995
1,4,on,310,318,0,4.478,0.023958001,0.287417,0.006333,4.0759587,4.7702093,23.0,4164.0,4.747249999999999,2000.0,1400.0,2.0,4.454041999
1,4,on,311,319,1,6.836875,0.025875,0.27337497,0.007417,6.4465423,7.1245,23.0,4164.0,3.6041250000000002,2000.0,1400.0,2.0,6.811
1,4,on,312,320,0,5.5730834,0.022374999,0.263416,0.006125,5.205291,5.858875,23.0,4164.0,5.909208,2000.0,1400.0,2.0,5.550708401
1,4,on,313,321,1,5.585125,0.022125,0.241542,0.006083,5.2320833,5.876583,23.0,4164.0,4.739292,2000.0,1400.0,2.0,5.563
1,4,on,314,322,0,5.605333,0.026292,0.284708,0.0065,5.208292,5.9016247,23.0,4164.0,4.742583,2000.0,1400.0,2.0,5.579041
1,4,on,315,323,1,5.4252076,0.019833,0.25483403,0.0057920003,5.065125,5.7237077,23.0,4164.0,4.729583,2000.0,1400.0,2.0,5.4053746
1,4,on,316,324,0,6.717375,0.025375001,0.267125,0.006333,6.3389173,7.18575,23.0,4164.0,4.6548750000000005,2000.0,1400.0,2.0,6.691999999
1,4,on,317,325,1,5.693375,0.048166998,0.24695799,0.015333001,5.301125,5.994292,23.0,4164.0,5.809417,2000.0,1400.0,2.0,5.6452080019999995
1,4,on,318,326,0,6.6010413,0.024958001,0.256333,0.006458,6.2331657,6.8918753,23.0,4164.0,4.816167,2000.0,1400.0,2.0,6.576083299
1,4,on,319,327,1,5.493458,0.022459,0.24820898,0.006166,5.133666,5.7807918,23.0,4164.0,5.743375,2000.0,1400.0,2.0,5.470999000000001
1,4,on,320,328,0,6.9090424,0.024666,0.24320799,0.006333,6.5533752,7.269375,23.0,4164.0,4.673042,2000.0,1400.0,2.0,6.8843764
1,4,on,321,329,1,5.6325,0.023875,0.252875,0.006125,5.268417,5.927625,23.0,4164.0,6.045459,2000.0,1400.0,2.0,5.608625
1,4,on,322,330,0,4.387292,0.024333,0.260125,0.006375,4.0166254,4.680459,23.0,4164.0,4.707667,2000.0,1400.0,2.0,4.362959
1,4,on,323,331,1,6.701916,0.02275,0.262417,0.00675,6.329875,6.9892917,23.0,4164.0,3.554583,2000.0,1400.0,2.0,6.6791659999999995
1,4,on,324,332,0,7.800125,0.0215,0.248667,0.0060420004,7.445916,8.096584,23.0,4164.0,5.8582089999999996,2000.0,1400.0,2.0,7.778625000000001
1,4,on,325,333,1,5.48525,0.022083001,0.242625,0.007375,5.132875,5.787666,23.0,4164.0,6.9947919999999995,2000.0,1400.0,2.0,5.463166998999999
1,4,on,326,334,0,5.4615,0.024917,0.26254198,0.006375,5.086416,5.75425,23.0,4164.0,4.632791,2000.0,1400.0,2.0,5.436583
1,4,on,327,335,1,5.788959,0.02325,0.26904202,0.0062499996,5.407416,6.084333,23.0,4164.0,4.607208,2000.0,1400.0,2.0,5.765709
1,4,on,328,336,0,6.72175,0.023374999,0.25325,0.0065409997,6.356666,7.0145826,23.0,4164.0,4.791541,2000.0,1400.0,2.0,6.6983750010000005
1,4,on,329,337,1,4.4064593,0.019833,0.240458,0.0060420004,4.0591254,4.6912923,23.0,4164.0,5.878625,2000.0,1400.0,2.0,4.3866263
1,4,on,330,338,0,4.3165827,0.021958,0.273458,0.006,3.93425,4.6105,23.0,4164.0,3.576709,2000.0,1400.0,2.0,4.2946247
1,4,on,331,339,1,4.6235414,0.025042,0.29508302,0.0069170003,4.195458,4.9259577,23.0,4164.0,3.5096670000000003,2000.0,1400.0,2.0,4.5984994
1,4,on,332,340,0,5.7266254,0.025458999,0.265334,0.0059160003,5.348291,6.0142922,23.0,4164.0,3.6640829999999998,2000.0,1400.0,2.0,5.701166401
1,4,on,333,341,1,5.457417,0.022374999,0.24345799,0.0061669997,5.1047916,5.750125,23.0,4164.0,4.826667,2000.0,1400.0,2.0,5.435042001
1,4,on,334,342,0,4.669875,0.024084,0.262083,0.006584,4.297209,4.966208,23.0,4164.0,4.625292,2000.0,1400.0,2.0,4.645791
1,4,on,335,343,1,5.5636663,0.0225,0.272334,0.006625,5.1777496,5.865416,23.0,4164.0,3.6142079999999996,2000.0,1400.0,2.0,5.5411663
1,4,on,336,344,0,6.622667,0.025125,0.25712502,0.006459,6.2565,6.910208,23.0,4164.0,4.7195,2000.0,1400.0,2.0,6.597542
1,4,on,337,345,1,5.524083,0.022125,0.25483298,0.00675,5.162208,5.8060417,23.0,4164.0,5.783875,2000.0,1400.0,2.0,5.501958
1,4,on,338,346,0,6.6851673,0.022875,0.24724999,0.0064169997,6.328208,6.974083,23.0,4164.0,4.710625,2000.0,1400.0,2.0,6.6622923
1,4,on,339,347,1,5.476416,0.025375001,0.267375,0.006542,5.0948753,5.775083,23.0,4164.0,5.851,2000.0,1400.0,2.0,5.451040999000001
1,4,on,340,348,0,4.5232077,0.02625,0.324667,0.007833,4.083291,4.804417,23.0,4164.0,4.681375,2000.0,1400.0,2.0,4.4969577
1,4,on,341,349,1,5.934916,0.026833,0.51816696,0.007042,5.177042,6.229416,23.0,4164.0,3.6125,2000.0,1400.0,2.0,5.908083
1,4,on,342,350,0,5.661584,0.023167,0.25791702,0.006458,5.2948747,5.952708,23.0,4164.0,4.689208000000001,2000.0,1400.0,2.0,5.6384170000000005
1,4,on,343,351,1,5.529875,0.022667,0.254208,0.006542,5.161459,5.829375,23.0,4164.0,4.743958,2000.0,1400.0,2.0,5.507207999999999
1,4,on,344,352,0,5.668125,0.024,0.253,0.0060420004,5.30425,5.95525,23.0,4164.0,4.7048749999999995,2000.0,1400.0,2.0,5.644125
1,4,on,345,353,1,5.633333,0.025417,0.250292,0.021208,5.2521253,5.925208,23.0,4164.0,4.739667000000001,2000.0,1400.0,2.0,5.607916
1,4,on,346,354,0,6.611167,0.025541,0.267834,0.006416,6.229666,6.9215417,23.0,4164.0,4.796250000000001,2000.0,1400.0,2.0,6.585626
1,4,on,347,355,1,5.641375,0.021041,0.248125,0.006667,5.287459,5.9188747,23.0,4164.0,5.753709,2000.0,1400.0,2.0,5.620334
1,4,on,348,356,0,5.5675,0.026457999,0.269416,0.006625,5.176584,5.868875,23.0,4164.0,4.751875,2000.0,1400.0,2.0,5.541042001
1,4,on,349,357,1,6.6176248,0.025666,0.269666,0.006667,6.235916,6.891542,23.0,4164.0,4.73625,2000.0,1400.0,2.0,6.5919588
1,4,on,350,358,0,6.7419157,0.023791999,0.26695898,0.006458,6.36725,7.026709,23.0,4164.0,5.748708,2000.0,1400.0,2.0,6.718123701
1,4,on,351,359,1,6.794834,0.025208,0.34170797,0.006958,6.339875,7.0811667,23.0,4164.0,5.897875,2000.0,1400.0,2.0,6.769626
1,4,on,352,360,0,3.3801658,0.021667,0.248083,0.006208,3.027792,3.674,23.0,4164.0,5.859042,2000.0,1400.0,2.0,3.3584988
1,4,on,353,361,1,7.9052076,3.3222919,0.30566698,0.018209001,4.1759167,8.196,23.0,4164.0,2.593583,2000.0,1400.0,2.0,4.582915699999999
1,4,on,354,362,0,6.7861247,3.4018328,0.241667,0.018375,3.045583,7.082167,23.0,4164.0,3.6448750000000003,2000.0,1400.0,2.0,3.3842919
1,4,on,355,363,1,7.121833,3.24475,0.255959,0.016667,3.517083,7.423583,23.0,4164.0,2.5275,2000.0,1400.0,2.0,3.877083
1,4,on,356,364,0,7.768625,3.251791,0.26825002,0.018125,4.1384997,8.084584,23.0,4164.0,2.5143750000000002,2000.0,1400.0,2.0,4.516834
1,4,on,357,365,1,6.6689997,3.3803332,0.256959,0.017208,2.934958,6.956,23.0,4164.0,3.6137080000000004,2000.0,1400.0,2.0,3.2886664999999997
1,4,on,358,366,0,6.514958,3.2649999,0.232417,0.018208,2.916167,6.804375,23.0,4164.0,2.421833,2000.0,1400.0,2.0,3.2499581
1,4,on,359,367,1,6.680625,3.336375,0.22837499,0.016625,3.0152922,6.9802504,23.0,4164.0,2.44325,2000.0,1400.0,2.0,3.34425
1,4,on,360,368,0,6.585958,3.210583,0.26658398,0.016833,3.0150409,6.881584,23.0,4164.0,2.5080839999999998,2000.0,1400.0,2.0,3.3753749999999996
1,5,off,121,130,0,7.59775,4.173375,0.285375,0.018625,3.039542,7.8954577,23.0,4164.0,2.487291,2000.0,1400.0,2.0,3.4243749999999995
1,5,off,122,131,0,9.722918,4.220875,0.23145801,0.018041,5.176792,10.022583,23.0,4164.0,2.509542,2000.0,1400.0,2.0,5.502043
1,5,off,123,132,0,5.601375,0.0255,0.275583,0.007458,5.2236247,5.934291,23.0,4164.0,4.730375,2000.0,1400.0,2.0,5.575875
1,5,off,124,133,0,5.575167,0.02225,0.261292,0.006584,5.21375,5.866833,23.0,4164.0,4.734209,2000.0,1400.0,2.0,5.552917000000001
1,5,off,125,134,0,5.630042,0.027125,0.276958,0.006625,5.250917,5.958208,23.0,4164.0,4.744958,2000.0,1400.0,2.0,5.602917000000001
1,5,off,126,135,0,4.316458,0.024,0.25679103,0.006583,3.957083,4.60075,23.0,4164.0,4.760375,2000.0,1400.0,2.0,4.292458
1,5,off,127,136,0,3.355417,0.024208,0.292209,0.006833,2.961583,3.651708,23.0,4164.0,3.554125,2000.0,1400.0,2.0,3.3312090000000003
1,5,off,128,137,0,7.5164156,4.2184157,0.272084,0.020083,2.928041,7.802625,23.0,4164.0,2.4498749999999996,2000.0,1400.0,2.0,3.2979998999999998
1,5,off,129,138,0,7.729125,4.1410003,0.24641599,0.016665999,3.2130828,8.015916,23.0,4164.0,2.4707090000000003,2000.0,1400.0,2.0,3.5881247
1,5,off,130,139,0,7.5047092,4.141625,0.297791,0.017,2.9744158,7.8023753,23.0,4164.0,2.597709,2000.0,1400.0,2.0,3.3630841999999994
1,5,off,131,140,0,7.3361673,4.0924582,0.24987501,0.017958,2.902334,7.721625,23.0,4164.0,2.52,2000.0,1400.0,2.0,3.2437090999999993
1,5,off,132,141,0,7.421917,4.17275,0.258,0.018792,2.898125,7.765208,23.0,4164.0,2.3775,2000.0,1400.0,2.0,3.249167
1,5,off,133,142,0,8.682708,4.151708,0.235459,0.017917,4.169417,8.989625,23.0,4164.0,2.455833,2000.0,1400.0,2.0,4.531
1,5,off,134,143,0,3.253708,0.023959002,0.280667,0.007083,2.867708,3.558667,23.0,4164.0,3.6381669999999997,2000.0,1400.0,2.0,3.2297489980000003
1,5,off,135,144,0,7.590167,4.141666,0.243792,0.017375,3.097625,7.9006248,23.0,4164.0,2.4477919999999997,2000.0,1400.0,2.0,3.4485010000000003
1,5,off,136,145,0,7.538917,4.197667,0.212792,0.018625,3.039167,7.8419576,23.0,4164.0,2.455625,2000.0,1400.0,2.0,3.3412499999999996
1,5,off,137,146,0,7.439291,4.108583,0.303042,0.016458,2.9360418,7.739583,23.0,4164.0,2.512333,2000.0,1400.0,2.0,3.3307079999999996
1,5,off,138,147,0,10.62975,4.053833,0.252667,0.017083,6.231542,10.997874,23.0,4164.0,2.44275,2000.0,1400.0,2.0,6.575917
1,5,off,139,148,0,4.451125,0.024417,0.283833,0.007,4.065334,4.7454166,23.0,4164.0,5.800875,2000.0,1400.0,2.0,4.4267080000000005
1,5,off,140,149,0,3.244041,0.024167001,0.26558402,0.006375,2.876791,3.584583,23.0,4164.0,3.58375,2000.0,1400.0,2.0,3.2198739990000003
1,5,off,141,150,0,7.510125,4.250166,0.216,0.017375,2.954,7.803459,23.0,4164.0,2.418667,2000.0,1400.0,2.0,3.2599590000000003
1,5,off,142,151,0,7.3079576,4.015125,0.22275,0.024167001,2.967375,7.7801247,23.0,4164.0,2.4406250000000003,2000.0,1400.0,2.0,3.2928325999999997
1,5,off,143,152,0,9.733209,4.2775416,0.2235,0.017208,5.134917,10.1032915,23.0,4164.0,2.4389580000000004,2000.0,1400.0,2.0,5.4556674
1,5,off,144,153,0,3.335583,0.023916,0.282875,0.0064169997,2.949583,3.6320422,23.0,4164.0,4.605459,2000.0,1400.0,2.0,3.3116670000000004
1,5,off,145,154,0,9.8075,4.125917,0.329209,0.017916,5.2585,10.109835,23.0,4164.0,2.472292,2000.0,1400.0,2.0,5.681582999999999
1,5,off,146,155,0,3.222959,0.025708,0.282167,0.006709,2.839125,3.5066252,23.0,4164.0,4.718833,2000.0,1400.0,2.0,3.197251
1,5,off,147,156,0,8.635501,4.102,0.263583,0.018250002,4.179417,8.982584,23.0,4164.0,2.4277499999999996,2000.0,1400.0,2.0,4.533500999999999
1,5,off,148,157,0,3.101125,0.025209,0.2615,0.006375,2.737166,3.4515002,23.0,4164.0,3.6185,2000.0,1400.0,2.0,3.0759160000000003
1,5,off,149,158,0,9.816417,4.1724577,0.276209,0.018291,5.278916,10.112583,23.0,4164.0,2.32475,2000.0,1400.0,2.0,5.6439593
1,5,off,150,159,0,4.423584,0.025834,0.284292,0.00775,4.0282917,4.7815,23.0,4164.0,4.757291,2000.0,1400.0,2.0,4.39775
1,5,off,151,160,0,3.358084,0.023125,0.272291,0.00575,2.982541,3.656,23.0,4164.0,3.596333,2000.0,1400.0,2.0,3.334959
1,5,off,152,161,0,8.623583,4.213542,0.255416,0.01675,4.0645,8.918166,23.0,4164.0,2.490542,2000.0,1400.0,2.0,4.410041
1,5,off,153,162,0,4.485334,0.026292,0.273916,0.007083,4.093958,4.815,23.0,4164.0,3.589542,2000.0,1400.0,2.0,4.459042
1,5,off,154,163,0,3.297833,0.022291001,0.34775,0.007333,2.849875,3.5926251,23.0,4164.0,3.595417,2000.0,1400.0,2.0,3.2755419989999996
1,5,off,155,164,0,7.5108747,4.19325,0.223583,0.015416999,2.9787078,7.8083754,23.0,4164.0,2.442292,2000.0,1400.0,2.0,3.3176246999999996
1,5,off,156,165,0,7.356667,4.188125,0.238917,0.019458001,2.834292,7.6489997,23.0,4164.0,2.451459,2000.0,1400.0,2.0,3.1685419999999995
1,5,off,157,166,0,9.148791,4.1848326,0.247708,0.017874999,4.6275,9.437416,23.0,4164.0,2.4155,2000.0,1400.0,2.0,4.963958399999999
1,5,off,158,167,0,3.343666,0.025416,0.340792,0.0075829998,2.900167,3.6355002,23.0,4164.0,3.784792,2000.0,1400.0,2.0,3.31825
1,5,off,159,168,0,7.519458,4.278292,0.22649999,0.019542,2.9207091,7.809083,23.0,4164.0,2.458083,2000.0,1400.0,2.0,3.2411659999999998
1,5,off,160,169,0,7.36025,4.112958,0.262708,0.019375,2.889167,7.669167,23.0,4164.0,2.402708,2000.0,1400.0,2.0,3.247292
1,5,off,161,170,0,8.587958,4.165375,0.229917,0.019542,4.100875,8.890667,23.0,4164.0,2.456458,2000.0,1400.0,2.0,4.422583
1,5,off,162,171,0,3.490083,0.023334,0.274959,0.0065,3.111416,3.784709,23.0,4164.0,3.5646660000000003,2000.0,1400.0,2.0,3.4667489999999996
1,5,off,163,172,0,8.737834,4.140833,0.33625,0.018000001,4.169333,9.025042,23.0,4164.0,2.659417,2000.0,1400.0,2.0,4.597001
1,5,off,164,173,0,3.3052502,0.023125,0.27245802,0.007,2.919709,3.649833,23.0,4164.0,3.646875,2000.0,1400.0,2.0,3.2821252000000003
1,5,off,165,174,0,7.56475,4.1140003,0.276666,0.020125,3.045041,7.873833,23.0,4164.0,2.476333,2000.0,1400.0,2.0,3.4507497000000003
1,5,off,166,175,0,7.4724593,4.038333,0.22958301,0.019291999,2.960958,7.758625,23.0,4164.0,2.435625,2000.0,1400.0,2.0,3.4341263
1,5,off,167,176,0,9.812542,4.213583,0.214792,0.018333,5.2938333,10.106459,23.0,4164.0,2.4592910000000003,2000.0,1400.0,2.0,5.598959000000001
1,5,off,168,177,0,4.773875,0.02325,0.253333,0.006875,4.417542,5.0705,23.0,4164.0,4.753666999999999,2000.0,1400.0,2.0,4.750625
1,5,off,169,178,0,4.412875,0.022083001,0.271625,0.0062499996,4.0345,4.705667,23.0,4164.0,3.578667,2000.0,1400.0,2.0,4.390791998999999
1,5,off,170,179,0,5.482708,0.022542002,0.278833,0.0074589998,5.1017084,5.7974997,23.0,4164.0,3.567125,2000.0,1400.0,2.0,5.460165998
1,5,off,171,180,0,5.6906657,0.025875,0.26741698,0.006959,5.318625,5.995125,23.0,4164.0,4.682458,2000.0,1400.0,2.0,5.6647907
1,5,off,172,181,0,3.450583,0.022875,0.525542,0.007083,2.8249578,3.738916,23.0,4164.0,4.736334,2000.0,1400.0,2.0,3.427708
1,5,off,173,182,0,7.485042,4.23125,0.24583301,0.019833,2.916375,7.776459,23.0,4164.0,2.41975,2000.0,1400.0,2.0,3.253792
1,5,off,174,183,0,7.437875,4.0595837,0.353666,0.019458001,2.92725,7.727084,23.0,4164.0,2.46825,2000.0,1400.0,2.0,3.3782913
1,5,off,175,184,0,7.554833,4.1098337,0.232167,0.019042,3.080667,7.854875,23.0,4164.0,2.463416,2000.0,1400.0,2.0,3.4449993
1,5,off,176,185,0,7.284791,4.126958,0.226708,0.018000001,2.8335419,7.642708,23.0,4164.0,2.521625,2000.0,1400.0,2.0,3.157833
1,5,off,177,186,0,7.443083,4.051833,0.321167,0.019625,2.9278748,7.800084,23.0,4164.0,2.415625,2000.0,1400.0,2.0,3.3912499999999994
1,5,off,178,187,0,7.414792,4.13075,0.29308403,0.018082999,2.901208,7.706041,23.0,4164.0,2.457417,2000.0,1400.0,2.0,3.2840420000000003
1,5,off,179,188,0,8.627625,4.1288753,0.2795,0.019,4.124667,8.9209585,23.0,4164.0,2.463958,2000.0,1400.0,2.0,4.4987497
1,5,off,180,189,0,3.3771248,0.025666,0.35475,0.007125,2.9165,3.6739578,23.0,4164.0,3.595334,2000.0,1400.0,2.0,3.3514587999999996
1,5,off,181,190,0,9.938166,4.239458,0.25316602,0.019291999,5.3275843,10.215208,23.0,4164.0,2.4985,2000.0,1400.0,2.0,5.698708000000001
1,5,off,182,191,0,3.42075,0.107334,0.287,0.007417,2.951209,3.7145,23.0,4164.0,4.748834,2000.0,1400.0,2.0,3.313416
1,5,off,183,192,0,8.715876,4.1968327,0.216834,0.021083001,4.193917,9.041791,23.0,4164.0,2.506792,2000.0,1400.0,2.0,4.5190433
1,5,off,184,193,0,3.168958,0.021917,0.26587498,0.006542,2.805084,3.4723332,23.0,4164.0,3.637708,2000.0,1400.0,2.0,3.1470409999999998
1,5,off,185,194,0,8.638833,4.1650424,0.264708,0.018875,4.1140003,8.9367075,23.0,4164.0,2.406,2000.0,1400.0,2.0,4.4737906
1,5,off,186,195,0,3.2417922,0.02325,0.275875,0.007292,2.8631248,3.534958,23.0,4164.0,3.614833,2000.0,1400.0,2.0,3.2185422
1,5,off,187,196,0,9.865707,4.1949162,0.24162501,0.019584,5.333084,10.159959,23.0,4164.0,2.449834,2000.0,1400.0,2.0,5.670790800000001
1,5,off,188,197,0,3.215375,0.023,0.271708,0.007333,2.840959,3.5197499,23.0,4164.0,4.768833,2000.0,1400.0,2.0,3.1923749999999997
1,5,off,189,198,0,7.5090003,4.197917,0.229375,0.017459,2.979083,7.9744167,23.0,4164.0,2.4406250000000003,2000.0,1400.0,2.0,3.3110833
1,5,off,190,199,0,7.511,4.224125,0.238208,0.020583,2.956792,7.7997503,23.0,4164.0,2.4724999999999997,2000.0,1400.0,2.0,3.286875
1,5,off,191,200,0,8.684208,4.109292,0.28475,0.016833,4.1977496,8.988292,23.0,4164.0,2.5136249999999998,2000.0,1400.0,2.0,4.574916
1,5,off,192,201,0,3.195625,0.022958,0.264959,0.00675,2.815875,3.496458,23.0,4164.0,3.6909579999999997,2000.0,1400.0,2.0,3.172667
1,5,off,193,202,0,8.722209,4.004,0.465541,0.02025,4.1607504,9.0112915,23.0,4164.0,2.390583,2000.0,1400.0,2.0,4.718209
1,5,off,194,203,0,3.163375,0.022875,0.276084,0.007042,2.7822502,3.4721658,23.0,4164.0,3.606,2000.0,1400.0,2.0,3.1405
1,5,off,195,204,0,7.676291,4.216833,0.20574999,0.019458001,3.160708,7.9625826,23.0,4164.0,2.35075,2000.0,1400.0,2.0,3.4594579999999997
1,5,off,196,205,0,7.557,4.183333,0.336875,0.015875,2.947,7.873875,23.0,4164.0,2.518166,2000.0,1400.0,2.0,3.373667
1,5,off,197,206,0,11.043918,4.236041,0.243416,0.019334,6.474833,11.323166,23.0,4164.0,2.477708,2000.0,1400.0,2.0,6.8078769999999995
1,5,off,198,207,0,3.338208,0.021917,0.391166,0.006667,2.847333,3.6304579,23.0,4164.0,5.960667,2000.0,1400.0,2.0,3.3162909999999997
1,5,off,199,208,0,7.6176667,4.165667,0.217958,0.018792,3.135417,7.969875,23.0,4164.0,2.4256249999999997,2000.0,1400.0,2.0,3.4519997
1,5,off,200,209,0,8.572332,4.1724167,0.236292,0.018125,4.045542,8.865125,23.0,4164.0,2.61,2000.0,1400.0,2.0,4.399915299999999
1,5,off,201,210,0,5.6447086,0.024292,0.283833,0.006375,5.259708,5.946125,23.0,4164.0,3.59475,2000.0,1400.0,2.0,5.6204166
1,5,off,202,211,0,3.221208,0.020375,0.261417,0.006666,2.863875,3.5225408,23.0,4164.0,4.759875,2000.0,1400.0,2.0,3.200833
1,5,off,203,212,0,7.423541,4.140666,0.225834,0.016708,2.960458,7.779583,23.0,4164.0,2.44875,2000.0,1400.0,2.0,3.2828749999999998
1,5,off,204,213,0,8.641166,4.211583,0.26075,0.017874999,4.077958,8.921667,23.0,4164.0,2.4451669999999996,2000.0,1400.0,2.0,4.429583
1,5,off,205,214,0,4.444375,0.024958001,0.258458,0.006708,4.082625,4.748125,23.0,4164.0,3.60175,2000.0,1400.0,2.0,4.419416999
1,5,off,206,215,0,3.208709,0.023750002,0.275083,0.006667,2.83075,3.5145001,23.0,4164.0,3.6032909999999996,2000.0,1400.0,2.0,3.184958998
1,5,off,207,216,0,7.770834,4.3335,0.255333,0.018792,3.092709,8.045667,23.0,4164.0,2.426917,2000.0,1400.0,2.0,3.437334
1,5,off,208,217,0,10.851375,4.147625,0.262292,0.01775,6.348042,11.217,23.0,4164.0,2.352458,2000.0,1400.0,2.0,6.703750000000001
1,5,off,209,218,0,5.696833,0.025958,0.36725,0.007333,5.223917,6.0024166,23.0,4164.0,5.878,2000.0,1400.0,2.0,5.670875
1,5,off,210,219,0,4.316916,0.022417,0.26204202,0.006584,3.9567082,4.60925,23.0,4164.0,4.717207999999999,2000.0,1400.0,2.0,4.294499
1,5,off,211,220,0,4.4343333,0.0225,0.257209,0.006583,4.076083,4.719667,23.0,4164.0,3.5339159999999996,2000.0,1400.0,2.0,4.4118333
1,5,off,212,221,0,4.442375,0.023875,0.274167,0.006708,4.0630836,4.753334,23.0,4164.0,3.597709,2000.0,1400.0,2.0,4.4185
1,5,off,213,222,0,3.4012501,0.023958001,0.361208,0.0075,2.9355,3.698333,23.0,4164.0,3.5568750000000002,2000.0,1400.0,2.0,3.377292099
1,5,off,214,223,0,7.957083,4.218958,0.253333,0.0355,3.371666,8.267792,23.0,4164.0,2.455334,2000.0,1400.0,2.0,3.738125
1,5,off,215,224,0,5.6932497,0.025167001,0.268041,0.006292,5.320541,5.990667,23.0,4164.0,2.463625,2000.0,1400.0,2.0,5.668082699
1,5,off,216,225,0,4.3785844,0.019291999,0.26979202,0.0064169997,4.0072093,4.67175,23.0,4164.0,4.776708,2000.0,1400.0,2.0,4.359292401
1,5,off,217,226,0,6.723166,0.021375,0.25149998,0.006958,6.371584,7.02025,23.0,4164.0,3.599625,2000.0,1400.0,2.0,6.701791
1,5,off,218,227,0,6.4154997,0.022458,0.242708,0.0065,6.069916,6.724375,23.0,4164.0,5.87575,2000.0,1400.0,2.0,6.3930416999999995
1,5,off,219,228,0,4.586,0.02225,0.24266699,0.006458,4.24075,5.001917,23.0,4164.0,5.652417,2000.0,1400.0,2.0,4.563750000000001
1,5,off,220,229,0,4.5265,0.022708,0.506042,0.007834,3.918167,4.826625,23.0,4164.0,3.746625,2000.0,1400.0,2.0,4.503792000000001
1,5,off,221,230,0,8.011917,0.022917,0.733,0.00675,7.175458,8.319,23.0,4164.0,3.461166,2000.0,1400.0,2.0,7.989000000000001
1,5,off,222,231,0,5.396166,0.033625003,0.30120897,0.0072910003,4.9813337,5.753541,23.0,4164.0,6.7609580000000005,2000.0,1400.0,2.0,5.362540997
1,5,off,223,232,0,7.3112082,4.005291,0.257042,0.019082999,2.959833,7.60375,23.0,4164.0,4.590249999999999,2000.0,1400.0,2.0,3.3059172000000006
1,5,off,224,233,0,8.563582,4.251875,0.21283299,0.015792001,4.00275,8.873667,23.0,4164.0,2.43525,2000.0,1400.0,2.0,4.311707
1,5,off,225,234,0,6.7979593,0.026833,0.274542,0.006833,6.389917,7.095334,23.0,4164.0,3.610958,2000.0,1400.0,2.0,6.7711263
1,5,off,226,235,0,7.677958,0.024875,0.263083,0.007833,7.307375,7.9829173,23.0,4164.0,5.8840840000000005,2000.0,1400.0,2.0,7.6530830000000005
1,5,off,227,236,0,3.591625,0.027125,0.412,0.0075,2.968083,3.9184158,23.0,4164.0,6.8648750000000005,2000.0,1400.0,2.0,3.5645000000000002
1,5,off,228,237,0,7.4388328,4.1758327,0.209291,0.017833,2.940167,7.777791,23.0,4164.0,2.460417,2000.0,1400.0,2.0,3.2630001
1,5,off,229,238,0,7.458292,4.14825,0.27679098,0.021958,2.939542,7.7455,23.0,4164.0,2.45575,2000.0,1400.0,2.0,3.310042
1,5,off,230,239,0,10.765334,4.211,0.231208,0.019958999,6.227875,11.081875,23.0,4164.0,2.432,2000.0,1400.0,2.0,6.554333999999999
1,5,off,231,240,0,5.486125,0.020625,0.24970801,0.006625,5.140084,5.770583,23.0,4164.0,5.782541,2000.0,1400.0,2.0,5.4655000000000005
1,5,off,232,241,0,5.515208,0.023709001,0.27954102,0.0072500003,5.133833,5.8325,23.0,4164.0,4.671041,2000.0,1400.0,2.0,5.491498999
1,5,off,233,242,0,4.479208,0.021583,0.251833,0.0074589998,4.1275,4.768916,23.0,4164.0,4.725167,2000.0,1400.0,2.0,4.457625
1,5,off,234,243,0,3.273375,0.027792001,0.28187498,0.007125,2.885041,3.6361668,23.0,4164.0,3.628125,2000.0,1400.0,2.0,3.2455829990000002
1,5,off,235,244,0,7.5013747,4.2149158,0.214375,0.0185,2.9821248,7.78575,23.0,4164.0,2.451,2000.0,1400.0,2.0,3.2864589000000004
1,5,off,236,245,0,8.535,4.134583,0.2175,0.016917,4.094667,8.877084,23.0,4164.0,2.456584,2000.0,1400.0,2.0,4.400417
1,5,off,237,246,0,3.2598329,0.024125,0.25474998,0.0069170003,2.901916,3.5605,23.0,4164.0,3.651666,2000.0,1400.0,2.0,3.2357079
1,5,off,238,247,0,7.443541,4.198833,0.227583,0.01925,2.927792,7.725416,23.0,4164.0,2.444042,2000.0,1400.0,2.0,3.244708
1,5,off,239,248,0,8.354666,4.014166,0.24570802,0.01925,3.9933753,8.855875,23.0,4164.0,2.4507499999999998,2000.0,1400.0,2.0,4.3405
1,5,off,240,249,0,4.425334,0.025249999,0.2675,0.006875,4.0509996,4.8083754,23.0,4164.0,3.4684999999999997,2000.0,1400.0,2.0,4.400084001000001
1,5,off,241,250,0,5.4594164,0.025666999,0.254917,0.006584,5.10275,5.758333,23.0,4164.0,3.636041,2000.0,1400.0,2.0,5.433749401
1,5,off,242,251,0,4.9291673,0.028709,0.297166,0.006583,4.4751663,5.251666,23.0,4164.0,4.630916,2000.0,1400.0,2.0,4.9004582999999995
1,5,off,243,252,0,3.255208,0.023582999,0.275917,0.006292,2.879416,3.5591662,23.0,4164.0,3.7078749999999996,2000.0,1400.0,2.0,3.2316250010000003
1,5,off,244,253,0,7.37725,4.109084,0.269916,0.018917,2.906709,7.673458,23.0,4164.0,2.427333,2000.0,1400.0,2.0,3.268166
1,5,off,245,254,0,10.871625,4.055,0.336917,0.017916,6.3875413,11.1744995,23.0,4164.0,2.4768749999999997,2000.0,1400.0,2.0,6.816625
1,5,off,246,255,0,3.2063751,0.021041,0.260292,0.006375,2.8486671,3.493917,23.0,4164.0,5.84975,2000.0,1400.0,2.0,3.1853341
1,5,off,247,256,0,7.198333,3.924958,0.227667,0.018291,2.952625,7.703834,23.0,4164.0,2.4455,2000.0,1400.0,2.0,3.2733749999999997
1,5,off,248,257,0,7.24125,4.1903753,0.22004099,0.01675,2.733916,7.603166,23.0,4164.0,2.4503749999999997,2000.0,1400.0,2.0,3.0508746999999996
1,5,off,249,258,0,7.554959,4.235125,0.249375,0.018041,2.9730842,7.858083,23.0,4164.0,2.297917,2000.0,1400.0,2.0,3.319834
1,5,off,250,259,0,7.493792,4.2276254,0.19525,0.018250002,2.979625,7.792583,23.0,4164.0,2.457125,2000.0,1400.0,2.0,3.2661666
1,5,off,251,260,0,7.4505,4.126583,0.297542,0.021209,2.921375,7.7495413,23.0,4164.0,2.520916,2000.0,1400.0,2.0,3.323917
1,5,off,252,261,0,11.387458,4.1809998,0.23720801,0.019208001,6.873875,11.684542,23.0,4164.0,2.415125,2000.0,1400.0,2.0,7.2064582
1,5,off,253,262,0,3.317167,0.024249999,0.2495,0.006208,2.9711251,3.613083,23.0,4164.0,5.921625,2000.0,1400.0,2.0,3.292917001
1,5,off,254,263,0,7.283083,4.012708,0.303083,0.016667,2.872292,7.6585,23.0,4164.0,2.48775,2000.0,1400.0,2.0,3.2703750000000005
1,5,off,255,264,0,7.360209,3.9606247,0.287,0.017958,3.021125,7.774875,23.0,4164.0,2.44475,2000.0,1400.0,2.0,3.3995843000000003
1,5,off,256,265,0,7.519167,4.219208,0.24024999,0.019625,2.964708,7.801875,23.0,4164.0,2.496791,2000.0,1400.0,2.0,3.2999590000000003
1,5,off,257,266,0,7.4156656,3.9355829,0.27312502,0.018291999,3.058,7.8962083,23.0,4164.0,2.516,2000.0,1400.0,2.0,3.4800826999999996
1,5,off,258,267,0,7.416208,4.136333,0.2525,0.019375,2.93125,7.719833,23.0,4164.0,2.532458,2000.0,1400.0,2.0,3.2798750000000005
1,5,off,259,268,0,10.559418,4.135334,0.283125,0.065667,6.0045424,10.842084,23.0,4164.0,2.48175,2000.0,1400.0,2.0,6.424084000000001
1,5,off,260,269,0,3.199209,0.02275,0.266,0.006542,2.834125,3.487208,23.0,4164.0,4.936249999999999,2000.0,1400.0,2.0,3.1764590000000004
1,5,off,261,270,0,7.430667,4.128959,0.245084,0.019041,2.9606671,7.772125,23.0,4164.0,2.434875,2000.0,1400.0,2.0,3.3017079999999996
1,5,off,262,271,0,8.497707,4.125417,0.316375,0.019,3.9615421,8.793834,23.0,4164.0,2.4454160000000003,2000.0,1400.0,2.0,4.3722900000000005
1,5,off,263,272,0,4.574667,0.024541,0.353833,0.007,4.116541,4.8872924,23.0,4164.0,3.5664580000000004,2000.0,1400.0,2.0,4.550126
1,5,off,264,273,0,3.1967502,0.023292,0.259458,0.006708,2.834958,3.4950001,23.0,4164.0,3.6165,2000.0,1400.0,2.0,3.1734582
1,5,off,265,274,0,8.152917,4.227542,0.32379198,0.035,3.489792,8.441626,23.0,4164.0,2.4389580000000004,2000.0,1400.0,2.0,3.9253750000000007
1,5,off,266,275,0,4.482125,0.028,0.299958,0.0064169997,4.073666,4.8804164,23.0,4164.0,2.4555,2000.0,1400.0,2.0,4.454125
1,5,off,267,276,0,4.517334,0.026209,0.30020902,0.007125,4.110041,4.8795424,23.0,4164.0,3.638375,2000.0,1400.0,2.0,4.491125
1,5,off,268,277,0,3.168,0.023292,0.25820902,0.006542,2.809583,3.463417,23.0,4164.0,3.614459,2000.0,1400.0,2.0,3.144708
1,5,off,269,278,0,7.345208,4.155916,0.223541,0.020707998,2.8733752,7.6184998,23.0,4164.0,2.411416,2000.0,1400.0,2.0,3.189292
1,5,off,270,279,0,7.4618754,4.1963754,0.248792,0.0175,2.92225,7.747292,23.0,4164.0,2.419875,2000.0,1400.0,2.0,3.2655000000000003
1,5,off,271,280,0,7.392959,4.04975,0.295125,0.019167,2.946417,7.697042,23.0,4164.0,2.4633749999999996,2000.0,1400.0,2.0,3.343209
1,5,off,272,281,0,7.3648753,4.1653333,0.218917,0.019125,2.880875,7.6664996,23.0,4164.0,2.43825,2000.0,1400.0,2.0,3.199541999999999
1,5,off,273,282,0,7.5387077,4.235791,0.258625,0.018166,2.950917,7.832458,23.0,4164.0,2.440458,2000.0,1400.0,2.0,3.3029167
1,5,off,274,283,0,7.365959,4.171666,0.262125,0.016042,2.8406248,7.644583,23.0,4164.0,2.4533340000000003,2000.0,1400.0,2.0,3.194293
1,5,off,275,284,0,7.426709,4.09025,0.25325,0.019917,2.9868748,7.724167,23.0,4164.0,2.448708,2000.0,1400.0,2.0,3.3364589999999996
1,5,off,276,285,0,7.4113326,4.1342077,0.267917,0.018082999,2.916125,7.729834,23.0,4164.0,2.455583,2000.0,1400.0,2.0,3.2771248999999996
1,5,off,277,286,0,7.396917,4.1818748,0.208166,0.016542,2.9148328,7.6861672,23.0,4164.0,2.4615,2000.0,1400.0,2.0,3.2150422
1,5,off,278,287,0,7.258208,4.126791,0.20925,0.019082999,2.82475,7.609166,23.0,4164.0,2.397916,2000.0,1400.0,2.0,3.131417
1,5,off,279,288,0,7.4164577,4.04575,0.34954202,0.017792,2.932375,7.700958,23.0,4164.0,2.4410410000000002,2000.0,1400.0,2.0,3.3707076999999996
1,5,off,280,289,0,7.458542,4.191625,0.261292,0.020458,2.9070828,7.744333,23.0,4164.0,2.427292,2000.0,1400.0,2.0,3.2669169999999994
1,5,off,281,290,0,7.5057077,4.209125,0.248542,0.018875,2.9607499,7.794417,23.0,4164.0,2.439292,2000.0,1400.0,2.0,3.2965827
1,5,off,282,291,0,8.400041,4.151959,0.253833,0.016125,3.9016252,8.697332,23.0,4164.0,2.497125,2000.0,1400.0,2.0,4.248082
1,5,off,283,292,0,5.563708,0.021915998,0.26595798,0.006458,5.1981673,5.848291,23.0,4164.0,3.452875,2000.0,1400.0,2.0,5.541792002
1,5,off,284,293,0,5.49425,0.022541,0.256125,0.007,5.1364584,5.7940407,23.0,4164.0,4.729291,2000.0,1400.0,2.0,5.471709
1,5,off,285,294,0,3.253917,0.022374999,0.24775,0.007166,2.906458,3.542542,23.0,4164.0,4.721042,2000.0,1400.0,2.0,3.2315420009999998
1,5,off,286,295,0,7.413125,4.1672907,0.241542,0.01875,2.901792,7.711,23.0,4164.0,2.43225,2000.0,1400.0,2.0,3.2458343000000003
1,5,off,287,296,0,9.781208,4.082208,0.31075,0.018250002,5.26025,10.079208,23.0,4164.0,2.4456249999999997,2000.0,1400.0,2.0,5.699
1,5,off,288,297,0,7.745375,0.020084001,0.254625,0.007541,7.391666,8.04525,23.0,4164.0,4.737292,2000.0,1400.0,2.0,7.725290999
1,5,off,289,298,0,3.20075,0.050292,0.256292,0.006292,2.817792,3.4993331,23.0,4164.0,6.957750000000001,2000.0,1400.0,2.0,3.1504580000000004
1,5,off,290,299,0,6.737958,3.379334,0.23854199,0.018541,2.865833,7.663667,23.0,4164.0,2.36425,2000.0,1400.0,2.0,3.358624
1,5,off,291,300,0,7.6535,4.1443753,0.24749999,0.019290999,3.1720831,7.933042,23.0,4164.0,2.442375,2000.0,1400.0,2.0,3.5091247
1,5,off,292,301,0,8.541833,4.130542,0.33162498,0.019458001,3.988334,8.830875,23.0,4164.0,2.494459,2000.0,1400.0,2.0,4.411291
1,5,off,293,302,0,3.362,0.023083,0.254625,0.0069170003,3.006334,3.662875,23.0,4164.0,3.514917,2000.0,1400.0,2.0,3.338917
1,5,off,294,303,0,7.5215826,4.1739173,0.328959,0.018583,2.929417,7.801458,23.0,4164.0,2.453959,2000.0,1400.0,2.0,3.3476653
1,5,off,295,304,0,7.443667,4.134375,0.2505,0.017916,2.9690828,7.741792,23.0,4164.0,2.4656249999999997,2000.0,1400.0,2.0,3.3092919999999992
1,5,off,296,305,0,9.7282505,4.127875,0.208083,0.017208,5.3014593,10.076917,23.0,4164.0,2.4520000000000004,2000.0,1400.0,2.0,5.600375499999999
1,5,off,297,306,0,3.150458,0.023,0.264625,0.006458,2.779416,3.4587922,23.0,4164.0,4.766083,2000.0,1400.0,2.0,3.127458
1,5,off,298,307,0,7.559042,4.14575,0.22575,0.018667001,3.060416,7.841667,23.0,4164.0,2.3019999999999996,2000.0,1400.0,2.0,3.413292
1,5,off,299,308,0,7.486917,4.187666,0.24383299,0.018167,2.9664998,7.774334,23.0,4164.0,2.487333,2000.0,1400.0,2.0,3.299251
1,5,off,300,309,0,8.414916,4.08625,0.228125,0.01725,4.001541,8.809792,23.0,4164.0,2.448667,2000.0,1400.0,2.0,4.328666
1,5,off,301,310,0,3.39675,0.023791,0.31808302,0.0072500003,2.9754581,3.702167,23.0,4164.0,3.553375,2000.0,1400.0,2.0,3.372959
1,5,off,302,311,0,7.421375,4.160541,0.27229202,0.015917,2.8952918,7.708833,23.0,4164.0,2.4784170000000003,2000.0,1400.0,2.0,3.260834
1,5,off,303,312,0,7.439208,4.1526666,0.213209,0.017541999,2.9801672,7.744084,23.0,4164.0,2.470125,2000.0,1400.0,2.0,3.2865414
1,5,off,304,313,0,7.46975,4.138916,0.254417,0.017708,2.967667,7.760375,23.0,4164.0,2.457792,2000.0,1400.0,2.0,3.3308340000000003
1,5,off,305,314,0,7.706083,4.3589587,0.237792,0.017874999,3.0045831,7.98525,23.0,4164.0,2.497208,2000.0,1400.0,2.0,3.3471243
1,5,off,306,315,0,7.296667,4.170334,0.22475,0.017665999,2.807416,7.612209,23.0,4164.0,2.4511670000000003,2000.0,1400.0,2.0,3.126333
1,5,off,307,316,0,7.500417,4.084625,0.251916,0.018041,3.0644588,7.85725,23.0,4164.0,2.3709170000000004,2000.0,1400.0,2.0,3.4157919999999997
1,5,off,308,317,0,7.3581247,4.0668344,0.34254202,0.01775,2.857875,7.6530833,23.0,4164.0,2.514875,2000.0,1400.0,2.0,3.2912903
1,5,off,309,318,0,7.457709,4.028791,0.370167,0.017,2.971167,7.75875,23.0,4164.0,2.4147499999999997,2000.0,1400.0,2.0,3.4289180000000004
1,5,off,310,319,0,7.36225,4.153959,0.215625,0.0155,2.901,7.721625,23.0,4164.0,2.4633749999999996,2000.0,1400.0,2.0,3.208291
1,5,off,311,320,0,7.463,4.1475,0.251542,0.018000001,2.9699578,7.8084164,23.0,4164.0,2.507,2000.0,1400.0,2.0,3.3155
1,5,off,312,321,0,8.534041,4.1174583,0.374791,0.018208,3.9474592,8.837458,23.0,4164.0,2.4606250000000003,2000.0,1400.0,2.0,4.4165827
1,5,off,313,322,0,5.586875,0.025042,0.26895902,0.00675,5.2191663,5.87825,23.0,4164.0,3.518625,2000.0,1400.0,2.0,5.561833
1,5,off,314,323,0,5.533875,0.022667,0.271125,0.0074589998,5.1600423,5.835,23.0,4164.0,4.725542,2000.0,1400.0,2.0,5.511208
1,5,off,315,324,0,3.33125,0.023541002,0.27245802,0.006916,2.9547079,3.630083,23.0,4164.0,4.726375,2000.0,1400.0,2.0,3.307708998
1,5,off,316,325,0,9.663876,4.166834,0.209084,0.016541,5.192792,10.012876,23.0,4164.0,2.449541,2000.0,1400.0,2.0,5.497042
1,5,off,317,326,0,4.417,0.021,0.25495902,0.007125,4.062708,4.707959,23.0,4164.0,4.731291000000001,2000.0,1400.0,2.0,4.396
1,5,off,318,327,0,3.353667,0.049624998,0.270208,0.015,2.944,3.654709,23.0,4164.0,3.583875,2000.0,1400.0,2.0,3.304042002
1,5,off,319,328,0,7.491583,4.166666,0.289333,0.0175,2.942916,7.799458,23.0,4164.0,2.4861660000000003,2000.0,1400.0,2.0,3.324917
1,5,off,320,329,0,9.678667,4.234125,0.209542,0.017291,5.143708,9.973708,23.0,4164.0,2.452709,2000.0,1400.0,2.0,5.444542000000001
1,5,off,321,330,0,3.290334,0.022083001,0.255792,0.0076670004,2.935042,3.580708,23.0,4164.0,4.669084000000001,2000.0,1400.0,2.0,3.268250999
1,5,off,322,331,0,7.519083,4.23925,0.241,0.020541,2.948041,7.792667,23.0,4164.0,2.444791,2000.0,1400.0,2.0,3.279833
1,5,off,323,332,0,7.505375,4.080792,0.326209,0.016665999,3.0081248,7.802667,23.0,4164.0,2.483291,2000.0,1400.0,2.0,3.424583
1,5,off,324,333,0,7.291,4.1088753,0.217125,0.018208,2.873291,7.6194158,23.0,4164.0,2.4776249999999997,2000.0,1400.0,2.0,3.1821247
1,5,off,325,334,0,8.635041,4.11325,0.312583,0.018833,4.114916,8.927667,23.0,4164.0,2.450459,2000.0,1400.0,2.0,4.5217909999999994
1,5,off,326,335,0,4.363,0.021666,0.254917,0.0069170003,4.007625,4.659,23.0,4164.0,3.59225,2000.0,1400.0,2.0,4.341334000000001
1,5,off,327,336,0,4.498042,0.02275,0.27333298,0.0069170003,4.0783753,4.7896657,23.0,4164.0,3.5815420000000002,2000.0,1400.0,2.0,4.475292
1,5,off,328,337,0,4.3005843,0.024417,0.25062498,0.007208,3.9451249,4.618875,23.0,4164.0,3.5822089999999998,2000.0,1400.0,2.0,4.2761673
1,5,off,329,338,0,4.541792,0.02325,0.258042,0.006125,4.1834583,4.841792,23.0,4164.0,3.523625,2000.0,1400.0,2.0,4.518542
1,5,off,330,339,0,7.121958,0.024584,0.26566598,0.007166,6.749583,7.479333,23.0,4164.0,3.6778750000000002,2000.0,1400.0,2.0,7.097374
1,5,off,331,340,0,4.343,0.024959,0.24975,0.006166,3.992875,4.635333,23.0,4164.0,5.833791,2000.0,1400.0,2.0,4.318041
1,5,off,332,341,0,3.198125,0.023750002,0.256125,0.006375,2.84075,3.4950838,23.0,4164.0,3.474666,2000.0,1400.0,2.0,3.1743749980000002
1,5,off,333,342,0,7.463792,4.1779575,0.26491702,0.020208,2.9305,7.751625,23.0,4164.0,2.436375,2000.0,1400.0,2.0,3.2858345
1,5,off,334,343,0,8.481292,4.124459,0.217125,0.015875,4.046333,8.839125,23.0,4164.0,2.4005,2000.0,1400.0,2.0,4.356833
1,5,off,335,344,0,3.258833,0.025458999,0.251583,0.006542,2.905375,3.556625,23.0,4164.0,3.5845,2000.0,1400.0,2.0,3.233374001
1,5,off,336,345,0,8.714041,4.2070003,0.236291,0.018875,4.173583,9.000584,23.0,4164.0,2.4438340000000003,2000.0,1400.0,2.0,4.5070407
1,5,off,337,346,0,5.886666,0.022583,0.3615,0.008459,5.424125,6.174625,23.0,4164.0,3.7277500000000003,2000.0,1400.0,2.0,5.864083
1,5,off,338,347,0,4.375334,0.022875,0.259375,0.006708,4.0088754,4.674541,23.0,4164.0,4.745,2000.0,1400.0,2.0,4.352459
1,5,off,339,348,0,3.278625,0.0245,0.24641599,0.007042,2.9263341,3.574209,23.0,4164.0,3.5934589999999997,2000.0,1400.0,2.0,3.2541249999999997
1,5,off,340,349,0,7.482958,4.0544996,0.36124998,0.018542,2.974167,7.776875,23.0,4164.0,2.455667,2000.0,1400.0,2.0,3.4284584000000002
1,5,off,341,350,0,7.539875,4.148292,0.25854197,0.018000001,2.9980829,7.8185425,23.0,4164.0,2.461875,2000.0,1400.0,2.0,3.3915830000000007
1,5,off,342,351,0,15.911124,12.585542,0.248667,0.020833,2.9780838,16.190125,23.0,4164.0,2.456833,2000.0,1400.0,2.0,3.325581999999999
1,5,off,343,352,0,7.734125,4.346916,0.32004198,0.017459,2.978292,8.026667,23.0,4164.0,2.513916,2000.0,1400.0,2.0,3.3872089999999995
1,5,off,344,353,0,7.479667,4.1748333,0.24212499,0.019167,2.960833,7.782792,23.0,4164.0,2.453417,2000.0,1400.0,2.0,3.3048336999999997
1,5,off,345,354,0,7.520917,4.0987077,0.314375,0.016959,3.0168748,7.819542,23.0,4164.0,2.496042,2000.0,1400.0,2.0,3.4222092999999996
1,5,off,346,355,0,7.598958,4.3232503,0.21841599,0.020083,2.9550421,7.9586253,23.0,4164.0,2.4722910000000002,2000.0,1400.0,2.0,3.2757077
1,5,off,347,356,0,7.526416,4.1887918,0.239625,0.017208,3.002792,7.8252077,23.0,4164.0,2.487584,2000.0,1400.0,2.0,3.3376242000000005
1,5,off,348,357,0,7.447375,4.172584,0.26262498,0.018250002,2.9211671,7.7287498,23.0,4164.0,2.473,2000.0,1400.0,2.0,3.2747910000000005
1,5,off,349,358,0,7.477375,4.135458,0.282458,0.019041,2.963291,7.776167,23.0,4164.0,2.4529579999999997,2000.0,1400.0,2.0,3.3419170000000005
1,5,off,350,359,0,7.533458,4.2580423,0.291792,0.019875001,2.8904169,7.83325,23.0,4164.0,2.4405419999999998,2000.0,1400.0,2.0,3.275415700000001
1,5,off,351,360,0,7.519083,4.107875,0.243125,0.017417,3.043792,7.8432503,23.0,4164.0,2.458333,2000.0,1400.0,2.0,3.4112080000000002
1,5,off,352,361,0,7.359416,4.086167,0.32358402,0.019583,2.857291,7.6480002,23.0,4164.0,2.515583,2000.0,1400.0,2.0,3.2732490000000007
1,5,off,353,362,0,7.3937907,4.0742087,0.29237503,0.018542,2.936417,7.6912923,23.0,4164.0,2.435417,2000.0,1400.0,2.0,3.3195820000000005
1,5,off,354,363,0,8.484458,4.1195,0.216334,0.017959,4.055417,8.825584,23.0,4164.0,2.411916,2000.0,1400.0,2.0,4.364958
1,5,off,355,364,0,3.289667,0.022542002,0.256459,0.006833,2.933667,3.574125,23.0,4164.0,3.6176250000000003,2000.0,1400.0,2.0,3.2671249980000003
1,5,off,356,365,0,8.529041,4.099959,0.302167,0.0165,4.035666,8.814167,23.0,4164.0,2.449833,2000.0,1400.0,2.0,4.429081999999999
1,5,off,357,366,0,3.339042,0.028667001,0.279542,0.0075419997,2.9517078,3.677166,23.0,4164.0,3.601959,2000.0,1400.0,2.0,3.310374999
1,5,off,358,367,0,8.496875,4.0895424,0.352625,0.01925,3.961958,8.794834,23.0,4164.0,2.455417,2000.0,1400.0,2.0,4.407332599999999
1,5,off,359,368,0,3.2907078,0.022333,0.267792,0.007,2.921,3.5870838,23.0,4164.0,3.536,2000.0,1400.0,2.0,3.2683747999999997
1,5,off,360,369,0,8.540041,4.159834,0.26025,0.018542,4.027,8.831292,23.0,4164.0,2.450834,2000.0,1400.0,2.0,4.380207
1,6,off,121,132,0,5.472917,0.027417,0.2535,0.0065,5.1132092,5.772333,23.0,4164.0,4.702833,2000.0,1400.0,2.0,5.4455
1,6,off,122,133,0,5.511375,0.025709,0.263083,0.006542,5.142792,5.86,23.0,4164.0,4.596125000000001,2000.0,1400.0,2.0,5.485666
1,6,off,123,134,0,5.646542,0.023541002,0.26,0.0065,5.2877502,5.940625,23.0,4164.0,4.712667000000001,2000.0,1400.0,2.0,5.623000998
1,6,off,124,135,0,5.4605412,0.02675,0.256208,0.006125,5.100208,5.75575,23.0,4164.0,4.716333,2000.0,1400.0,2.0,5.4337912
1,6,off,125,136,0,4.469709,0.030333,0.263542,0.006959,4.0972924,4.8287077,23.0,4164.0,4.69375,2000.0,1400.0,2.0,4.439376
1,6,off,126,137,0,4.497334,0.028625,0.24870801,0.006792,4.140583,4.837875,23.0,4164.0,3.598542,2000.0,1400.0,2.0,4.4687090000000005
1,6,off,127,138,0,4.528291,0.025167001,0.251541,0.006209,4.1765413,4.813291,23.0,4164.0,3.723292,2000.0,1400.0,2.0,4.5031239990000005
1,6,off,128,139,0,5.5090833,0.030042,0.247542,0.00675,5.153,5.859083,23.0,4164.0,3.675209,2000.0,1400.0,2.0,5.4790413000000004
1,6,off,129,140,0,5.561792,0.029792,0.267,0.007292,5.1775002,5.9025826,23.0,4164.0,4.726625,2000.0,1400.0,2.0,5.532
1,6,off,130,141,0,5.572625,0.0265,0.26475,0.006667,5.2005,5.87575,23.0,4164.0,4.682417,2000.0,1400.0,2.0,5.546125
1,6,off,131,142,0,5.619625,0.025875,0.24,0.0069170003,5.2695827,5.945291,23.0,4164.0,4.774625,2000.0,1400.0,2.0,5.59375
1,6,off,132,143,0,5.495584,0.025542,0.250584,0.006708,5.14,5.807292,23.0,4164.0,4.761708,2000.0,1400.0,2.0,5.470042
1,6,off,133,144,0,6.839666,0.022541,0.230167,0.0065,6.509625,7.132916,23.0,4164.0,4.71275,2000.0,1400.0,2.0,6.817125
1,6,off,134,145,0,5.5606666,0.028375,0.243125,0.006667,5.190083,5.918584,23.0,4164.0,5.941166,2000.0,1400.0,2.0,5.532291600000001
1,6,off,135,146,0,5.5006657,0.022459,0.222875,0.006125,5.177166,5.7906246,23.0,4164.0,4.772875,2000.0,1400.0,2.0,5.4782067
1,6,off,136,147,0,5.471542,0.029625,0.240958,0.006666,5.120375,5.8382077,23.0,4164.0,4.724082999999999,2000.0,1400.0,2.0,5.441917
1,6,off,137,148,0,5.497875,0.023291001,0.22112499,0.006208,5.175333,5.78725,23.0,4164.0,4.706625,2000.0,1400.0,2.0,5.474583999
1,6,off,138,149,0,5.4835,0.023916,0.24529201,0.00675,5.134417,5.773333,23.0,4164.0,4.719416,2000.0,1400.0,2.0,5.459584
1,6,off,139,150,0,5.702334,0.022625,0.22874999,0.0069170003,5.3574166,5.984625,23.0,4164.0,4.697583,2000.0,1400.0,2.0,5.679709
1,6,off,140,151,0,5.804708,0.032792,0.51304096,0.007917,5.1800833,6.097333,23.0,4164.0,4.789084,2000.0,1400.0,2.0,5.771916
1,6,off,141,152,0,6.047041,0.054208003,0.41208398,0.017125,5.4874167,6.330625,23.0,4164.0,4.737709,2000.0,1400.0,2.0,5.992832997
1,6,off,142,153,0,5.618083,0.026333,0.254292,0.006292,5.259667,5.904625,23.0,4164.0,4.737125,2000.0,1400.0,2.0,5.59175
1,6,off,143,154,0,5.4760423,0.027625,0.24870801,0.00675,5.119625,5.767666,23.0,4164.0,4.813542,2000.0,1400.0,2.0,5.4484173
1,6,off,144,155,0,5.376625,0.026042,0.232209,0.006459,5.0413747,5.6722918,23.0,4164.0,4.63125,2000.0,1400.0,2.0,5.350582999999999
1,6,off,145,156,0,5.651166,0.033958,0.2505,0.00675,5.286292,6.007333,23.0,4164.0,4.653458,2000.0,1400.0,2.0,5.617208
1,6,off,146,157,0,5.526417,0.022875,0.228,0.006625,5.199,5.8119164,23.0,4164.0,4.731333,2000.0,1400.0,2.0,5.503542
1,6,off,147,158,0,5.6203337,0.028167,0.25829202,0.006875,5.252625,6.012917,23.0,4164.0,4.739625,2000.0,1400.0,2.0,5.5921667
1,6,off,148,159,0,5.460292,0.022832999,0.221792,0.007084,5.137042,5.752667,23.0,4164.0,4.7645,2000.0,1400.0,2.0,5.437459001
1,6,off,149,160,0,5.572417,0.025792,0.271875,0.005917,5.201292,5.858542,23.0,4164.0,4.6565829999999995,2000.0,1400.0,2.0,5.546625
1,6,off,150,161,0,5.4432907,0.025583,0.25625,0.006792,5.081333,5.741667,23.0,4164.0,4.725334,2000.0,1400.0,2.0,5.4177077
1,6,off,151,162,0,5.563,0.032083,0.22625001,0.0076249996,5.229334,5.851125,23.0,4164.0,4.685957999999999,2000.0,1400.0,2.0,5.530917
1,6,off,152,163,0,5.642292,0.027417,0.260625,0.007,5.273167,5.988083,23.0,4164.0,4.744875,2000.0,1400.0,2.0,5.6148750000000005
1,6,off,153,164,0,5.547541,0.026333,0.25112498,0.0060420004,5.194708,5.881875,23.0,4164.0,4.838625,2000.0,1400.0,2.0,5.521208
1,6,off,154,165,0,5.590041,0.023959002,0.24629201,0.006584,5.239791,5.957458,23.0,4164.0,4.709874999999999,2000.0,1400.0,2.0,5.5660819980000005
1,6,off,155,166,0,5.660625,0.024999999,0.234834,0.0065,5.323625,5.948125,23.0,4164.0,4.75025,2000.0,1400.0,2.0,5.635625000999999
1,6,off,156,167,0,6.563625,0.020875001,0.214834,0.006083,6.2496247,6.851333,23.0,4164.0,4.744333,2000.0,1400.0,2.0,6.542749999
1,6,off,157,168,0,6.691708,0.025542,0.262166,0.006292,6.3050833,6.97225,23.0,4164.0,5.854042000000001,2000.0,1400.0,2.0,6.6661660000000005
1,6,off,158,169,0,7.668167,0.021417,0.215167,0.006,7.3590827,7.9390826,23.0,4164.0,5.8495420000000005,2000.0,1400.0,2.0,7.646750000000001
1,6,off,159,170,0,4.3708754,0.02225,0.223125,0.0058750003,4.050875,4.653875,23.0,4164.0,6.964167000000001,2000.0,1400.0,2.0,4.3486254
1,6,off,160,171,0,5.596875,0.028583,0.344375,0.007417,5.1445003,5.931417,23.0,4164.0,3.6024999999999996,2000.0,1400.0,2.0,5.568292
1,6,off,161,172,0,4.414167,0.028541999,0.24954098,0.006333,4.059917,4.710292,23.0,4164.0,4.723332999999999,2000.0,1400.0,2.0,4.385625001
1,6,off,162,173,0,4.450625,0.02275,0.227459,0.005958,4.121583,4.751166,23.0,4164.0,3.5786659999999997,2000.0,1400.0,2.0,4.427874999999999
1,6,off,163,174,0,3.337708,0.025125,0.230666,0.006583,3.0042498,3.6197078,23.0,4164.0,3.6302079999999997,2000.0,1400.0,2.0,3.312583
1,6,off,164,175,0,5.517125,2.339583,0.21779199,0.014542,2.876791,5.791292,23.0,4164.0,2.4074999999999998,2000.0,1400.0,2.0,3.177542
1,6,off,165,176,0,5.1237087,1.825,0.269833,0.013042,2.945458,5.393958,23.0,4164.0,2.447084,2000.0,1400.0,2.0,3.2987086999999997
1,6,off,166,177,0,5.254167,1.9718341,0.258666,0.016083,2.938334,5.5246253,23.0,4164.0,2.4537920000000004,2000.0,1400.0,2.0,3.2823329
1,6,off,167,178,0,4.999417,1.620917,0.38275,0.01425,2.8941672,5.3500004,23.0,4164.0,2.471416,2000.0,1400.0,2.0,3.3785000000000003
1,6,off,168,179,0,5.1961246,1.908459,0.332875,0.012290999,2.871625,5.524958,23.0,4164.0,2.394041,2000.0,1400.0,2.0,3.2876656000000004
1,6,off,169,180,0,5.15025,1.8967919,0.24575001,0.0143329995,2.921666,5.4220834,23.0,4164.0,2.448792,2000.0,1400.0,2.0,3.2534580999999996
1,6,off,170,181,0,5.071917,1.8429581,0.253,0.013292001,2.892,5.353541,23.0,4164.0,2.420041,2000.0,1400.0,2.0,3.2289589000000003
1,6,off,171,182,0,5.267417,1.901042,0.333083,0.015833,2.9437091,5.556333,23.0,4164.0,2.480042,2000.0,1400.0,2.0,3.366375
1,6,off,172,183,0,5.010959,1.779458,0.260625,0.014708,2.884584,5.329708,23.0,4164.0,2.448083,2000.0,1400.0,2.0,3.2315009999999997
1,6,off,173,184,0,5.152667,1.871167,0.213333,0.0155420005,2.978334,5.441417,23.0,4164.0,2.48025,2000.0,1400.0,2.0,3.2815000000000003
1,6,off,174,185,0,5.0245423,1.6877921,0.261708,0.014541,2.989084,5.434792,23.0,4164.0,2.454833,2000.0,1400.0,2.0,3.3367502
1,6,off,175,186,0,5.364208,2.017334,0.296792,0.014625001,2.955291,5.6832924,23.0,4164.0,2.491375,2000.0,1400.0,2.0,3.3468739999999997
1,6,off,176,187,0,6.4145412,1.844834,0.243125,0.015333001,4.2414165,6.698792,23.0,4164.0,2.436208,2000.0,1400.0,2.0,4.5697072
1,6,off,177,188,0,5.278375,1.927042,0.326334,0.01425,2.937959,5.571791,23.0,4164.0,3.795166,2000.0,1400.0,2.0,3.3513329999999995
1,6,off,178,189,0,5.164084,1.856958,0.293291,0.016541,2.92225,5.46175,23.0,4164.0,2.441917,2000.0,1400.0,2.0,3.307126
1,6,off,179,190,0,5.150375,1.869708,0.227,0.013208,2.969,5.418958,23.0,4164.0,2.4857080000000003,2000.0,1400.0,2.0,3.280667
1,6,off,180,191,0,4.965209,1.8085,0.240833,0.012667,2.8321671,5.263084,23.0,4164.0,2.471125,2000.0,1400.0,2.0,3.1567089999999998
1,6,off,181,192,0,7.338334,1.748042,0.280375,0.01425,5.222458,7.663625,23.0,4164.0,2.4161669999999997,2000.0,1400.0,2.0,5.590292
1,6,off,182,193,0,5.298459,2.152792,0.22983299,0.014708,2.8314168,5.576375,23.0,4164.0,4.712584,2000.0,1400.0,2.0,3.1456670000000004
1,6,off,183,194,0,5.055542,1.7025,0.259542,0.015583,3.001625,5.430916,23.0,4164.0,2.364291,2000.0,1400.0,2.0,3.3530420000000003
1,6,off,184,195,0,5.20325,1.928166,0.24249999,0.012208,2.945792,5.511125,23.0,4164.0,2.447958,2000.0,1400.0,2.0,3.2750839999999997
1,6,off,185,196,0,6.32875,1.8323331,0.253041,0.017959,4.154625,6.610875,23.0,4164.0,2.49525,2000.0,1400.0,2.0,4.4964169
1,6,off,186,197,0,5.3293753,1.9978751,0.232958,0.020166,2.99825,5.6365004,23.0,4164.0,3.620084,2000.0,1400.0,2.0,3.3315002
1,6,off,187,198,0,5.456041,2.100291,0.257209,0.019,3.0032501,5.770625,23.0,4164.0,2.544083,2000.0,1400.0,2.0,3.35575
1,6,off,188,199,0,6.213334,1.780375,0.290917,0.015167,4.050875,6.50625,23.0,4164.0,2.486542,2000.0,1400.0,2.0,4.432958999999999
1,6,off,189,200,0,5.425584,1.896334,0.245542,0.012833,3.18375,5.733375,23.0,4164.0,3.5470829999999998,2000.0,1400.0,2.0,3.5292499999999998
1,6,off,190,201,0,5.0765,1.8641671,0.254292,0.015375,2.872583,5.360708,23.0,4164.0,2.477667,2000.0,1400.0,2.0,3.2123329000000003
1,6,off,191,202,0,7.427542,1.76825,0.296708,0.015333001,5.2667503,7.713708,23.0,4164.0,2.460208,2000.0,1400.0,2.0,5.659292
1,6,off,192,203,0,5.4154167,2.169917,0.223292,0.016333,2.935458,5.703541,23.0,4164.0,4.720875,2000.0,1400.0,2.0,3.2454997
1,6,off,193,204,0,5.237708,1.924708,0.262459,0.013583,2.963083,5.529209,23.0,4164.0,2.501084,2000.0,1400.0,2.0,3.3129999999999997
1,6,off,194,205,0,5.049875,1.819292,0.261958,0.014292,2.882167,5.33575,23.0,4164.0,2.4602500000000003,2000.0,1400.0,2.0,3.230583
1,6,off,195,206,0,7.705167,2.0644581,0.248667,0.017167,5.2982917,8.009958,23.0,4164.0,2.416084,2000.0,1400.0,2.0,5.6407089
1,6,off,196,207,0,5.651708,2.43475,0.243792,0.018833,2.880167,5.9501667,23.0,4164.0,4.755583,2000.0,1400.0,2.0,3.216958
1,6,off,197,208,0,5.087667,1.824417,0.26679102,0.013417001,2.914667,5.384083,23.0,4164.0,2.4459999999999997,2000.0,1400.0,2.0,3.2632499999999998
1,6,off,198,209,0,5.0495,1.787333,0.24854101,0.0136669995,2.9295838,5.3556666,23.0,4164.0,2.4205419999999997,2000.0,1400.0,2.0,3.262167
1,6,off,199,210,0,7.42375,1.6709591,0.38729098,0.015457999,5.274625,7.720583,23.0,4164.0,2.515417,2000.0,1400.0,2.0,5.7527909
1,6,off,200,211,0,5.342542,1.862625,0.508666,0.015875,2.8815,5.634958,23.0,4164.0,4.723583,2000.0,1400.0,2.0,3.479917
1,6,off,201,212,0,5.228292,1.90575,0.27091601,0.013792,2.9683752,5.5215,23.0,4164.0,2.436417,2000.0,1400.0,2.0,3.3225419999999994
1,6,off,202,213,0,4.926084,1.745458,0.336125,0.01575,2.759125,5.205,23.0,4164.0,2.4635,2000.0,1400.0,2.0,3.180626
1,6,off,203,214,0,5.080625,1.804917,0.2545,0.014958,2.924792,5.46625,23.0,4164.0,2.385041,2000.0,1400.0,2.0,3.2757080000000003
1,6,off,204,215,0,5.384834,2.055791,0.25625,0.016083,2.986292,5.675833,23.0,4164.0,2.433334,2000.0,1400.0,2.0,3.3290429999999995
1,6,off,205,216,0,5.138,1.8173339,0.270833,0.019708,2.9551249,5.436625,23.0,4164.0,2.503458,2000.0,1400.0,2.0,3.3206661
1,6,off,206,217,0,5.023792,1.727875,0.308791,0.013333,2.899417,5.38075,23.0,4164.0,2.4667920000000003,2000.0,1400.0,2.0,3.295917
1,6,off,207,218,0,5.250167,1.907125,0.262083,0.016167,2.9920409,5.530417,23.0,4164.0,2.4507090000000002,2000.0,1400.0,2.0,3.3430420000000005
1,6,off,208,219,0,4.937291,1.710583,0.326125,0.012958,2.817791,5.255209,23.0,4164.0,2.459334,2000.0,1400.0,2.0,3.2267080000000004
1,6,off,209,220,0,4.939875,1.670875,0.273209,0.015457999,2.910583,5.295125,23.0,4164.0,2.390708,2000.0,1400.0,2.0,3.2689999999999997
1,6,off,210,221,0,5.355083,2.144875,0.25691602,0.016959,2.862792,5.6878753,23.0,4164.0,2.428542,2000.0,1400.0,2.0,3.2102079999999997
1,6,off,211,222,0,6.255875,1.80825,0.23829201,0.01375,4.121875,6.547958,23.0,4164.0,2.434417,2000.0,1400.0,2.0,4.4476249999999995
1,6,off,212,223,0,6.323791,1.954708,0.264375,0.014792,4.010916,6.632666,23.0,4164.0,3.603459,2000.0,1400.0,2.0,4.369083
1,6,off,213,224,0,5.12625,1.886,0.30037498,0.016458,2.846959,5.506791,23.0,4164.0,3.554458,2000.0,1400.0,2.0,3.2402499999999996
1,6,off,214,225,0,5.259792,2.0332081,0.235791,0.016042,2.9038339,5.5545,23.0,4164.0,2.429125,2000.0,1400.0,2.0,3.2265839
1,6,off,215,226,0,5.125334,1.790542,0.273,0.020417,2.963542,5.4456663,23.0,4164.0,2.4582089999999996,2000.0,1400.0,2.0,3.3347919999999993
1,6,off,216,227,0,6.6324577,2.230416,0.252041,0.016874999,4.062375,6.993042,23.0,4164.0,2.463917,2000.0,1400.0,2.0,4.4020417
1,6,off,217,228,0,7.494208,1.937125,0.292458,0.015042,5.174792,7.790917,23.0,4164.0,3.6262920000000003,2000.0,1400.0,2.0,5.557083
1,6,off,218,229,0,5.3763747,2.170125,0.239291,0.01775,2.8725412,5.6498747,23.0,4164.0,4.662709,2000.0,1400.0,2.0,3.2062497000000003
1,6,off,219,230,0,5.1462083,1.811333,0.243791,0.012917,3.009208,5.420291,23.0,4164.0,2.453666,2000.0,1400.0,2.0,3.3348752999999993
1,6,off,220,231,0,4.942792,1.706625,0.309875,0.016167,2.838333,5.249708,23.0,4164.0,2.520292,2000.0,1400.0,2.0,3.236167
1,6,off,221,232,0,5.7558746,1.842041,0.260042,0.01475,3.561667,6.040042,23.0,4164.0,2.4255829999999996,2000.0,1400.0,2.0,3.9138336000000002
1,6,off,222,233,0,5.29425,2.048,0.249375,0.017583,2.908083,5.57475,23.0,4164.0,2.6037090000000003,2000.0,1400.0,2.0,3.24625
1,6,off,223,234,0,5.442125,2.0582922,0.23883401,0.0165,3.059709,5.757,23.0,4164.0,2.43775,2000.0,1400.0,2.0,3.3838328
1,6,off,224,235,0,5.22925,2.013,0.24425,0.016625,2.884583,5.5145,23.0,4164.0,2.538417,2000.0,1400.0,2.0,3.2162500000000005
1,6,off,225,236,0,5.0931253,1.827875,0.248458,0.015416999,2.930792,5.364167,23.0,4164.0,2.4555,2000.0,1400.0,2.0,3.2652503
1,6,off,226,237,0,5.092959,1.808167,0.26162502,0.04225,2.906584,5.377292,23.0,4164.0,2.452084,2000.0,1400.0,2.0,3.2847919999999995
1,6,off,227,238,0,5.1507497,1.800708,0.27383402,0.017874999,2.9874592,5.4449577,23.0,4164.0,2.4827500000000002,2000.0,1400.0,2.0,3.3500417000000002
1,6,off,228,239,0,5.111,1.799375,0.263625,0.016291,2.960792,5.401166,23.0,4164.0,2.503625,2000.0,1400.0,2.0,3.311625
1,6,off,229,240,0,5.0944586,1.801,0.269458,0.017292,2.934667,5.385333,23.0,4164.0,2.443542,2000.0,1400.0,2.0,3.2934586
1,6,off,230,241,0,5.15875,1.947375,0.261042,0.015917,2.860917,5.48275,23.0,4164.0,2.434042,2000.0,1400.0,2.0,3.2113750000000003
1,6,off,231,242,0,7.7445416,2.153833,0.275291,0.018417,5.224875,8.033584,23.0,4164.0,2.422125,2000.0,1400.0,2.0,5.590708599999999
1,6,off,232,243,0,7.819958,2.1082501,0.262125,0.026291,5.34725,8.116125,23.0,4164.0,4.678833,2000.0,1400.0,2.0,5.7117079
1,6,off,233,244,0,5.4007497,2.087584,0.249584,0.017833,2.9728332,5.73625,23.0,4164.0,4.7732909999999995,2000.0,1400.0,2.0,3.3131657000000003
1,6,off,234,245,0,4.965083,1.799708,0.26725,0.018459002,2.799667,5.236584,23.0,4164.0,2.450458,2000.0,1400.0,2.0,3.165375
1,6,off,235,246,0,5.4065,1.926167,0.251292,0.015042,3.070917,5.7202907,23.0,4164.0,2.3791670000000003,2000.0,1400.0,2.0,3.4803330000000003
1,6,off,236,247,0,5.018083,1.882459,0.232833,0.016415998,2.816,5.298,23.0,4164.0,2.562292,2000.0,1400.0,2.0,3.135624
1,6,off,237,248,0,7.401875,1.7717501,0.278125,0.0175,5.252458,7.69,23.0,4164.0,2.393792,2000.0,1400.0,2.0,5.6301249
1,6,off,238,249,0,6.428459,2.108959,0.23224999,0.015917,3.9983332,6.699333,23.0,4164.0,4.723,2000.0,1400.0,2.0,4.3195
1,6,off,239,250,0,5.292541,1.9883341,0.235708,0.016916,2.979667,5.575834,23.0,4164.0,3.569292,2000.0,1400.0,2.0,3.3042068999999996
1,6,off,240,251,0,5.324667,1.9311249,0.33904198,0.017665999,2.962333,5.6297083,23.0,4164.0,2.5055,2000.0,1400.0,2.0,3.3935421
1,6,off,241,252,0,6.283083,1.832,0.260292,0.016833,4.100292,6.561541,23.0,4164.0,2.4612499999999997,2000.0,1400.0,2.0,4.451083000000001
1,6,off,242,253,0,5.393333,2.096417,0.245042,0.015916001,2.966291,5.658167,23.0,4164.0,3.575375,2000.0,1400.0,2.0,3.296916
1,6,off,243,254,0,4.882083,1.780625,0.247791,0.012958,2.768708,5.224625,23.0,4164.0,2.497666,2000.0,1400.0,2.0,3.101458
1,6,off,244,255,0,5.2467084,2.1214159,0.24687499,0.01575,2.792042,5.527792,23.0,4164.0,2.350667,2000.0,1400.0,2.0,3.1252925
1,6,off,245,256,0,4.9639173,1.599083,0.32075,0.0165,2.9442499,5.33825,23.0,4164.0,2.418625,2000.0,1400.0,2.0,3.3648343
1,6,off,246,257,0,7.3624167,1.801625,0.256709,0.016459,5.2107077,7.665417,23.0,4164.0,2.442375,2000.0,1400.0,2.0,5.560791699999999
1,6,off,247,258,0,6.566167,2.061167,0.261791,0.014125001,4.156916,6.9030004,23.0,4164.0,4.748542,2000.0,1400.0,2.0,4.505
1,6,off,248,259,0,6.754375,1.969625,0.263125,0.017125,4.430959,7.0395827,23.0,4164.0,3.631417,2000.0,1400.0,2.0,4.78475
1,6,off,249,260,0,5.345166,2.163542,0.281333,0.015083999,2.8114579,5.6442504,23.0,4164.0,3.690166,2000.0,1400.0,2.0,3.181624
1,6,off,250,261,0,6.1678343,1.8375831,0.256583,0.015625,3.9864578,6.4476657,23.0,4164.0,2.325708,2000.0,1400.0,2.0,4.3302512
1,6,off,251,262,0,6.452042,1.969666,0.25408402,0.017583,4.139958,6.7399173,23.0,4164.0,3.612708,2000.0,1400.0,2.0,4.4823759999999995
1,6,off,252,263,0,6.287042,1.876583,0.287167,0.017042,4.030333,6.637125,23.0,4164.0,3.5994170000000003,2000.0,1400.0,2.0,4.4104589999999995
1,6,off,253,264,0,6.4305,1.9450411,0.26500002,0.014542,4.135292,6.72825,23.0,4164.0,3.600458,2000.0,1400.0,2.0,4.4854589
1,6,off,254,265,0,6.4632077,1.9977919,0.258834,0.0151659995,4.1063747,6.746625,23.0,4164.0,3.593625,2000.0,1400.0,2.0,4.4654158
1,6,off,255,266,0,6.444708,1.963875,0.244125,0.016,4.149833,6.742208,23.0,4164.0,3.673,2000.0,1400.0,2.0,4.4808330000000005
1,6,off,256,267,0,5.302958,1.939292,0.2655,0.014417,3.00875,5.600375,23.0,4164.0,3.609125,2000.0,1400.0,2.0,3.3636660000000003
1,6,off,257,268,0,6.244,1.809667,0.25775,0.015208,4.086041,6.5376253,23.0,4164.0,2.582667,2000.0,1400.0,2.0,4.434333
1,6,off,258,269,0,6.421041,2.057375,0.230334,0.017083999,4.044958,6.7137923,23.0,4164.0,3.565416,2000.0,1400.0,2.0,4.363666
1,6,off,259,270,0,7.40925,1.735958,0.27245802,0.016417,5.308208,7.9025,23.0,4164.0,3.617375,2000.0,1400.0,2.0,5.673292
1,6,off,260,271,0,6.55125,2.0777922,0.322209,0.037333,4.044834,6.816958,23.0,4164.0,4.707958,2000.0,1400.0,2.0,4.473457799999999
1,6,off,261,272,0,5.8432913,2.4998748,0.236958,0.018083999,3.0145829,6.1384997,23.0,4164.0,3.598291,2000.0,1400.0,2.0,3.3434164999999996
1,6,off,262,273,0,5.156375,1.947,0.253625,0.017541999,2.862584,5.47975,23.0,4164.0,2.513167,2000.0,1400.0,2.0,3.2093749999999996
1,6,off,263,274,0,6.294875,1.797542,0.26224998,0.016958,4.146458,6.578291,23.0,4164.0,2.4498749999999996,2000.0,1400.0,2.0,4.497333
1,6,off,264,275,0,5.123125,1.852667,0.271791,0.015167,2.902875,5.498291,23.0,4164.0,3.613334,2000.0,1400.0,2.0,3.2704579999999996
1,6,off,265,276,0,5.153083,1.784625,0.266834,0.014833,3.013333,5.4414577,23.0,4164.0,2.463333,2000.0,1400.0,2.0,3.3684579999999995
1,6,off,266,277,0,5.099375,1.796875,0.2655,0.013917,2.9521248,5.3882093,23.0,4164.0,2.475916,2000.0,1400.0,2.0,3.3025
1,6,off,267,278,0,6.824333,1.9613749,0.263542,0.0155420005,4.507541,7.182875,23.0,4164.0,2.496875,2000.0,1400.0,2.0,4.8629581
1,6,off,268,279,0,5.244542,2.092,0.24,0.014667,2.828625,5.569458,23.0,4164.0,3.578583,2000.0,1400.0,2.0,3.152542
1,6,off,269,280,0,5.1387076,1.796833,0.258,0.01675,2.9876251,5.4483747,23.0,4164.0,2.413708,2000.0,1400.0,2.0,3.3418746
1,6,off,270,281,0,5.152208,1.889167,0.256917,0.018834,2.914791,5.4863753,23.0,4164.0,2.454959,2000.0,1400.0,2.0,3.263041
1,6,off,271,282,0,5.4119167,2.077583,0.260916,0.019125,2.978584,5.708417,23.0,4164.0,2.45775,2000.0,1400.0,2.0,3.3343336999999997
1,6,off,272,283,0,5.169958,1.922208,0.232334,0.0155,2.9315002,5.4610844,23.0,4164.0,2.457042,2000.0,1400.0,2.0,3.2477500000000004
1,6,off,273,284,0,5.119667,1.76275,0.271208,0.015333001,2.9945002,5.4319997,23.0,4164.0,2.4881249999999997,2000.0,1400.0,2.0,3.3569169999999997
1,6,off,274,285,0,6.543791,1.8453751,0.237125,0.017833,4.371375,6.83625,23.0,4164.0,2.461709,2000.0,1400.0,2.0,4.6984159
1,6,off,275,286,0,5.351209,1.960708,0.25820798,0.015,3.043542,5.659666,23.0,4164.0,3.5873329999999997,2000.0,1400.0,2.0,3.390501
1,6,off,276,287,0,5.258625,1.9842919,0.292833,0.017125,2.888083,5.546666,23.0,4164.0,2.5470829999999998,2000.0,1400.0,2.0,3.2743331
1,6,off,277,288,0,7.347917,1.720791,0.290333,0.01475,5.2235413,7.67025,23.0,4164.0,2.4365419999999998,2000.0,1400.0,2.0,5.627126
1,6,off,278,289,0,5.344542,2.1200411,0.242208,0.014917,2.8957078,5.61625,23.0,4164.0,4.700667,2000.0,1400.0,2.0,3.2245009
1,6,off,279,290,0,6.588208,2.054167,0.28266698,0.018000001,4.158792,6.874375,23.0,4164.0,2.45575,2000.0,1400.0,2.0,4.534041
1,6,off,280,291,0,5.1677923,1.866292,0.287667,0.015042,2.929084,5.5081673,23.0,4164.0,3.637459,2000.0,1400.0,2.0,3.3015003000000003
1,6,off,281,292,0,6.274291,1.86125,0.26475,0.025542,4.0522504,6.583542,23.0,4164.0,2.404584,2000.0,1400.0,2.0,4.413041
1,6,off,282,293,0,5.159958,1.912458,0.242625,0.015416001,2.8894172,5.492125,23.0,4164.0,3.571667,2000.0,1400.0,2.0,3.2474999999999996
1,6,off,283,294,0,5.0872087,1.7863749,0.279333,0.0136669995,2.937166,5.392833,23.0,4164.0,2.466959,2000.0,1400.0,2.0,3.3008337999999995
1,6,off,284,295,0,5.01325,1.7430841,0.276334,0.016625,2.86075,5.303834,23.0,4164.0,2.448292,2000.0,1400.0,2.0,3.2701659000000003
1,6,off,285,296,0,5.487709,2.170375,0.2595,0.018792,2.969125,5.768458,23.0,4164.0,2.430875,2000.0,1400.0,2.0,3.317334
1,6,off,286,297,0,5.084458,1.9884999,0.26624998,0.014583,2.7453752,5.36575,23.0,4164.0,2.44475,2000.0,1400.0,2.0,3.0959581
1,6,off,287,298,0,5.139792,1.794584,0.269667,0.0155,2.986625,5.444417,23.0,4164.0,2.341208,2000.0,1400.0,2.0,3.345208
1,6,off,288,299,0,5.182458,1.946458,0.27629098,0.016542,2.87075,5.46225,23.0,4164.0,2.473083,2000.0,1400.0,2.0,3.2359999999999998
1,6,off,289,300,0,5.1852922,1.761958,0.28625,0.015125,3.0465,5.4909167,23.0,4164.0,2.453625,2000.0,1400.0,2.0,3.4233342
1,6,off,290,301,0,5.053584,1.8666669,0.259667,0.013917,2.843458,5.323792,23.0,4164.0,2.491125,2000.0,1400.0,2.0,3.1869170999999996
1,6,off,291,302,0,5.3032503,1.810625,0.340667,0.019375,3.0575001,5.672208,23.0,4164.0,2.4265,2000.0,1400.0,2.0,3.4926253000000003
1,6,off,292,303,0,4.956667,1.7565,0.268541,0.016334,2.839959,5.3069158,23.0,4164.0,2.5500420000000004,2000.0,1400.0,2.0,3.2001670000000004
1,6,off,293,304,0,6.4189577,1.889042,0.240458,0.014292,4.192709,6.6965,23.0,4164.0,2.437084,2000.0,1400.0,2.0,4.5299157
1,6,off,294,305,0,5.206209,2.028416,0.249375,0.016166,2.840209,5.4874167,23.0,4164.0,3.596334,2000.0,1400.0,2.0,3.1777930000000003
1,6,off,295,306,0,6.2923746,2.958,0.257458,0.018166,2.983083,6.588708,23.0,4164.0,2.462208,2000.0,1400.0,2.0,3.3343745999999994
1,6,off,296,307,0,5.2955422,1.987042,0.267667,0.018625,2.935917,5.628292,23.0,4164.0,2.466667,2000.0,1400.0,2.0,3.3085002
1,6,off,297,308,0,8.432918,1.731917,0.306208,0.016041,6.3013334,8.740709,23.0,4164.0,2.491625,2000.0,1400.0,2.0,6.701001000000001
1,6,off,298,309,0,6.763875,0.039750002,0.243334,0.007292,6.3865,7.048417,23.0,4164.0,5.792292,2000.0,1400.0,2.0,6.724124998
1,6,off,299,310,0,4.420083,0.026625,0.25958398,0.007042,4.0575,4.711458,23.0,4164.0,5.885583,2000.0,1400.0,2.0,4.393458
1,6,off,300,311,0,4.3074584,0.025416,0.258709,0.006334,3.9468338,4.606042,23.0,4164.0,3.5687919999999997,2000.0,1400.0,2.0,4.2820424
1,6,off,301,312,0,4.4572496,0.027,0.232417,0.007,4.1175,4.749125,23.0,4164.0,3.531875,2000.0,1400.0,2.0,4.4302496
1,6,off,302,313,0,4.4066668,0.022459,0.273625,0.006583,4.0345,4.677833,23.0,4164.0,3.644625,2000.0,1400.0,2.0,4.3842078
1,6,off,303,314,0,3.631166,0.027874999,0.336417,0.0065409997,3.053833,3.907416,23.0,4164.0,3.5824580000000004,2000.0,1400.0,2.0,3.603291001
1,6,off,304,315,0,4.442916,0.027,0.252916,0.006875,4.085334,4.7989173,23.0,4164.0,2.479708,2000.0,1400.0,2.0,4.415916
1,6,off,305,316,0,4.3972497,0.026375001,0.234625,0.006666,4.0579576,4.6780005,23.0,4164.0,3.648375,2000.0,1400.0,2.0,4.370874699
1,6,off,306,317,0,5.278583,0.027208,0.24712498,0.007,4.926958,5.5610003,23.0,4164.0,3.583333,2000.0,1400.0,2.0,5.251375
1,6,off,307,318,0,4.631542,0.049041998,0.27449998,0.016542,4.218875,4.913792,23.0,4164.0,4.5632090000000005,2000.0,1400.0,2.0,4.582500002
1,6,off,308,319,0,5.5532923,0.027083999,0.248792,0.0069170003,5.201167,5.838333,23.0,4164.0,3.6254999999999997,2000.0,1400.0,2.0,5.526208301
1,6,off,309,320,0,5.5160413,0.023667,0.234792,0.0062499996,5.184083,5.7888327,23.0,4164.0,4.771625,2000.0,1400.0,2.0,5.492374300000001
1,6,off,310,321,0,4.795167,0.031084001,0.434583,0.008125,4.0707083,5.098708,23.0,4164.0,4.734459,2000.0,1400.0,2.0,4.764082999
1,6,off,311,322,0,5.611416,0.027958,0.23425,0.006959,5.259708,5.896125,23.0,4164.0,3.623208,2000.0,1400.0,2.0,5.583458
1,6,off,312,323,0,5.403709,0.021417,0.2165,0.006458,5.0885,5.687166,23.0,4164.0,4.745,2000.0,1400.0,2.0,5.3822920000000005
1,6,off,313,324,0,5.5025,0.024582999,0.262083,0.006625,5.1378326,5.792,23.0,4164.0,4.702,2000.0,1400.0,2.0,5.477917001000001
1,6,off,314,325,0,5.450917,0.024959,0.231125,0.006375,5.1169157,5.7364163,23.0,4164.0,4.69925,2000.0,1400.0,2.0,5.425958
1,6,off,315,326,0,5.5621247,0.023292,0.22687499,0.0062499996,5.231833,5.862041,23.0,4164.0,4.757875,2000.0,1400.0,2.0,5.5388327
1,6,off,316,327,0,7.725583,0.025833,0.233875,0.006958,7.391958,7.99925,23.0,4164.0,4.774125,2000.0,1400.0,2.0,7.69975
1,6,off,317,328,0,4.4575,0.029000001,0.287292,0.005958,4.058708,4.771792,23.0,4164.0,7.003875,2000.0,1400.0,2.0,4.428499999
1,6,off,318,329,0,3.228334,0.03275,0.303584,0.007208,2.816375,3.514375,23.0,4164.0,3.583875,2000.0,1400.0,2.0,3.1955839999999998
1,6,off,319,330,0,4.3378754,0.022333,0.217833,0.0065,4.021917,4.63225,23.0,4164.0,2.419625,2000.0,1400.0,2.0,4.3155424
1,6,off,320,331,0,4.417541,0.026542,0.280708,0.006375,4.033625,4.71775,23.0,4164.0,3.5875,2000.0,1400.0,2.0,4.390999
1,6,off,321,332,0,5.6185,0.03175,0.268417,0.0076249996,5.236833,5.91825,23.0,4164.0,3.5917499999999998,2000.0,1400.0,2.0,5.58675
1,6,off,322,333,0,4.5361657,0.024959,0.307416,0.006459,4.1299996,4.821917,23.0,4164.0,4.754166,2000.0,1400.0,2.0,4.5112067
1,6,off,323,334,0,4.387875,0.025042,0.23575,0.006625,4.051708,4.675375,23.0,4164.0,3.739875,2000.0,1400.0,2.0,4.362833
1,6,off,324,335,0,4.406542,0.026457999,0.24583301,0.006125,4.053458,4.83975,23.0,4164.0,3.5842500000000004,2000.0,1400.0,2.0,4.380084001
1,6,off,325,336,0,4.514458,0.026083,0.227833,0.00575,4.182958,4.815625,23.0,4164.0,3.6316249999999997,2000.0,1400.0,2.0,4.4883750000000004
1,6,off,326,337,0,4.316,0.028958,0.25625,0.007084,3.9532502,4.610834,23.0,4164.0,3.611375,2000.0,1400.0,2.0,4.287042
1,6,off,327,338,0,4.504042,0.02275,0.252709,0.006959,4.1504583,4.7980423,23.0,4164.0,3.568875,2000.0,1400.0,2.0,4.481292
1,6,off,328,339,0,4.4902077,0.025917,0.226292,0.006833,4.160625,4.769792,23.0,4164.0,3.670625,2000.0,1400.0,2.0,4.4642907
1,6,off,329,340,0,5.596208,0.024167001,0.234583,0.006375,5.257833,5.893583,23.0,4164.0,3.6852080000000003,2000.0,1400.0,2.0,5.5720409989999995
1,6,off,330,341,0,4.515291,0.034792,0.283917,0.008792,4.11375,4.866375,23.0,4164.0,4.790417,2000.0,1400.0,2.0,4.480499
1,6,off,331,342,0,4.357667,0.027792001,0.24741699,0.006583,4.0082498,4.637,23.0,4164.0,3.662875,2000.0,1400.0,2.0,4.329874999
1,6,off,332,343,0,5.575583,0.027291,0.24716699,0.0065,5.2235003,5.8589168,23.0,4164.0,3.56375,2000.0,1400.0,2.0,5.548292
1,6,off,333,344,0,5.731708,0.026207998,0.263042,0.007,5.327667,6.0265827,23.0,4164.0,4.782375,2000.0,1400.0,2.0,5.705500002
1,6,off,334,345,0,5.536708,0.053291,0.295084,0.008583,5.106792,5.8310843,23.0,4164.0,4.818375,2000.0,1400.0,2.0,5.483417
1,6,off,335,346,0,6.075542,0.023791999,0.225458,0.006125,5.7498326,6.376292,23.0,4164.0,4.7064580000000005,2000.0,1400.0,2.0,6.051750001
1,6,off,336,347,0,5.431083,0.023542,0.228875,0.006083,5.10275,5.720375,23.0,4164.0,4.771208,2000.0,1400.0,2.0,5.407541
1,6,off,337,348,0,5.533583,0.026375001,0.256,0.0062499996,5.174708,5.823,23.0,4164.0,4.706791999999999,2000.0,1400.0,2.0,5.507207999
1,6,off,338,349,0,5.532667,0.02775,0.300833,0.006708,5.125542,5.836208,23.0,4164.0,4.715875,2000.0,1400.0,2.0,5.504917
1,6,off,339,350,0,5.576458,0.027042,0.23550001,0.00775,5.231958,5.871084,23.0,4164.0,4.705,2000.0,1400.0,2.0,5.549416
1,6,off,340,351,0,4.414542,0.046125,0.26999998,0.013459,4.009541,4.77175,23.0,4164.0,4.749625,2000.0,1400.0,2.0,4.368417
1,6,off,341,352,0,4.397791,0.024666,0.225208,0.006416,4.072708,4.688459,23.0,4164.0,3.564625,2000.0,1400.0,2.0,4.373125
1,6,off,342,353,0,5.690791,0.023582999,0.223667,0.005959,5.365834,5.979416,23.0,4164.0,3.5822499999999997,2000.0,1400.0,2.0,5.667208001
1,6,off,343,354,0,5.553792,0.023875,0.223667,0.007125,5.2295003,5.8492093,23.0,4164.0,4.642792,2000.0,1400.0,2.0,5.529916999999999
1,6,off,344,355,0,5.4963746,0.026084,0.240834,0.0073340004,5.154209,5.770708,23.0,4164.0,4.795125,2000.0,1400.0,2.0,5.4702906
1,6,off,345,356,0,5.528292,0.027834,0.23400001,0.0064169997,5.1914997,5.81475,23.0,4164.0,4.78925,2000.0,1400.0,2.0,5.500458
1,6,off,346,357,0,7.7215,0.022792,0.23441601,0.0062499996,7.387458,8.017792,23.0,4164.0,4.719458,2000.0,1400.0,2.0,7.698708
1,6,off,347,358,0,4.427917,0.028541,0.296208,0.006208,4.028042,4.7084584,23.0,4164.0,7.005375,2000.0,1400.0,2.0,4.399376
1,6,off,348,359,0,3.2150419,0.028791001,0.259917,0.006709,2.851917,3.488167,23.0,4164.0,3.582917,2000.0,1400.0,2.0,3.186250899
1,6,off,349,360,0,4.540125,0.026542,0.30954102,0.008207999,4.127542,4.807583,23.0,4164.0,2.454917,2000.0,1400.0,2.0,4.513583
1,6,off,350,361,0,6.4248333,0.025875,0.22025001,0.007,6.103125,6.694792,23.0,4164.0,3.638875,2000.0,1400.0,2.0,6.3989583
1,6,off,351,362,0,3.207125,0.021542,0.232167,0.006333,2.87925,3.492333,23.0,4164.0,5.701208,2000.0,1400.0,2.0,3.185583
1,6,off,352,363,0,5.714833,2.119167,0.24495801,0.02,3.2581248,5.998667,23.0,4164.0,2.4380830000000002,2000.0,1400.0,2.0,3.5956659999999996
1,6,off,353,364,0,5.249375,1.861708,0.263125,0.016916,2.983292,5.537333,23.0,4164.0,2.468584,2000.0,1400.0,2.0,3.3876669999999995
1,6,off,354,365,0,5.005541,1.76325,0.285375,0.015333001,2.86725,5.308916,23.0,4164.0,2.471416,2000.0,1400.0,2.0,3.242291
1,6,off,355,366,0,5.109667,1.755875,0.295167,0.017083,2.968458,5.40325,23.0,4164.0,2.421417,2000.0,1400.0,2.0,3.353792
1,6,off,356,367,0,5.026416,1.747458,0.293375,0.01675,2.893291,5.326208,23.0,4164.0,2.4663329999999997,2000.0,1400.0,2.0,3.2789580000000003
1,6,off,357,368,0,5.3547916,2.0215409,0.256167,0.017292,2.9851658,5.647917,23.0,4164.0,2.451125,2000.0,1400.0,2.0,3.3332507000000002
1,6,off,358,369,0,5.657959,2.107041,0.273875,0.019167,3.187125,5.940875,23.0,4164.0,2.4632500000000004,2000.0,1400.0,2.0,3.550918
1,6,off,359,370,0,7.842792,1.921959,0.283625,0.03175,5.5213337,8.156125,23.0,4164.0,2.7698750000000003,2000.0,1400.0,2.0,5.920833
1,6,off,360,371,0,4.4397078,0.024958001,0.26558402,0.007042,4.0681252,4.81275,23.0,4164.0,4.744625,2000.0,1400.0,2.0,4.414749799
1,7,on,121,129,1,7.895166,4.6140423,0.25375003,0.019082999,2.9285002,8.181292,23.0,4164.0,2.391959,2000.0,1400.0,2.0,3.2811236999999993
1,7,on,122,130,0,7.865208,4.5973754,0.245,0.022,2.9225419,8.161918,23.0,4164.0,2.429417,2000.0,1400.0,2.0,3.2678326
1,7,on,123,131,1,8.194667,4.641333,0.2295,0.019541,3.226959,8.485126,23.0,4164.0,2.412625,2000.0,1400.0,2.0,3.5533340000000004
1,7,on,124,132,0,4.801042,0.268375,0.285166,0.013583,4.144958,5.154708,23.0,4164.0,2.5171249999999996,2000.0,1400.0,2.0,4.532667
1,7,on,125,133,1,4.747917,0.24212499,0.26116702,0.008792,4.1497087,5.108708,23.0,4164.0,3.627042,2000.0,1400.0,2.0,4.50579201
1,7,on,126,134,0,3.5310001,0.217834,0.28887498,0.013583,2.9248748,3.867,23.0,4164.0,3.584875,2000.0,1400.0,2.0,3.3131661
1,7,on,127,135,1,7.87525,4.583375,0.24979098,0.018334,2.946166,8.174001,23.0,4164.0,2.4390829999999997,2000.0,1400.0,2.0,3.291875
1,7,on,128,136,0,7.9624996,4.630084,0.24804199,0.019916,2.982083,8.249582,23.0,4164.0,2.438333,2000.0,1400.0,2.0,3.3324156
1,7,on,129,137,1,11.390917,4.5265,0.37,0.017541999,6.401333,11.673167,23.0,4164.0,2.464875,2000.0,1400.0,2.0,6.8644169999999995
1,7,on,130,138,0,3.8825002,0.528708,0.267,0.009000001,2.9895842,4.204875,23.0,4164.0,5.864959000000001,2000.0,1400.0,2.0,3.3537922
1,7,on,131,139,1,3.624917,0.22445899,0.3515,0.016125,2.946458,3.924292,23.0,4164.0,2.4732920000000003,2000.0,1400.0,2.0,3.40045801
1,7,on,132,140,0,7.949208,4.513875,0.28491598,0.018667001,3.048709,8.313333,23.0,4164.0,2.445333,2000.0,1400.0,2.0,3.435333
1,7,on,133,141,1,3.572833,0.22725,0.282625,0.0098749995,2.961417,3.9340003,23.0,4164.0,2.452584,2000.0,1400.0,2.0,3.345583
1,7,on,134,142,0,10.1901655,4.496583,0.348042,0.018458,5.2435412,10.498333,23.0,4164.0,2.4636660000000004,2000.0,1400.0,2.0,5.693582500000001
1,7,on,135,143,1,5.946,0.306167,0.2535,0.014583,5.2471666,6.235083,23.0,4164.0,4.7420420000000005,2000.0,1400.0,2.0,5.639832999999999
1,7,on,136,144,0,4.753458,0.311417,0.278166,0.013541999,4.035417,5.025541,23.0,4164.0,4.721125,2000.0,1400.0,2.0,4.442041000000001
1,7,on,137,145,1,3.630041,0.314709,0.288917,0.01275,2.923625,3.988708,23.0,4164.0,3.567125,2000.0,1400.0,2.0,3.3153319999999997
1,7,on,138,146,0,10.266667,4.6393332,0.25041702,0.018333,5.273833,10.540208,23.0,4164.0,2.435417,2000.0,1400.0,2.0,5.6273338
1,7,on,139,147,1,3.654084,0.26791602,0.2785,0.0085,3.004625,4.001709,23.0,4164.0,4.766542,2000.0,1400.0,2.0,3.38616798
1,7,on,140,148,0,7.9049997,4.578875,0.273166,0.020125,2.95325,8.191584,23.0,4164.0,2.4249169999999998,2000.0,1400.0,2.0,3.3261247000000003
1,7,on,141,149,1,7.8976655,4.513959,0.33629102,0.01875,2.930584,8.197584,23.0,4164.0,2.4524999999999997,2000.0,1400.0,2.0,3.3837064999999997
1,7,on,142,150,0,7.919875,4.5990834,0.259208,0.018417,2.9602082,8.20875,23.0,4164.0,2.3762499999999998,2000.0,1400.0,2.0,3.3207916000000006
1,7,on,143,151,1,9.143667,4.567834,0.33441702,0.018708,4.1452503,9.441042,23.0,4164.0,2.446042,2000.0,1400.0,2.0,4.575833
1,7,on,144,152,0,3.265708,0.047375,0.27737498,0.0079580005,2.845292,3.833208,23.0,4164.0,3.599167,2000.0,1400.0,2.0,3.218333
1,7,on,145,153,1,9.13125,4.6193748,0.253292,0.020375,4.156875,9.405166,23.0,4164.0,2.3838340000000002,2000.0,1400.0,2.0,4.5118751999999995
1,7,on,146,154,0,3.564917,0.219708,0.294333,0.007083,2.9565,3.929459,23.0,4164.0,3.600541,2000.0,1400.0,2.0,3.345209
1,7,on,147,155,1,9.168,4.621167,0.25041598,0.02025,4.1980834,9.458,23.0,4164.0,2.471375,2000.0,1400.0,2.0,4.5468329999999995
1,7,on,148,156,0,3.623042,0.26595902,0.278959,0.013541999,2.9487078,3.9228332,23.0,4164.0,3.602666,2000.0,1400.0,2.0,3.35708298
1,7,on,149,157,1,10.196083,4.5428333,0.242458,0.020083,5.303959,10.557416,23.0,4164.0,2.4598329999999997,2000.0,1400.0,2.0,5.6532497
1,7,on,150,158,0,3.6304579,0.274167,0.268875,0.009375,2.989542,3.986584,23.0,4164.0,4.759917,2000.0,1400.0,2.0,3.3562909000000003
1,7,on,151,159,1,10.233335,4.626625,0.24425,0.021,5.262042,10.525709,23.0,4164.0,2.510792,2000.0,1400.0,2.0,5.6067100000000005
1,7,on,152,160,0,3.699791,0.276,0.273917,0.007209,3.03075,3.994667,23.0,4164.0,4.743333,2000.0,1400.0,2.0,3.4237909999999996
1,7,on,153,161,1,9.301833,4.656625,0.269917,0.019833,4.270792,9.590667,23.0,4164.0,2.539083,2000.0,1400.0,2.0,4.645208
1,7,on,154,162,0,3.657125,0.307792,0.272625,0.014542,2.954166,3.931542,23.0,4164.0,3.6519999999999997,2000.0,1400.0,2.0,3.349333
1,7,on,155,163,1,9.328334,4.6682076,0.240042,0.021042,4.321,9.597209,23.0,4164.0,2.442334,2000.0,1400.0,2.0,4.6601264
1,7,on,156,164,0,3.631334,0.229458,0.290583,0.007709,3.016333,3.9897501,23.0,4164.0,3.7013749999999996,2000.0,1400.0,2.0,3.4018759999999997
1,7,on,157,165,1,10.198,4.271417,0.6265,0.018541,5.2033334,10.487375,23.0,4164.0,2.505584,2000.0,1400.0,2.0,5.926583000000001
1,7,on,158,166,0,3.636292,0.326792,0.24749999,0.008375,2.973083,3.945584,23.0,4164.0,4.756791,2000.0,1400.0,2.0,3.3095
1,7,on,159,167,1,10.153999,4.638542,0.24175,0.0185,5.176792,10.43725,23.0,4164.0,2.4794579999999997,2000.0,1400.0,2.0,5.5154570000000005
1,7,on,160,168,0,4.812625,0.271708,0.292584,0.008625,4.130125,5.1013746,23.0,4164.0,4.65825,2000.0,1400.0,2.0,4.540916999999999
1,7,on,161,169,1,5.8457503,0.248125,0.270875,0.0082910005,5.2288327,6.199916,23.0,4164.0,3.6427080000000003,2000.0,1400.0,2.0,5.5976253
1,7,on,162,170,0,4.875583,0.30612502,0.260542,0.00875,4.206459,5.178125,23.0,4164.0,4.737042000000001,2000.0,1400.0,2.0,4.56945798
1,7,on,163,171,1,4.7299166,0.231125,0.285417,0.014625001,4.110417,5.088209,23.0,4164.0,3.551542,2000.0,1400.0,2.0,4.498791600000001
1,7,on,164,172,0,4.739916,0.268042,0.2615,0.008875,4.115583,5.092,23.0,4164.0,3.6098329999999996,2000.0,1400.0,2.0,4.471874
1,7,on,165,173,1,4.744291,0.270041,0.264416,0.014584,4.1054173,5.09275,23.0,4164.0,3.605708,2000.0,1400.0,2.0,4.47425
1,7,on,166,174,0,4.834375,0.317166,0.261375,0.014,4.1509576,5.143042,23.0,4164.0,3.583875,2000.0,1400.0,2.0,4.517208999999999
1,7,on,167,175,1,4.759666,0.28158298,0.267375,0.008541999,4.112708,5.1151667,23.0,4164.0,3.634209,2000.0,1400.0,2.0,4.478083020000001
1,7,on,168,176,0,4.769875,0.295042,0.282917,0.0085,4.087791,5.093542,23.0,4164.0,3.597458,2000.0,1400.0,2.0,4.474833
1,7,on,169,177,1,3.749583,0.36804098,0.275958,0.009958,3.000209,4.08725,23.0,4164.0,3.5910830000000002,2000.0,1400.0,2.0,3.38154202
1,7,on,170,178,0,3.584,0.28825,0.266958,0.015125,2.923125,3.927459,23.0,4164.0,2.480584,2000.0,1400.0,2.0,3.29575
1,7,on,171,179,1,7.92575,4.581958,0.26329198,0.020833,2.978541,8.21629,23.0,4164.0,2.4358750000000002,2000.0,1400.0,2.0,3.3437919999999997
1,7,on,172,180,0,9.105292,4.602375,0.265041,0.018709,4.1375003,9.399167,23.0,4164.0,2.4787500000000002,2000.0,1400.0,2.0,4.502917
1,7,on,173,181,1,4.702208,0.241375,0.31120798,0.013541999,4.048125,5.056833,23.0,4164.0,3.610167,2000.0,1400.0,2.0,4.460833
1,7,on,174,182,0,3.602583,0.27445897,0.274083,0.01425,2.950792,3.910625,23.0,4164.0,3.563125,2000.0,1400.0,2.0,3.32812403
1,7,on,175,183,1,7.909167,4.6514997,0.233375,0.019333,2.929333,8.197249,23.0,4164.0,2.449625,2000.0,1400.0,2.0,3.2576673000000005
1,7,on,176,184,0,8.034917,4.760792,0.2155,0.022292001,2.962125,8.30575,23.0,4164.0,2.436209,2000.0,1400.0,2.0,3.2741249999999997
1,7,on,177,185,1,4.742083,0.267708,0.271792,0.009000001,4.060584,5.045125,23.0,4164.0,2.454959,2000.0,1400.0,2.0,4.474375
1,7,on,178,186,0,3.554625,0.258167,0.27650002,0.009083,2.9173331,3.900541,23.0,4164.0,3.560333,2000.0,1400.0,2.0,3.2964580000000003
1,7,on,179,187,1,9.145334,4.632291,0.244458,0.021792,4.1670833,9.436833,23.0,4164.0,2.4355,2000.0,1400.0,2.0,4.513043
1,7,on,180,188,0,4.4541254,0.238291,0.24162501,0.006709,3.880917,4.812125,23.0,4164.0,3.640458,2000.0,1400.0,2.0,4.215834399999999
1,7,on,181,189,1,5.878375,0.2875,0.260167,0.01425,5.217333,6.192958,23.0,4164.0,3.417666,2000.0,1400.0,2.0,5.5908750000000005
1,7,on,182,190,0,4.774667,0.293125,0.272208,0.008207999,4.0955,5.064,23.0,4164.0,4.736459,2000.0,1400.0,2.0,4.481542
1,7,on,183,191,1,3.5931659,0.24604201,0.285084,0.014958,2.934,3.9948752,23.0,4164.0,3.599292,2000.0,1400.0,2.0,3.3471238899999998
1,7,on,184,192,0,7.897208,4.564709,0.25408402,0.020625,2.9763331,8.202043,23.0,4164.0,2.4321669999999997,2000.0,1400.0,2.0,3.3324990000000003
1,7,on,185,193,1,7.930958,4.615375,0.23362501,0.0175,2.983792,8.222417,23.0,4164.0,2.4703749999999998,2000.0,1400.0,2.0,3.315583
1,7,on,186,194,0,8.023833,4.5605826,0.29299998,0.019499999,3.0405831,8.319708,23.0,4164.0,2.449166,2000.0,1400.0,2.0,3.4632503999999997
1,7,on,187,195,1,3.637375,0.264167,0.2845,0.008209,2.960542,3.938625,23.0,4164.0,2.502167,2000.0,1400.0,2.0,3.373208
1,7,on,188,196,0,7.9245,4.6064167,0.255,0.020957999,2.9606662,8.217999,23.0,4164.0,2.468083,2000.0,1400.0,2.0,3.3180833000000005
1,7,on,189,197,1,7.8885827,4.611958,0.26,0.02025,2.917666,8.178041,23.0,4164.0,2.455041,2000.0,1400.0,2.0,3.2766247
1,7,on,190,198,0,7.925583,4.608709,0.248625,0.018542,2.972875,8.223625,23.0,4164.0,2.4211660000000004,2000.0,1400.0,2.0,3.3168739999999994
1,7,on,191,199,1,9.121792,4.5686665,0.321583,0.019333,4.137792,9.404791,23.0,4164.0,2.4637079999999996,2000.0,1400.0,2.0,4.553125499999999
1,7,on,192,200,0,3.505083,0.27004197,0.27433398,0.009416,2.846084,3.8223329,23.0,4164.0,3.613916,2000.0,1400.0,2.0,3.23504103
1,7,on,193,201,1,9.077374,4.6148753,0.262167,0.020583,4.100625,9.364292,23.0,4164.0,2.364416,2000.0,1400.0,2.0,4.462498700000001
1,7,on,194,202,0,3.859833,0.265125,0.276541,0.008875,3.2124999,4.192833,23.0,4164.0,3.5681670000000003,2000.0,1400.0,2.0,3.5947080000000002
1,7,on,195,203,1,4.801875,0.252959,0.267667,0.0075,4.184208,5.1575828,23.0,4164.0,2.623958,2000.0,1400.0,2.0,4.548916
1,7,on,196,204,0,4.781792,0.271,0.266583,0.009458999,4.136208,5.0941668,23.0,4164.0,3.689125,2000.0,1400.0,2.0,4.510792
1,7,on,197,205,1,3.543708,0.324791,0.270875,0.0072910003,2.858791,3.827084,23.0,4164.0,3.5044999999999997,2000.0,1400.0,2.0,3.2189170000000003
1,7,on,198,206,0,7.9557076,4.602791,0.264833,0.020707998,2.968875,8.240583,23.0,4164.0,2.4455,2000.0,1400.0,2.0,3.3529166000000004
1,7,on,199,207,1,10.308001,4.6002502,0.25233302,0.021125,5.344458,10.601042,23.0,4164.0,2.4544580000000003,2000.0,1400.0,2.0,5.707750800000001
1,7,on,200,208,0,4.817333,0.287708,0.283125,0.012917,4.102375,5.084125,23.0,4164.0,4.808708,2000.0,1400.0,2.0,4.529624999999999
1,7,on,201,209,1,3.7997918,0.327083,0.26299998,0.014375,3.111333,4.137625,23.0,4164.0,3.570334,2000.0,1400.0,2.0,3.4727088
1,7,on,202,210,0,5.949458,0.309417,0.266416,0.007834,5.2817082,6.2617083,23.0,4164.0,2.4606250000000003,2000.0,1400.0,2.0,5.640041
1,7,on,203,211,1,4.829875,0.326,0.305417,0.008583,4.073166,5.122125,23.0,4164.0,4.7732920000000005,2000.0,1400.0,2.0,4.503875000000001
1,7,on,204,212,0,3.628042,0.297208,0.274291,0.008583,2.936292,3.9176672,23.0,4164.0,3.573625,2000.0,1400.0,2.0,3.3308340000000003
1,7,on,205,213,1,9.129042,4.615583,0.2535,0.016583001,4.1637917,9.408625,23.0,4164.0,2.4503749999999997,2000.0,1400.0,2.0,4.513459
1,7,on,206,214,0,3.622125,0.271584,0.27295798,0.0135,2.974334,3.9439168,23.0,4164.0,3.6449160000000003,2000.0,1400.0,2.0,3.350541
1,7,on,207,215,1,9.053084,4.619709,0.24766698,0.019958,4.080708,9.34825,23.0,4164.0,2.4935,2000.0,1400.0,2.0,4.433375
1,7,on,208,216,0,5.423,0.617625,0.262167,0.010791,4.425416,5.708125,23.0,4164.0,3.577125,2000.0,1400.0,2.0,4.805375
1,7,on,209,217,1,3.590334,0.252375,0.269167,0.0085,2.9640832,3.9320838,23.0,4164.0,3.789208,2000.0,1400.0,2.0,3.3379589999999997
1,7,on,210,218,0,7.5369577,4.140916,0.273292,0.017584,3.0195842,8.275374,23.0,4164.0,2.4594579999999997,2000.0,1400.0,2.0,3.3960417000000005
1,7,on,211,219,1,10.121833,4.526208,0.27333298,0.018083999,5.2193327,10.472333,23.0,4164.0,2.518459,2000.0,1400.0,2.0,5.595625000000001
1,7,on,212,220,0,3.640417,0.33941698,0.255125,0.013292001,2.927833,3.9133751,23.0,4164.0,4.729833999999999,2000.0,1400.0,2.0,3.30100002
1,7,on,213,221,1,8.0078745,4.654917,0.230416,0.018625,3.026833,8.284333,23.0,4164.0,2.442708,2000.0,1400.0,2.0,3.3529574999999996
1,7,on,214,222,0,7.8677497,4.620333,0.239625,0.018833,2.914,8.148333,23.0,4164.0,2.481292,2000.0,1400.0,2.0,3.2474167000000005
1,7,on,215,223,1,10.358708,4.6878333,0.248833,0.020792,5.31,10.6832075,23.0,4164.0,2.4015,2000.0,1400.0,2.0,5.6708747
1,7,on,216,224,0,3.717334,0.294917,0.283667,0.009041,3.0187502,4.010458,23.0,4164.0,4.776416,2000.0,1400.0,2.0,3.4224170000000003
1,7,on,217,225,1,10.280625,4.628708,0.244708,0.018375,5.3084173,10.575375,23.0,4164.0,2.52225,2000.0,1400.0,2.0,5.651917000000001
1,7,on,218,226,0,3.636375,0.30216601,0.257167,0.015625,2.971334,3.9507499,23.0,4164.0,4.782375,2000.0,1400.0,2.0,3.33420899
1,7,on,219,227,1,7.944625,4.61025,0.244875,0.019333,2.9930422,8.241084,23.0,4164.0,2.461792,2000.0,1400.0,2.0,3.3343750000000005
1,7,on,220,228,0,7.919833,4.608334,0.26016602,0.017874999,2.955,8.206459,23.0,4164.0,2.458125,2000.0,1400.0,2.0,3.3114989999999995
1,7,on,221,229,1,11.343166,4.485209,0.397625,0.018417,6.356542,11.623124,23.0,4164.0,2.449333,2000.0,1400.0,2.0,6.857957
1,7,on,222,230,0,7.07225,0.303,0.275833,0.013541,6.365459,7.414417,23.0,4164.0,5.862875,2000.0,1400.0,2.0,6.76925
1,7,on,223,231,1,5.948667,0.3255,0.26,0.008916,5.26475,6.255709,23.0,4164.0,5.892208,2000.0,1400.0,2.0,5.6231670000000005
1,7,on,224,232,0,3.727,0.306542,0.26495802,0.008708,3.050417,4.042042,23.0,4164.0,4.754875,2000.0,1400.0,2.0,3.420458
1,7,on,225,233,1,4.7581663,0.298916,0.26508301,0.008292,4.073584,5.0464997,23.0,4164.0,2.550834,2000.0,1400.0,2.0,4.4592503
1,7,on,226,234,0,3.596834,0.255416,0.28375,0.014584,2.9542499,3.926917,23.0,4164.0,3.5837909999999997,2000.0,1400.0,2.0,3.341418
1,7,on,227,235,1,9.088708,4.5733747,0.231667,0.020334,4.179041,9.435207,23.0,4164.0,2.448084,2000.0,1400.0,2.0,4.515333300000001
1,7,on,228,236,0,3.545417,0.21779199,0.277416,0.014833,2.942083,3.9198747,23.0,4164.0,3.648542,2000.0,1400.0,2.0,3.32762501
1,7,on,229,237,1,7.9493747,4.644542,0.251041,0.019834,2.951458,8.231125,23.0,4164.0,2.450042,2000.0,1400.0,2.0,3.3048326999999995
1,7,on,230,238,0,7.87,4.551625,0.26558402,0.020334,2.950667,8.227541,23.0,4164.0,2.448542,2000.0,1400.0,2.0,3.3183750000000005
1,7,on,231,239,1,7.897292,4.607708,0.26825002,0.020083,2.920125,8.185625,23.0,4164.0,2.426708,2000.0,1400.0,2.0,3.2895840000000005
1,7,on,232,240,0,8.012583,4.540708,0.34991702,0.020292,3.0233328,8.2965,23.0,4164.0,2.4449170000000002,2000.0,1400.0,2.0,3.471874999999999
1,7,on,233,241,1,3.627625,0.234292,0.276,0.014625001,3.006667,3.971458,23.0,4164.0,2.5201249999999997,2000.0,1400.0,2.0,3.393333
1,7,on,234,242,0,7.960167,4.62325,0.25379202,0.018625,2.986917,8.258959,23.0,4164.0,2.500666,2000.0,1400.0,2.0,3.3369170000000006
1,7,on,235,243,1,9.140917,4.587833,0.272708,0.018208,4.183833,9.426875,23.0,4164.0,2.471625,2000.0,1400.0,2.0,4.553084
1,7,on,236,244,0,4.6195,0.219208,0.259334,0.0069170003,4.047875,4.992084,23.0,4164.0,3.665125,2000.0,1400.0,2.0,4.400292
1,7,on,237,245,1,3.6016252,0.182833,0.35020798,0.014,2.961708,3.902583,23.0,4164.0,3.568333,2000.0,1400.0,2.0,3.4187922
1,7,on,238,246,0,7.8546247,4.6021247,0.248458,0.017917,2.90825,8.149167,23.0,4164.0,2.4420840000000004,2000.0,1400.0,2.0,3.2524999999999995
1,7,on,239,247,1,10.179791,4.5803747,0.260333,0.019499999,5.226625,10.491416,23.0,4164.0,2.385,2000.0,1400.0,2.0,5.5994163
1,7,on,240,248,0,6.2601666,0.244917,0.29375,0.007833,5.622459,6.5839996,23.0,4164.0,4.769042000000001,2000.0,1400.0,2.0,6.0152496
1,7,on,241,249,1,5.855667,0.27754098,0.256375,0.0075419997,5.22125,6.187,23.0,4164.0,4.720417,2000.0,1400.0,2.0,5.57812602
1,7,on,242,250,0,6.931625,0.243875,0.255708,0.014334001,6.32675,7.266,23.0,4164.0,4.717542,2000.0,1400.0,2.0,6.68775
1,7,on,243,251,1,7.093166,0.34570798,0.255833,0.015042,6.398708,7.376666,23.0,4164.0,5.816125,2000.0,1400.0,2.0,6.74745802
1,7,on,244,252,0,3.5365,0.222583,0.2785,0.007375,2.947917,3.9166667,23.0,4164.0,5.881,2000.0,1400.0,2.0,3.313917
1,7,on,245,253,1,10.126583,4.561792,0.282,0.015292,5.183625,10.427084,23.0,4164.0,2.45975,2000.0,1400.0,2.0,5.5647910000000005
1,7,on,246,254,0,3.5439582,0.24212499,0.279625,0.007791,2.9237092,3.8747501,23.0,4164.0,4.6730410000000004,2000.0,1400.0,2.0,3.30183321
1,7,on,247,255,1,10.616959,4.5887923,0.25554198,0.065125,5.6254997,10.894042,23.0,4164.0,2.4446670000000004,2000.0,1400.0,2.0,6.0281667
1,7,on,248,256,0,3.633917,0.276167,0.282333,0.008416,2.95075,3.9275837,23.0,4164.0,4.750292,2000.0,1400.0,2.0,3.35775
1,7,on,249,257,1,10.167749,4.4871664,0.306292,0.017874999,5.273292,10.502291,23.0,4164.0,2.471375,2000.0,1400.0,2.0,5.6805826
1,7,on,250,258,0,3.667083,0.2895,0.3025,0.014041999,2.951292,3.946125,23.0,4164.0,4.747375,2000.0,1400.0,2.0,3.377583
1,7,on,251,259,1,7.909417,4.633125,0.228667,0.019958,2.95275,8.194375,23.0,4164.0,2.4507499999999998,2000.0,1400.0,2.0,3.2762920000000006
1,7,on,252,260,0,11.341583,4.6107078,0.267459,0.019833,6.364208,11.631042,23.0,4164.0,2.458167,2000.0,1400.0,2.0,6.7308752
1,7,on,253,261,1,3.6599998,0.310709,0.27008298,0.009958,2.9744158,3.9786248,23.0,4164.0,5.8582089999999996,2000.0,1400.0,2.0,3.3492908
1,7,on,254,262,0,8.117792,4.805,0.259625,0.02025,2.9542499,8.400499,23.0,4164.0,2.454,2000.0,1400.0,2.0,3.312792
1,7,on,255,263,1,4.681375,0.294042,0.26045802,0.014125001,4.025125,5.00325,23.0,4164.0,2.46225,2000.0,1400.0,2.0,4.387333
1,7,on,256,264,0,3.621459,0.27779198,0.28075,0.012875,2.939667,3.90875,23.0,4164.0,3.569542,2000.0,1400.0,2.0,3.3436670200000003
1,7,on,257,265,1,8.051043,4.5047083,0.332125,0.019542,3.1163342,8.335083,23.0,4164.0,2.4405,2000.0,1400.0,2.0,3.5463347
1,7,on,258,266,0,4.6742496,0.252,0.224916,0.008375,4.0732083,5.099834,23.0,4164.0,2.504667,2000.0,1400.0,2.0,4.4222496
1,7,on,259,267,1,4.9042077,0.244916,0.27412498,0.007834,4.266375,5.2278748,23.0,4164.0,3.585958,2000.0,1400.0,2.0,4.6592917
1,7,on,260,268,0,3.633917,0.241292,0.25125,0.009333,3.042625,3.9844577,23.0,4164.0,3.738708,2000.0,1400.0,2.0,3.392625
1,7,on,261,269,1,8.007708,4.7061663,0.274166,0.01775,2.929542,8.303334,23.0,4164.0,2.5492079999999997,2000.0,1400.0,2.0,3.3015416999999996
1,7,on,262,270,0,7.939417,4.538375,0.277667,0.020125,3.0162082,8.276793,23.0,4164.0,2.449708,2000.0,1400.0,2.0,3.4010419999999995
1,7,on,263,271,1,7.8405423,4.4657497,0.30045798,0.019042,2.970833,8.131875,23.0,4164.0,2.499083,2000.0,1400.0,2.0,3.3747926
1,7,on,264,272,0,7.9437084,4.311625,0.517042,0.019834,3.014708,8.252333,23.0,4164.0,2.4940409999999997,2000.0,1400.0,2.0,3.6320834
1,7,on,265,273,1,7.973875,4.578375,0.240958,0.019708999,3.029458,8.303333,23.0,4164.0,2.533791,2000.0,1400.0,2.0,3.3954999999999993
1,7,on,266,274,0,7.8816247,4.5734587,0.26479098,0.019290999,2.944708,8.16325,23.0,4164.0,2.523458,2000.0,1400.0,2.0,3.308166
1,7,on,267,275,1,10.231167,4.634584,0.23875,0.021125,5.2538753,10.516917,23.0,4164.0,2.449208,2000.0,1400.0,2.0,5.596582999999999
1,7,on,268,276,0,3.652917,0.209458,0.290083,0.013792,3.0480409,4.05675,23.0,4164.0,4.737833,2000.0,1400.0,2.0,3.443459
1,7,on,269,277,1,4.772334,0.245417,0.26425,0.013125,4.153375,5.13975,23.0,4164.0,2.487292,2000.0,1400.0,2.0,4.526917
1,7,on,270,278,0,3.566209,0.222541,0.24704199,0.014833,2.995625,3.950458,23.0,4164.0,3.6517910000000002,2000.0,1400.0,2.0,3.343668
1,7,on,271,279,1,9.171792,4.6695,0.233792,0.020375,4.170625,9.462251,23.0,4164.0,2.4892920000000003,2000.0,1400.0,2.0,4.502292
1,7,on,272,280,0,3.712583,0.257709,0.271375,0.0145000005,3.072958,4.0367503,23.0,4164.0,3.630583,2000.0,1400.0,2.0,3.454874
1,7,on,273,281,1,3.638666,0.24970901,0.30025,0.01425,2.960541,3.916625,23.0,4164.0,2.544375,2000.0,1400.0,2.0,3.38895699
1,7,on,274,282,0,9.260292,4.766833,0.237333,0.022834,4.1538754,9.530916,23.0,4164.0,2.473833,2000.0,1400.0,2.0,4.493459
1,7,on,275,283,1,5.870667,0.256417,0.27175,0.009167,5.24775,6.2254996,23.0,4164.0,3.648709,2000.0,1400.0,2.0,5.61425
1,7,on,276,284,0,3.596375,0.28120798,0.272417,0.009000001,2.923875,3.891667,23.0,4164.0,4.790875,2000.0,1400.0,2.0,3.31516702
1,7,on,277,285,1,7.9947495,4.586667,0.25741598,0.021417,3.050166,8.276583,23.0,4164.0,2.4450000000000003,2000.0,1400.0,2.0,3.4080825
1,7,on,278,286,0,7.9597087,4.612,0.249167,0.020583,3.00075,8.251125,23.0,4164.0,2.528292,2000.0,1400.0,2.0,3.3477087
1,7,on,279,287,1,9.565208,4.64675,0.241791,0.0185,4.572333,9.840083,23.0,4164.0,2.496375,2000.0,1400.0,2.0,4.918458
1,7,on,280,288,0,3.626375,0.25479198,0.257041,0.0095,3.0124168,3.9827921,23.0,4164.0,3.609541,2000.0,1400.0,2.0,3.37158302
1,7,on,281,289,1,9.098958,4.4369583,0.452042,0.01775,4.1139584,9.373334,23.0,4164.0,2.496125,2000.0,1400.0,2.0,4.6619997
1,7,on,282,290,0,3.725917,0.296417,0.332084,0.009458,2.996167,4.109417,23.0,4164.0,3.5995,2000.0,1400.0,2.0,3.4295
1,7,on,283,291,1,3.58025,0.270708,0.263167,0.014459,2.945208,3.930875,23.0,4164.0,2.498625,2000.0,1400.0,2.0,3.309542
1,7,on,284,292,0,7.9190426,4.5674167,0.26666698,0.0205,2.984375,8.221584,23.0,4164.0,2.460584,2000.0,1400.0,2.0,3.3516259
1,7,on,285,293,1,9.131958,4.62975,0.26291698,0.017708,4.145,9.41525,23.0,4164.0,2.470667,2000.0,1400.0,2.0,4.5022079999999995
1,7,on,286,294,0,5.4016247,0.299375,0.268917,0.007417,4.731292,5.7095,23.0,4164.0,3.5845830000000003,2000.0,1400.0,2.0,5.1022497
1,7,on,287,295,1,4.810167,0.298833,0.267083,0.009334001,4.147958,5.1065826,23.0,4164.0,3.699167,2000.0,1400.0,2.0,4.511334
1,7,on,288,296,0,4.683917,0.22183399,0.26787502,0.013333,4.090667,5.052708,23.0,4164.0,3.6480829999999997,2000.0,1400.0,2.0,4.46208301
1,7,on,289,297,1,3.5904999,0.271583,0.271208,0.016209,2.939166,3.9548328,23.0,4164.0,3.593833,2000.0,1400.0,2.0,3.3189169
1,7,on,290,298,0,7.9625416,4.633083,0.25125,0.0185,2.9797502,8.2535,23.0,4164.0,2.46,2000.0,1400.0,2.0,3.3294585999999997
1,7,on,291,299,1,10.18675,4.602542,0.256083,0.019833,5.2312093,10.475584,23.0,4164.0,2.472334,2000.0,1400.0,2.0,5.584208
1,7,on,292,300,0,4.759709,0.27275002,0.26204202,0.0098749995,4.129375,5.1159167,23.0,4164.0,4.694041,2000.0,1400.0,2.0,4.48695898
1,7,on,293,301,1,5.906208,0.407875,0.27325,0.010917,5.122333,6.266417,23.0,4164.0,3.623458,2000.0,1400.0,2.0,5.498333000000001
1,7,on,294,302,0,3.596,0.238459,0.29616702,0.009749999,2.951916,3.9293327,23.0,4164.0,4.611375,2000.0,1400.0,2.0,3.357541
1,7,on,295,303,1,8.993583,4.377708,0.390167,0.020458,4.120208,9.368668,23.0,4164.0,2.449833,2000.0,1400.0,2.0,4.615874999999999
1,7,on,296,304,0,4.7902923,0.28125,0.2705,0.014,4.130083,5.114792,23.0,4164.0,3.6024999999999996,2000.0,1400.0,2.0,4.5090423
1,7,on,297,305,1,3.6488328,0.298833,0.291584,0.008584,2.96325,3.94675,23.0,4164.0,3.6470000000000002,2000.0,1400.0,2.0,3.3499998
1,7,on,298,306,0,8.015583,4.66725,0.358792,0.018542,2.8937092,8.293667,23.0,4164.0,2.4617910000000003,2000.0,1400.0,2.0,3.3483329999999993
1,7,on,299,307,1,9.246167,4.720667,0.267167,0.020542,4.160125,9.517208,23.0,4164.0,2.3939999999999997,2000.0,1400.0,2.0,4.5255
1,7,on,300,308,0,3.608792,0.065084,0.4885,0.014125001,2.9529161,3.9640827,23.0,4164.0,3.5599999999999996,2000.0,1400.0,2.0,3.543708
1,7,on,301,309,1,9.122208,4.668459,0.23620799,0.018875,4.125417,9.396458,23.0,4164.0,2.465583,2000.0,1400.0,2.0,4.453749
1,7,on,302,310,0,3.5900838,0.223083,0.28187498,0.007125,2.991,3.950166,23.0,4164.0,3.6050829999999996,2000.0,1400.0,2.0,3.3670008
1,7,on,303,311,1,9.074375,4.566,0.290791,0.019041,4.10175,9.376625,23.0,4164.0,2.516959,2000.0,1400.0,2.0,4.508375
1,7,on,304,312,0,3.5600412,0.22983299,0.24662499,0.01475,2.9805,3.9677498,23.0,4164.0,3.593125,2000.0,1400.0,2.0,3.3302082100000003
1,7,on,305,313,1,10.176584,4.596917,0.248125,0.02025,5.2277923,10.528,23.0,4164.0,2.471208,2000.0,1400.0,2.0,5.579667
1,7,on,306,314,0,3.634417,0.273583,0.267167,0.007375,2.970125,3.936584,23.0,4164.0,4.717207999999999,2000.0,1400.0,2.0,3.360834
1,7,on,307,315,1,7.9744167,4.59275,0.275375,0.019333,3.002084,8.303583,23.0,4164.0,2.473625,2000.0,1400.0,2.0,3.3816667000000002
1,7,on,308,316,0,3.613709,0.25445798,0.264375,0.009333,2.997917,3.965583,23.0,4164.0,2.475792,2000.0,1400.0,2.0,3.3592510200000003
1,7,on,309,317,1,7.936208,4.5439167,0.269292,0.02,3.02,8.248083,23.0,4164.0,2.50075,2000.0,1400.0,2.0,3.3922913
1,7,on,310,318,0,8.018709,4.670584,0.25829202,0.035917,2.9685,8.311042,23.0,4164.0,2.4975,2000.0,1400.0,2.0,3.3481249999999996
1,7,on,311,319,1,4.787709,0.289791,0.249167,0.015083999,4.137625,5.109292,23.0,4164.0,2.461042,2000.0,1400.0,2.0,4.497918
1,7,on,312,320,0,3.5797908,0.27129102,0.269584,0.0072500003,2.938291,3.911958,23.0,4164.0,3.650166,2000.0,1400.0,2.0,3.30849978
1,7,on,313,321,1,9.105834,4.637958,0.239458,0.018333,4.131375,9.397,23.0,4164.0,2.447542,2000.0,1400.0,2.0,4.4678759999999995
1,7,on,314,322,0,3.516167,0.241333,0.26095802,0.007792,2.897708,3.891333,23.0,4164.0,3.610625,2000.0,1400.0,2.0,3.274834
1,7,on,315,323,1,9.105917,4.52525,0.28187498,0.019290999,4.1885,9.436957,23.0,4164.0,2.4359170000000003,2000.0,1400.0,2.0,4.580667
1,7,on,316,324,0,3.6187918,0.26629198,0.262875,0.009208,2.9907498,3.970291,23.0,4164.0,3.651459,2000.0,1400.0,2.0,3.35249982
1,7,on,317,325,1,9.112625,4.626875,0.251084,0.017709,4.1375413,9.3975,23.0,4164.0,2.489167,2000.0,1400.0,2.0,4.4857499999999995
1,7,on,318,326,0,3.5858328,0.368083,0.263958,0.006959,2.8601248,3.9456248,23.0,4164.0,3.632958,2000.0,1400.0,2.0,3.2177498
1,7,on,319,327,1,7.8628755,4.571,0.241666,0.019625,2.9462922,8.192458,23.0,4164.0,2.381458,2000.0,1400.0,2.0,3.2918755000000006
1,7,on,320,328,0,7.9167504,4.4968753,0.338083,0.02025,2.982167,8.215416,23.0,4164.0,2.4257079999999998,2000.0,1400.0,2.0,3.4198750999999996
1,7,on,321,329,1,9.152667,4.632875,0.233208,0.020292,4.184542,9.427125,23.0,4164.0,2.474167,2000.0,1400.0,2.0,4.519791999999999
1,7,on,322,330,0,3.55675,0.241042,0.256083,0.014375,2.9606671,3.9390829,23.0,4164.0,3.671208,2000.0,1400.0,2.0,3.315708
1,7,on,323,331,1,7.890416,4.566791,0.26045802,0.018416,2.964166,8.222751,23.0,4164.0,2.4658330000000004,2000.0,1400.0,2.0,3.323625
1,7,on,324,332,0,9.059125,4.516791,0.266792,0.018042,4.175458,9.412417,23.0,4164.0,2.457125,2000.0,1400.0,2.0,4.542334
1,7,on,325,333,1,4.096583,0.571833,0.270875,0.013708,3.151625,4.453542,23.0,4164.0,3.671916,2000.0,1400.0,2.0,3.52475
1,7,on,326,334,0,3.619292,0.21220899,0.282334,0.013959,3.021667,3.9683747,23.0,4164.0,2.430667,2000.0,1400.0,2.0,3.40708301
1,7,on,327,335,1,9.032334,4.522167,0.281791,0.020417,4.129167,9.399375,23.0,4164.0,2.526958,2000.0,1400.0,2.0,4.510167000000001
1,7,on,328,336,0,3.594291,0.37600002,0.284042,0.008625,2.839542,3.9735832,23.0,4164.0,3.60125,2000.0,1400.0,2.0,3.21829098
1,7,on,329,337,1,9.104166,4.591417,0.253167,0.018375,4.1557918,9.388666,23.0,4164.0,2.337459,2000.0,1400.0,2.0,4.5127489999999995
1,7,on,330,338,0,3.448125,0.26841602,0.245042,0.00925,2.8435001,3.806833,23.0,4164.0,3.635291,2000.0,1400.0,2.0,3.17970898
1,7,on,331,339,1,7.90075,4.589667,0.247458,0.01875,2.968834,8.178667,23.0,4164.0,2.375,2000.0,1400.0,2.0,3.311083
1,7,on,332,340,0,8.086417,4.7795,0.231875,0.020208,2.9767919,8.380833,23.0,4164.0,2.452458,2000.0,1400.0,2.0,3.306917000000001
1,7,on,333,341,1,4.707458,0.189042,0.297625,0.009000001,4.110084,5.0839157,23.0,4164.0,2.4715420000000003,2000.0,1400.0,2.0,4.518416
1,7,on,334,342,0,3.273042,0.083207995,0.25875,0.0072500003,2.8430831,3.612583,23.0,4164.0,3.5913749999999998,2000.0,1400.0,2.0,3.189834005
1,7,on,335,343,1,9.043792,4.5872498,0.258625,0.019958999,4.092209,9.325001,23.0,4164.0,2.4310840000000002,2000.0,1400.0,2.0,4.4565421999999995
1,7,on,336,344,0,3.542333,0.274583,0.270541,0.009000001,2.899208,3.901084,23.0,4164.0,3.571041,2000.0,1400.0,2.0,3.2677500000000004
1,7,on,337,345,1,8.946541,4.521209,0.24670799,0.01775,4.0742497,9.290084,23.0,4164.0,2.4355,2000.0,1400.0,2.0,4.425332
1,7,on,338,346,0,3.574959,0.256458,0.24512501,0.014458,2.9683752,3.9116251,23.0,4164.0,3.575041,2000.0,1400.0,2.0,3.3185010000000004
1,7,on,339,347,1,9.413834,4.822958,0.28925,0.0175,4.1775837,9.69975,23.0,4164.0,2.458417,2000.0,1400.0,2.0,4.590876
1,7,on,340,348,0,3.613333,0.260292,0.27891698,0.014083,2.968875,3.95825,23.0,4164.0,3.635166,2000.0,1400.0,2.0,3.3530409999999997
1,7,on,341,349,1,8.90425,4.5910406,0.245417,0.020292,3.972041,9.197875,23.0,4164.0,2.4770410000000003,2000.0,1400.0,2.0,4.313209399999999
1,7,on,342,350,0,3.597292,0.240375,0.27166602,0.0090419995,2.987875,3.9532921,23.0,4164.0,3.479167,2000.0,1400.0,2.0,3.356917
1,7,on,343,351,1,13.154959,5.107917,0.24212499,0.018167,7.706,13.439668,23.0,4164.0,2.4884999999999997,2000.0,1400.0,2.0,8.047042000000001
1,7,on,344,352,0,4.589583,0.026708,0.28937498,0.006125,4.187334,4.874834,23.0,4164.0,7.1964999999999995,2000.0,1400.0,2.0,4.562875
1,7,on,345,353,1,3.39075,0.032874998,0.29416698,0.007792,2.899208,3.686792,23.0,4164.0,3.625167,2000.0,1400.0,2.0,3.357875002
1,7,on,346,354,0,3.621875,0.31475002,0.271875,0.013125,2.904291,3.9899158,23.0,4164.0,2.4428330000000003,2000.0,1400.0,2.0,3.30712498
1,7,on,347,355,1,7.9994173,4.584333,0.24620901,0.019917,3.0730412,8.282625,23.0,4164.0,2.428333,2000.0,1400.0,2.0,3.4150843
1,7,on,348,356,0,7.822791,4.5542088,0.26204202,0.020292,2.9064589,8.123292,23.0,4164.0,2.4839160000000002,2000.0,1400.0,2.0,3.2685822
1,7,on,349,357,1,7.81725,4.523417,0.32020798,0.019542,2.879,8.096625,23.0,4164.0,2.4164999999999996,2000.0,1400.0,2.0,3.2938329999999993
1,7,on,350,358,0,7.931875,4.5996246,0.248875,0.021084001,2.9845,8.208292,23.0,4164.0,2.381041,2000.0,1400.0,2.0,3.3322503999999995
1,7,on,351,359,1,9.105291,4.531042,0.276917,0.01875,4.193042,9.44379,23.0,4164.0,2.471959,2000.0,1400.0,2.0,4.574248999999999
1,7,on,352,360,0,3.5234158,0.228042,0.287375,0.013333,2.9012918,3.8566248,23.0,4164.0,3.679542,2000.0,1400.0,2.0,3.2953738
1,7,on,353,361,1,7.8746247,4.604167,0.2525,0.018250002,2.922,8.161876,23.0,4164.0,2.425958,2000.0,1400.0,2.0,3.2704576999999997
1,7,on,354,362,0,7.9695425,4.5571246,0.25891697,0.019459,3.050834,8.273707,23.0,4164.0,2.413667,2000.0,1400.0,2.0,3.4124179000000003
1,7,on,355,363,1,10.159333,4.57025,0.255958,0.019667001,5.233958,10.457376,23.0,4164.0,2.528625,2000.0,1400.0,2.0,5.5890830000000005
1,7,on,356,364,0,3.5155,0.259291,0.262,0.006958,2.904541,3.873875,23.0,4164.0,4.722917,2000.0,1400.0,2.0,3.2562089999999997
1,7,on,357,365,1,10.6335,4.562583,0.25445798,0.017625,5.720667,10.916209,23.0,4164.0,2.4378339999999996,2000.0,1400.0,2.0,6.070917
1,7,on,358,366,0,3.6239579,0.276625,0.251833,0.012708,2.998334,3.955916,23.0,4164.0,4.927625,2000.0,1400.0,2.0,3.3473329
1,7,on,359,367,1,7.877208,4.588958,0.25270802,0.021292001,2.9325838,8.1685,23.0,4164.0,2.511833,2000.0,1400.0,2.0,3.2882500000000006
1,7,on,360,368,0,7.9082923,4.6027923,0.2605,0.020459,2.94725,8.215084,23.0,4164.0,2.4412499999999997,2000.0,1400.0,2.0,3.3055000000000003
