run,size,case,meanGPUms,n,applicablebaselinepair,saving_percent_as_stored,interval_percent_as_stored,AAnoise_percent_as_stored,manifestinput,jitter,profile,manifestpath,csvpath,logpath,analysispath,csvrows,expectedcsvrows,log_success_marker,truncated_or_incomplete,inventory_notes
allocated-area,1920x1080,half-a,6.329081683333333,120,half-a/half-b,,,-0.16008878549762517,synthetic,.5,default,/private/tmp/stars-investigation/timings/allocated-area/manifest.json,/private/tmp/stars-investigation/timings/allocated-area/1920x1080.csv,/private/tmp/stars-investigation/timings/allocated-area/1920x1080.log,/private/tmp/stars-investigation/timings/allocated-area/1920x1080.analysis.json,600,600,True,False,
allocated-area,1920x1080,half-b,6.339213833333333,120,half-a/half-b,,,-0.16008878549762517,synthetic,.5,default,/private/tmp/stars-investigation/timings/allocated-area/manifest.json,/private/tmp/stars-investigation/timings/allocated-area/1920x1080.csv,/private/tmp/stars-investigation/timings/allocated-area/1920x1080.log,/private/tmp/stars-investigation/timings/allocated-area/1920x1080.analysis.json,600,600,True,False,
allocated-area,1920x1080,full-a,9.083685108333333,120,full-a/full-b,,,0.403207228819491,synthetic,.5,default,/private/tmp/stars-investigation/timings/allocated-area/manifest.json,/private/tmp/stars-investigation/timings/allocated-area/1920x1080.csv,/private/tmp/stars-investigation/timings/allocated-area/1920x1080.log,/private/tmp/stars-investigation/timings/allocated-area/1920x1080.analysis.json,600,600,True,False,
allocated-area,1920x1080,full-b,9.047059033333333,120,full-a/full-b,,,0.403207228819491,synthetic,.5,default,/private/tmp/stars-investigation/timings/allocated-area/manifest.json,/private/tmp/stars-investigation/timings/allocated-area/1920x1080.csv,/private/tmp/stars-investigation/timings/allocated-area/1920x1080.log,/private/tmp/stars-investigation/timings/allocated-area/1920x1080.analysis.json,600,600,True,False,
allocated-area,1920x1080,full-v50_50_50_50_50,6.460427075,120,full-a/full-b,28.735113964206803,"[27.7431292675288, 29.75221313312277]",0.403207228819491,synthetic,.5,default,/private/tmp/stars-investigation/timings/allocated-area/manifest.json,/private/tmp/stars-investigation/timings/allocated-area/1920x1080.csv,/private/tmp/stars-investigation/timings/allocated-area/1920x1080.log,/private/tmp/stars-investigation/timings/allocated-area/1920x1080.analysis.json,600,600,True,False,
allocated-area,3840x2160,half-a,15.079928858333334,120,half-a/half-b,,,-0.3508661004332003,synthetic,.5,default,/private/tmp/stars-investigation/timings/allocated-area/manifest.json,/private/tmp/stars-investigation/timings/allocated-area/3840x2160.csv,/private/tmp/stars-investigation/timings/allocated-area/3840x2160.log,/private/tmp/stars-investigation/timings/allocated-area/3840x2160.analysis.json,600,600,True,False,
allocated-area,3840x2160,half-b,15.132839216666667,120,half-a/half-b,,,-0.3508661004332003,synthetic,.5,default,/private/tmp/stars-investigation/timings/allocated-area/manifest.json,/private/tmp/stars-investigation/timings/allocated-area/3840x2160.csv,/private/tmp/stars-investigation/timings/allocated-area/3840x2160.log,/private/tmp/stars-investigation/timings/allocated-area/3840x2160.analysis.json,600,600,True,False,
allocated-area,3840x2160,full-a,28.480665291666668,120,full-a/full-b,,,0.24121999128100535,synthetic,.5,default,/private/tmp/stars-investigation/timings/allocated-area/manifest.json,/private/tmp/stars-investigation/timings/allocated-area/3840x2160.csv,/private/tmp/stars-investigation/timings/allocated-area/3840x2160.log,/private/tmp/stars-investigation/timings/allocated-area/3840x2160.analysis.json,600,600,True,False,
allocated-area,3840x2160,full-b,28.411964233333332,120,full-a/full-b,,,0.24121999128100535,synthetic,.5,default,/private/tmp/stars-investigation/timings/allocated-area/manifest.json,/private/tmp/stars-investigation/timings/allocated-area/3840x2160.csv,/private/tmp/stars-investigation/timings/allocated-area/3840x2160.log,/private/tmp/stars-investigation/timings/allocated-area/3840x2160.analysis.json,600,600,True,False,
allocated-area,3840x2160,full-v50_50_50_50_50,15.675604108333333,120,full-a/full-b,44.89407770669101,"[44.2593482211475, 45.45478930962762]",0.24121999128100535,synthetic,.5,default,/private/tmp/stars-investigation/timings/allocated-area/manifest.json,/private/tmp/stars-investigation/timings/allocated-area/3840x2160.csv,/private/tmp/stars-investigation/timings/allocated-area/3840x2160.log,/private/tmp/stars-investigation/timings/allocated-area/3840x2160.analysis.json,600,600,True,False,
calibration,1920x1080,half-a,6.519052408333334,120,half-a/half-b,,,0.19162230261202673,,1,,/private/tmp/stars-investigation/timings/calibration/manifest.json,/private/tmp/stars-investigation/timings/calibration/1920x1080.csv,/private/tmp/stars-investigation/timings/calibration/1920x1080.log,/private/tmp/stars-investigation/timings/calibration/1920x1080.analysis.json,480,480,True,False,
calibration,1920x1080,half-b,6.50656045,120,half-a/half-b,,,0.19162230261202673,,1,,/private/tmp/stars-investigation/timings/calibration/manifest.json,/private/tmp/stars-investigation/timings/calibration/1920x1080.csv,/private/tmp/stars-investigation/timings/calibration/1920x1080.log,/private/tmp/stars-investigation/timings/calibration/1920x1080.analysis.json,480,480,True,False,
calibration,1920x1080,full-a,9.1850417,120,full-a/full-b,,,-2.3581741967849013,,1,,/private/tmp/stars-investigation/timings/calibration/manifest.json,/private/tmp/stars-investigation/timings/calibration/1920x1080.csv,/private/tmp/stars-investigation/timings/calibration/1920x1080.log,/private/tmp/stars-investigation/timings/calibration/1920x1080.analysis.json,480,480,True,False,
calibration,1920x1080,full-b,9.401640983333333,120,full-a/full-b,,,-2.3581741967849013,,1,,/private/tmp/stars-investigation/timings/calibration/manifest.json,/private/tmp/stars-investigation/timings/calibration/1920x1080.csv,/private/tmp/stars-investigation/timings/calibration/1920x1080.log,/private/tmp/stars-investigation/timings/calibration/1920x1080.analysis.json,480,480,True,False,
calibration,3840x2160,half-a,,,half-a/half-b,,,,,1,,/private/tmp/stars-investigation/timings/calibration/manifest.json,,,,,480,,True,csv;log;analysis
calibration,3840x2160,half-b,,,half-a/half-b,,,,,1,,/private/tmp/stars-investigation/timings/calibration/manifest.json,,,,,480,,True,csv;log;analysis
calibration,3840x2160,full-a,,,full-a/full-b,,,,,1,,/private/tmp/stars-investigation/timings/calibration/manifest.json,,,,,480,,True,csv;log;analysis
calibration,3840x2160,full-b,,,full-a/full-b,,,,,1,,/private/tmp/stars-investigation/timings/calibration/manifest.json,,,,,480,,True,csv;log;analysis
combined-half,1920x1080,half-a,6.2128152666666665,240,half-a/half-b,,,1.1282232958501504,take,.5,default,/private/tmp/stars-investigation/timings/combined-half/manifest.json,/private/tmp/stars-investigation/timings/combined-half/1920x1080.csv,/private/tmp/stars-investigation/timings/combined-half/1920x1080.log,/private/tmp/stars-investigation/timings/combined-half/1920x1080.analysis.json,1200,1200,True,False,
combined-half,1920x1080,half-b,6.1427208375,240,half-a/half-b,,,1.1282232958501504,take,.5,default,/private/tmp/stars-investigation/timings/combined-half/manifest.json,/private/tmp/stars-investigation/timings/combined-half/1920x1080.csv,/private/tmp/stars-investigation/timings/combined-half/1920x1080.log,/private/tmp/stars-investigation/timings/combined-half/1920x1080.analysis.json,1200,1200,True,False,
combined-half,1920x1080,half-fused,5.887855725,240,half-a/half-b,4.692832826340354,"[3.4901213558626054, 5.884016130600066]",1.1282232958501504,take,.5,default,/private/tmp/stars-investigation/timings/combined-half/manifest.json,/private/tmp/stars-investigation/timings/combined-half/1920x1080.csv,/private/tmp/stars-investigation/timings/combined-half/1920x1080.log,/private/tmp/stars-investigation/timings/combined-half/1920x1080.analysis.json,1200,1200,True,False,
combined-half,1920x1080,half-compute-raw,5.5125881625,240,half-a/half-b,10.767317321973835,"[9.07289190266962, 12.430523540490903]",1.1282232958501504,take,.5,default,/private/tmp/stars-investigation/timings/combined-half/manifest.json,/private/tmp/stars-investigation/timings/combined-half/1920x1080.csv,/private/tmp/stars-investigation/timings/combined-half/1920x1080.log,/private/tmp/stars-investigation/timings/combined-half/1920x1080.analysis.json,1200,1200,True,False,
combined-half,1920x1080,half-compute-raw-fused,5.276619266666667,240,half-a/half-b,14.586963735434688,"[12.148056324131709, 16.638783152707916]",1.1282232958501504,take,.5,default,/private/tmp/stars-investigation/timings/combined-half/manifest.json,/private/tmp/stars-investigation/timings/combined-half/1920x1080.csv,/private/tmp/stars-investigation/timings/combined-half/1920x1080.log,/private/tmp/stars-investigation/timings/combined-half/1920x1080.analysis.json,1200,1200,True,False,
combined-half,3840x2160,half-a,14.751350866666666,240,half-a/half-b,,,0.777933527606467,take,.5,default,/private/tmp/stars-investigation/timings/combined-half/manifest.json,/private/tmp/stars-investigation/timings/combined-half/3840x2160.csv,/private/tmp/stars-investigation/timings/combined-half/3840x2160.log,/private/tmp/stars-investigation/timings/combined-half/3840x2160.analysis.json,1200,1200,True,False,
combined-half,3840x2160,half-b,14.6365951625,240,half-a/half-b,,,0.777933527606467,take,.5,default,/private/tmp/stars-investigation/timings/combined-half/manifest.json,/private/tmp/stars-investigation/timings/combined-half/3840x2160.csv,/private/tmp/stars-investigation/timings/combined-half/3840x2160.log,/private/tmp/stars-investigation/timings/combined-half/3840x2160.analysis.json,1200,1200,True,False,
combined-half,3840x2160,half-fused,14.491881583333333,240,half-a/half-b,1.3753355273582346,"[0.6728015892514485, 2.079952650236701]",0.777933527606467,take,.5,default,/private/tmp/stars-investigation/timings/combined-half/manifest.json,/private/tmp/stars-investigation/timings/combined-half/3840x2160.csv,/private/tmp/stars-investigation/timings/combined-half/3840x2160.log,/private/tmp/stars-investigation/timings/combined-half/3840x2160.analysis.json,1200,1200,True,False,
combined-half,3840x2160,half-compute-raw,15.498577583333333,240,half-a/half-b,-5.475745517917163,"[-6.29535488630114, -4.659540134402565]",0.777933527606467,take,.5,default,/private/tmp/stars-investigation/timings/combined-half/manifest.json,/private/tmp/stars-investigation/timings/combined-half/3840x2160.csv,/private/tmp/stars-investigation/timings/combined-half/3840x2160.log,/private/tmp/stars-investigation/timings/combined-half/3840x2160.analysis.json,1200,1200,True,False,
combined-half,3840x2160,half-compute-raw-fused,15.222327266666667,240,half-a/half-b,-3.5957208547950925,"[-4.449865606221513, -2.7601343692966553]",0.777933527606467,take,.5,default,/private/tmp/stars-investigation/timings/combined-half/manifest.json,/private/tmp/stars-investigation/timings/combined-half/3840x2160.csv,/private/tmp/stars-investigation/timings/combined-half/3840x2160.log,/private/tmp/stars-investigation/timings/combined-half/3840x2160.analysis.json,1200,1200,True,False,
compute-dense,1920x1080,half-a,13.094761508333333,120,half-a/half-b,,,0.14973691314795756,synthetic,1,small-dense,/private/tmp/stars-investigation/timings/compute-dense/manifest.json,/private/tmp/stars-investigation/timings/compute-dense/1920x1080.csv,/private/tmp/stars-investigation/timings/compute-dense/1920x1080.log,/private/tmp/stars-investigation/timings/compute-dense/1920x1080.analysis.json,360,360,True,False,
compute-dense,1920x1080,half-b,13.075153816666667,120,half-a/half-b,,,0.14973691314795756,synthetic,1,small-dense,/private/tmp/stars-investigation/timings/compute-dense/manifest.json,/private/tmp/stars-investigation/timings/compute-dense/1920x1080.csv,/private/tmp/stars-investigation/timings/compute-dense/1920x1080.log,/private/tmp/stars-investigation/timings/compute-dense/1920x1080.analysis.json,360,360,True,False,
compute-dense,1920x1080,half-compute-raw-g16,11.592920133333333,120,half-a/half-b,11.402692829818427,"[9.86553041541367, 12.90294398325601]",0.14973691314795756,synthetic,1,small-dense,/private/tmp/stars-investigation/timings/compute-dense/manifest.json,/private/tmp/stars-investigation/timings/compute-dense/1920x1080.csv,/private/tmp/stars-investigation/timings/compute-dense/1920x1080.log,/private/tmp/stars-investigation/timings/compute-dense/1920x1080.analysis.json,360,360,True,False,
compute-full,1920x1080,full-a,9.502793725,120,full-a/full-b,,,1.3714645794860814,synthetic,1,,/private/tmp/stars-investigation/timings/compute-full/manifest.json,/private/tmp/stars-investigation/timings/compute-full/1920x1080.csv,/private/tmp/stars-investigation/timings/compute-full/1920x1080.log,/private/tmp/stars-investigation/timings/compute-full/1920x1080.analysis.json,600,600,True,False,
compute-full,1920x1080,full-b,9.372466275,120,full-a/full-b,,,1.3714645794860814,synthetic,1,,/private/tmp/stars-investigation/timings/compute-full/manifest.json,/private/tmp/stars-investigation/timings/compute-full/1920x1080.csv,/private/tmp/stars-investigation/timings/compute-full/1920x1080.log,/private/tmp/stars-investigation/timings/compute-full/1920x1080.analysis.json,600,600,True,False,
compute-full,1920x1080,full-compute-gather,9.509703508333333,120,full-a/full-b,-0.7636822839349522,"[-2.610875278538299, 1.273683018341475]",1.3714645794860814,synthetic,1,,/private/tmp/stars-investigation/timings/compute-full/manifest.json,/private/tmp/stars-investigation/timings/compute-full/1920x1080.csv,/private/tmp/stars-investigation/timings/compute-full/1920x1080.log,/private/tmp/stars-investigation/timings/compute-full/1920x1080.analysis.json,600,600,True,False,
compute-full,1920x1080,full-compute-raw,10.16750795,120,full-a/full-b,-7.733699562284135,"[-10.304268644417617, -5.708657914163968]",1.3714645794860814,synthetic,1,,/private/tmp/stars-investigation/timings/compute-full/manifest.json,/private/tmp/stars-investigation/timings/compute-full/1920x1080.csv,/private/tmp/stars-investigation/timings/compute-full/1920x1080.log,/private/tmp/stars-investigation/timings/compute-full/1920x1080.analysis.json,600,600,True,False,
compute-full,1920x1080,full-compute-decoded,11.872077066666666,120,full-a/full-b,-25.795110283690548,"[-28.8904896818683, -22.640720934853395]",1.3714645794860814,synthetic,1,,/private/tmp/stars-investigation/timings/compute-full/manifest.json,/private/tmp/stars-investigation/timings/compute-full/1920x1080.csv,/private/tmp/stars-investigation/timings/compute-full/1920x1080.log,/private/tmp/stars-investigation/timings/compute-full/1920x1080.analysis.json,600,600,True,False,
compute-full,3840x2160,full-a,29.04059240833333,120,full-a/full-b,,,0.3060421670593616,synthetic,1,,/private/tmp/stars-investigation/timings/compute-full/manifest.json,/private/tmp/stars-investigation/timings/compute-full/3840x2160.csv,/private/tmp/stars-investigation/timings/compute-full/3840x2160.log,/private/tmp/stars-investigation/timings/compute-full/3840x2160.analysis.json,600,600,True,False,
compute-full,3840x2160,full-b,28.95171595,120,full-a/full-b,,,0.3060421670593616,synthetic,1,,/private/tmp/stars-investigation/timings/compute-full/manifest.json,/private/tmp/stars-investigation/timings/compute-full/3840x2160.csv,/private/tmp/stars-investigation/timings/compute-full/3840x2160.log,/private/tmp/stars-investigation/timings/compute-full/3840x2160.analysis.json,600,600,True,False,
compute-full,3840x2160,full-compute-gather,29.929453491666667,120,full-a/full-b,-3.2187003377522228,"[-4.441102508245572, -2.073730246328248]",0.3060421670593616,synthetic,1,,/private/tmp/stars-investigation/timings/compute-full/manifest.json,/private/tmp/stars-investigation/timings/compute-full/3840x2160.csv,/private/tmp/stars-investigation/timings/compute-full/3840x2160.log,/private/tmp/stars-investigation/timings/compute-full/3840x2160.analysis.json,600,600,True,False,
compute-full,3840x2160,full-compute-raw,32.065957616666665,120,full-a/full-b,-10.586933075785643,"[-12.47563728598582, -8.836513431858457]",0.3060421670593616,synthetic,1,,/private/tmp/stars-investigation/timings/compute-full/manifest.json,/private/tmp/stars-investigation/timings/compute-full/3840x2160.csv,/private/tmp/stars-investigation/timings/compute-full/3840x2160.log,/private/tmp/stars-investigation/timings/compute-full/3840x2160.analysis.json,600,600,True,False,
compute-full,3840x2160,full-compute-decoded,38.386257658333335,120,full-a/full-b,-32.38396175280831,"[-34.01028902666111, -30.686762289233194]",0.3060421670593616,synthetic,1,,/private/tmp/stars-investigation/timings/compute-full/manifest.json,/private/tmp/stars-investigation/timings/compute-full/3840x2160.csv,/private/tmp/stars-investigation/timings/compute-full/3840x2160.log,/private/tmp/stars-investigation/timings/compute-full/3840x2160.analysis.json,600,600,True,False,
compute-g16-confirm,1920x1080,half-a,6.2254685499999995,240,half-a/half-b,,,0.24293673445671127,take,.5,default,/private/tmp/stars-investigation/timings/compute-g16-confirm/manifest.json,/private/tmp/stars-investigation/timings/compute-g16-confirm/1920x1080.csv,/private/tmp/stars-investigation/timings/compute-g16-confirm/1920x1080.log,/private/tmp/stars-investigation/timings/compute-g16-confirm/1920x1080.analysis.json,960,960,True,False,
compute-g16-confirm,1920x1080,half-b,6.2103446,240,half-a/half-b,,,0.24293673445671127,take,.5,default,/private/tmp/stars-investigation/timings/compute-g16-confirm/manifest.json,/private/tmp/stars-investigation/timings/compute-g16-confirm/1920x1080.csv,/private/tmp/stars-investigation/timings/compute-g16-confirm/1920x1080.log,/private/tmp/stars-investigation/timings/compute-g16-confirm/1920x1080.analysis.json,960,960,True,False,
compute-g16-confirm,1920x1080,half-compute-raw-g16,5.472064583333333,240,half-a/half-b,11.995065906352364,"[10.697324340548368, 13.251438072904348]",0.24293673445671127,take,.5,default,/private/tmp/stars-investigation/timings/compute-g16-confirm/manifest.json,/private/tmp/stars-investigation/timings/compute-g16-confirm/1920x1080.csv,/private/tmp/stars-investigation/timings/compute-g16-confirm/1920x1080.log,/private/tmp/stars-investigation/timings/compute-g16-confirm/1920x1080.analysis.json,960,960,True,False,
compute-g16-confirm,1920x1080,half-compute-raw-fused-g16,5.162314775,240,half-a/half-b,16.976642978911293,"[16.037181655403312, 17.936957077552083]",0.24293673445671127,take,.5,default,/private/tmp/stars-investigation/timings/compute-g16-confirm/manifest.json,/private/tmp/stars-investigation/timings/compute-g16-confirm/1920x1080.csv,/private/tmp/stars-investigation/timings/compute-g16-confirm/1920x1080.log,/private/tmp/stars-investigation/timings/compute-g16-confirm/1920x1080.analysis.json,960,960,True,False,
compute-g16-confirm,2560x1440,half-a,7.9314992875,240,half-a/half-b,,,-0.08123663761134825,take,.5,default,/private/tmp/stars-investigation/timings/compute-g16-confirm/manifest.json,/private/tmp/stars-investigation/timings/compute-g16-confirm/2560x1440.csv,/private/tmp/stars-investigation/timings/compute-g16-confirm/2560x1440.log,/private/tmp/stars-investigation/timings/compute-g16-confirm/2560x1440.analysis.json,960,960,True,False,
compute-g16-confirm,2560x1440,half-b,7.937942570833333,240,half-a/half-b,,,-0.08123663761134825,take,.5,default,/private/tmp/stars-investigation/timings/compute-g16-confirm/manifest.json,/private/tmp/stars-investigation/timings/compute-g16-confirm/2560x1440.csv,/private/tmp/stars-investigation/timings/compute-g16-confirm/2560x1440.log,/private/tmp/stars-investigation/timings/compute-g16-confirm/2560x1440.analysis.json,960,960,True,False,
compute-g16-confirm,2560x1440,half-compute-raw-g16,8.109690270833333,240,half-a/half-b,-2.205110214065753,"[-3.136550560075234, -1.3171982507576092]",-0.08123663761134825,take,.5,default,/private/tmp/stars-investigation/timings/compute-g16-confirm/manifest.json,/private/tmp/stars-investigation/timings/compute-g16-confirm/2560x1440.csv,/private/tmp/stars-investigation/timings/compute-g16-confirm/2560x1440.log,/private/tmp/stars-investigation/timings/compute-g16-confirm/2560x1440.analysis.json,960,960,True,False,
compute-g16-confirm,2560x1440,half-compute-raw-fused-g16,7.8077347375,240,half-a/half-b,1.6003863626745551,"[0.3788553339075565, 2.8642748055296328]",-0.08123663761134825,take,.5,default,/private/tmp/stars-investigation/timings/compute-g16-confirm/manifest.json,/private/tmp/stars-investigation/timings/compute-g16-confirm/2560x1440.csv,/private/tmp/stars-investigation/timings/compute-g16-confirm/2560x1440.log,/private/tmp/stars-investigation/timings/compute-g16-confirm/2560x1440.analysis.json,960,960,True,False,
compute-groups,1920x1080,half-a,6.618046125,120,half-a/half-b,,,-2.504536916223654,synthetic,1,default,/private/tmp/stars-investigation/timings/compute-groups/manifest.json,/private/tmp/stars-investigation/timings/compute-groups/1920x1080.csv,/private/tmp/stars-investigation/timings/compute-groups/1920x1080.log,/private/tmp/stars-investigation/timings/compute-groups/1920x1080.analysis.json,600,600,True,False,
compute-groups,1920x1080,half-b,6.783797533333333,120,half-a/half-b,,,-2.504536916223654,synthetic,1,default,/private/tmp/stars-investigation/timings/compute-groups/manifest.json,/private/tmp/stars-investigation/timings/compute-groups/1920x1080.csv,/private/tmp/stars-investigation/timings/compute-groups/1920x1080.log,/private/tmp/stars-investigation/timings/compute-groups/1920x1080.analysis.json,600,600,True,False,
compute-groups,1920x1080,half-compute-raw,6.0065347000000004,120,half-a/half-b,10.36256125454641,"[7.737480445409152, 12.775614929696552]",-2.504536916223654,synthetic,1,default,/private/tmp/stars-investigation/timings/compute-groups/manifest.json,/private/tmp/stars-investigation/timings/compute-groups/1920x1080.csv,/private/tmp/stars-investigation/timings/compute-groups/1920x1080.log,/private/tmp/stars-investigation/timings/compute-groups/1920x1080.analysis.json,600,600,True,False,
compute-groups,1920x1080,half-compute-raw-g4,7.985610108333334,120,half-a/half-b,-19.171814146150545,"[-23.14242397500385, -14.794517164113119]",-2.504536916223654,synthetic,1,default,/private/tmp/stars-investigation/timings/compute-groups/manifest.json,/private/tmp/stars-investigation/timings/compute-groups/1920x1080.csv,/private/tmp/stars-investigation/timings/compute-groups/1920x1080.log,/private/tmp/stars-investigation/timings/compute-groups/1920x1080.analysis.json,600,600,True,False,
compute-groups,1920x1080,half-compute-raw-g16,5.794261791666667,120,half-a/half-b,13.530377769124847,"[8.940894030019848, 18.905401776996765]",-2.504536916223654,synthetic,1,default,/private/tmp/stars-investigation/timings/compute-groups/manifest.json,/private/tmp/stars-investigation/timings/compute-groups/1920x1080.csv,/private/tmp/stars-investigation/timings/compute-groups/1920x1080.log,/private/tmp/stars-investigation/timings/compute-groups/1920x1080.analysis.json,600,600,True,False,
compute-groups,3840x2160,half-a,14.973429875,120,half-a/half-b,,,0.41699592002575336,synthetic,1,default,/private/tmp/stars-investigation/timings/compute-groups/manifest.json,/private/tmp/stars-investigation/timings/compute-groups/3840x2160.csv,/private/tmp/stars-investigation/timings/compute-groups/3840x2160.log,/private/tmp/stars-investigation/timings/compute-groups/3840x2160.analysis.json,600,600,True,False,
compute-groups,3840x2160,half-b,14.910991283333333,120,half-a/half-b,,,0.41699592002575336,synthetic,1,default,/private/tmp/stars-investigation/timings/compute-groups/manifest.json,/private/tmp/stars-investigation/timings/compute-groups/3840x2160.csv,/private/tmp/stars-investigation/timings/compute-groups/3840x2160.log,/private/tmp/stars-investigation/timings/compute-groups/3840x2160.analysis.json,600,600,True,False,
compute-groups,3840x2160,half-compute-raw,15.638178516666667,120,half-a/half-b,-4.657730754178768,"[-5.890259229681459, -3.414214881047305]",0.41699592002575336,synthetic,1,default,/private/tmp/stars-investigation/timings/compute-groups/manifest.json,/private/tmp/stars-investigation/timings/compute-groups/3840x2160.csv,/private/tmp/stars-investigation/timings/compute-groups/3840x2160.log,/private/tmp/stars-investigation/timings/compute-groups/3840x2160.analysis.json,600,600,True,False,
compute-groups,3840x2160,half-compute-raw-g4,23.237500025,120,half-a/half-b,-55.5158114114596,"[-56.53019133603703, -54.29027033342072]",0.41699592002575336,synthetic,1,default,/private/tmp/stars-investigation/timings/compute-groups/manifest.json,/private/tmp/stars-investigation/timings/compute-groups/3840x2160.csv,/private/tmp/stars-investigation/timings/compute-groups/3840x2160.log,/private/tmp/stars-investigation/timings/compute-groups/3840x2160.analysis.json,600,600,True,False,
compute-groups,3840x2160,half-compute-raw-g16,15.408133633333334,120,half-a/half-b,-3.1181668314612443,"[-4.108528185399829, -2.1107800174712685]",0.41699592002575336,synthetic,1,default,/private/tmp/stars-investigation/timings/compute-groups/manifest.json,/private/tmp/stars-investigation/timings/compute-groups/3840x2160.csv,/private/tmp/stars-investigation/timings/compute-groups/3840x2160.log,/private/tmp/stars-investigation/timings/compute-groups/3840x2160.analysis.json,600,600,True,False,
compute-half,1920x1080,half-a,7.267323225,120,half-a/half-b,,,-3.1876283902775526,synthetic,1,,/private/tmp/stars-investigation/timings/compute-half/manifest.json,/private/tmp/stars-investigation/timings/compute-half/1920x1080.csv,/private/tmp/stars-investigation/timings/compute-half/1920x1080.log,/private/tmp/stars-investigation/timings/compute-half/1920x1080.analysis.json,600,600,True,False,
compute-half,1920x1080,half-b,7.4989784833333335,120,half-a/half-b,,,-3.1876283902775526,synthetic,1,,/private/tmp/stars-investigation/timings/compute-half/manifest.json,/private/tmp/stars-investigation/timings/compute-half/1920x1080.csv,/private/tmp/stars-investigation/timings/compute-half/1920x1080.log,/private/tmp/stars-investigation/timings/compute-half/1920x1080.analysis.json,600,600,True,False,
compute-half,1920x1080,half-compute-gather,7.425674666666667,120,half-a/half-b,-0.5759575192209709,"[-4.6229724365233125, 3.3020505933382625]",-3.1876283902775526,synthetic,1,,/private/tmp/stars-investigation/timings/compute-half/manifest.json,/private/tmp/stars-investigation/timings/compute-half/1920x1080.csv,/private/tmp/stars-investigation/timings/compute-half/1920x1080.log,/private/tmp/stars-investigation/timings/compute-half/1920x1080.analysis.json,600,600,True,False,
compute-half,1920x1080,half-compute-raw,6.6703389416666665,120,half-a/half-b,9.654576028305383,"[4.392271342612576, 13.791674760291297]",-3.1876283902775526,synthetic,1,,/private/tmp/stars-investigation/timings/compute-half/manifest.json,/private/tmp/stars-investigation/timings/compute-half/1920x1080.csv,/private/tmp/stars-investigation/timings/compute-half/1920x1080.log,/private/tmp/stars-investigation/timings/compute-half/1920x1080.analysis.json,600,600,True,False,
compute-half,1920x1080,half-compute-decoded,7.290610391666667,120,half-a/half-b,1.253400673071381,"[-5.568625585650595, 6.318471502799559]",-3.1876283902775526,synthetic,1,,/private/tmp/stars-investigation/timings/compute-half/manifest.json,/private/tmp/stars-investigation/timings/compute-half/1920x1080.csv,/private/tmp/stars-investigation/timings/compute-half/1920x1080.log,/private/tmp/stars-investigation/timings/compute-half/1920x1080.analysis.json,600,600,True,False,
compute-half,3840x2160,half-a,15.217344358333333,120,half-a/half-b,,,1.0289419076436102,synthetic,1,,/private/tmp/stars-investigation/timings/compute-half/manifest.json,/private/tmp/stars-investigation/timings/compute-half/3840x2160.csv,/private/tmp/stars-investigation/timings/compute-half/3840x2160.log,/private/tmp/stars-investigation/timings/compute-half/3840x2160.analysis.json,600,600,True,False,
compute-half,3840x2160,half-b,15.060766725,120,half-a/half-b,,,1.0289419076436102,synthetic,1,,/private/tmp/stars-investigation/timings/compute-half/manifest.json,/private/tmp/stars-investigation/timings/compute-half/3840x2160.csv,/private/tmp/stars-investigation/timings/compute-half/3840x2160.log,/private/tmp/stars-investigation/timings/compute-half/3840x2160.analysis.json,600,600,True,False,
compute-half,3840x2160,half-compute-gather,15.227384358333333,120,half-a/half-b,-0.5834499809024507,"[-1.7972716662136574, 0.3706236720684554]",1.0289419076436102,synthetic,1,,/private/tmp/stars-investigation/timings/compute-half/manifest.json,/private/tmp/stars-investigation/timings/compute-half/3840x2160.csv,/private/tmp/stars-investigation/timings/compute-half/3840x2160.log,/private/tmp/stars-investigation/timings/compute-half/3840x2160.analysis.json,600,600,True,False,
compute-half,3840x2160,half-compute-raw,15.968400025,120,half-a/half-b,-5.478178483794838,"[-7.054549438767569, -4.031650824963882]",1.0289419076436102,synthetic,1,,/private/tmp/stars-investigation/timings/compute-half/manifest.json,/private/tmp/stars-investigation/timings/compute-half/3840x2160.csv,/private/tmp/stars-investigation/timings/compute-half/3840x2160.log,/private/tmp/stars-investigation/timings/compute-half/3840x2160.analysis.json,600,600,True,False,
compute-half,3840x2160,half-compute-decoded,17.565173966666666,120,half-a/half-b,-16.025559971840252,"[-16.93540553893065, -14.895191605543898]",1.0289419076436102,synthetic,1,,/private/tmp/stars-investigation/timings/compute-half/manifest.json,/private/tmp/stars-investigation/timings/compute-half/3840x2160.csv,/private/tmp/stars-investigation/timings/compute-half/3840x2160.log,/private/tmp/stars-investigation/timings/compute-half/3840x2160.analysis.json,600,600,True,False,
compute-half-repeat,1920x1080,half-a,6.2481010375,240,half-a/half-b,,,0.7047911395110962,synthetic,1,,/private/tmp/stars-investigation/timings/compute-half-repeat/manifest.json,/private/tmp/stars-investigation/timings/compute-half-repeat/1920x1080.csv,/private/tmp/stars-investigation/timings/compute-half-repeat/1920x1080.log,/private/tmp/stars-investigation/timings/compute-half-repeat/1920x1080.analysis.json,720,720,True,False,
compute-half-repeat,1920x1080,half-b,6.204064975,240,half-a/half-b,,,0.7047911395110962,synthetic,1,,/private/tmp/stars-investigation/timings/compute-half-repeat/manifest.json,/private/tmp/stars-investigation/timings/compute-half-repeat/1920x1080.csv,/private/tmp/stars-investigation/timings/compute-half-repeat/1920x1080.log,/private/tmp/stars-investigation/timings/compute-half-repeat/1920x1080.analysis.json,720,720,True,False,
compute-half-repeat,1920x1080,half-compute-raw,5.583515958333333,240,half-a/half-b,10.320566675253618,"[8.962486238097213, 11.558617115714133]",0.7047911395110962,synthetic,1,,/private/tmp/stars-investigation/timings/compute-half-repeat/manifest.json,/private/tmp/stars-investigation/timings/compute-half-repeat/1920x1080.csv,/private/tmp/stars-investigation/timings/compute-half-repeat/1920x1080.log,/private/tmp/stars-investigation/timings/compute-half-repeat/1920x1080.analysis.json,720,720,True,False,
compute-sparse,1920x1080,half-a,4.532711125,120,half-a/half-b,,,1.0565569629148008,synthetic,1,large-sparse,/private/tmp/stars-investigation/timings/compute-sparse/manifest.json,/private/tmp/stars-investigation/timings/compute-sparse/1920x1080.csv,/private/tmp/stars-investigation/timings/compute-sparse/1920x1080.log,/private/tmp/stars-investigation/timings/compute-sparse/1920x1080.analysis.json,360,360,True,False,
compute-sparse,1920x1080,half-b,4.48482045,120,half-a/half-b,,,1.0565569629148008,synthetic,1,large-sparse,/private/tmp/stars-investigation/timings/compute-sparse/manifest.json,/private/tmp/stars-investigation/timings/compute-sparse/1920x1080.csv,/private/tmp/stars-investigation/timings/compute-sparse/1920x1080.log,/private/tmp/stars-investigation/timings/compute-sparse/1920x1080.analysis.json,360,360,True,False,
compute-sparse,1920x1080,half-compute-raw-g16,4.669252433333333,120,half-a/half-b,-3.5594362935919888,"[-5.702696190210423, -1.5773795239822257]",1.0565569629148008,synthetic,1,large-sparse,/private/tmp/stars-investigation/timings/compute-sparse/manifest.json,/private/tmp/stars-investigation/timings/compute-sparse/1920x1080.csv,/private/tmp/stars-investigation/timings/compute-sparse/1920x1080.log,/private/tmp/stars-investigation/timings/compute-sparse/1920x1080.analysis.json,360,360,True,False,
compute-take-confirm,1920x1080,half-a,6.699036791666667,240,half-a/half-b,,,-1.2281616381379923,take,.5,,/private/tmp/stars-investigation/timings/compute-take-confirm/manifest.json,/private/tmp/stars-investigation/timings/compute-take-confirm/1920x1080.csv,/private/tmp/stars-investigation/timings/compute-take-confirm/1920x1080.log,/private/tmp/stars-investigation/timings/compute-take-confirm/1920x1080.analysis.json,720,720,True,False,
compute-take-confirm,1920x1080,half-b,6.781311791666667,240,half-a/half-b,,,-1.2281616381379923,take,.5,,/private/tmp/stars-investigation/timings/compute-take-confirm/manifest.json,/private/tmp/stars-investigation/timings/compute-take-confirm/1920x1080.csv,/private/tmp/stars-investigation/timings/compute-take-confirm/1920x1080.log,/private/tmp/stars-investigation/timings/compute-take-confirm/1920x1080.analysis.json,720,720,True,False,
compute-take-confirm,1920x1080,half-compute-raw,6.095115479166667,240,half-a/half-b,9.570358043968241,"[7.551949487169971, 11.461314296497003]",-1.2281616381379923,take,.5,,/private/tmp/stars-investigation/timings/compute-take-confirm/manifest.json,/private/tmp/stars-investigation/timings/compute-take-confirm/1920x1080.csv,/private/tmp/stars-investigation/timings/compute-take-confirm/1920x1080.log,/private/tmp/stars-investigation/timings/compute-take-confirm/1920x1080.analysis.json,720,720,True,False,
core-screen,1920x1080,half-a,6.140401691666667,120,half-a/half-b,,,-0.2750638451377352,,1,,/private/tmp/stars-investigation/timings/core-screen/manifest.json,/private/tmp/stars-investigation/timings/core-screen/1920x1080.csv,/private/tmp/stars-investigation/timings/core-screen/1920x1080.log,/private/tmp/stars-investigation/timings/core-screen/1920x1080.analysis.json,480,480,True,False,
core-screen,1920x1080,half-b,6.157291716666666,120,half-a/half-b,,,-0.2750638451377352,,1,,/private/tmp/stars-investigation/timings/core-screen/manifest.json,/private/tmp/stars-investigation/timings/core-screen/1920x1080.csv,/private/tmp/stars-investigation/timings/core-screen/1920x1080.log,/private/tmp/stars-investigation/timings/core-screen/1920x1080.analysis.json,480,480,True,False,
core-screen,1920x1080,half-core,6.237409983333333,120,half-a/half-b,-1.440323420433498,"[-2.740361906249602, -0.30358290912380576]",-0.2750638451377352,,1,,/private/tmp/stars-investigation/timings/core-screen/manifest.json,/private/tmp/stars-investigation/timings/core-screen/1920x1080.csv,/private/tmp/stars-investigation/timings/core-screen/1920x1080.log,/private/tmp/stars-investigation/timings/core-screen/1920x1080.analysis.json,480,480,True,False,
core-screen,1920x1080,half-wide,10.928659066666667,120,half-a/half-b,-77.73510371076637,"[-79.45676526668187, -76.11596878529163]",-0.2750638451377352,,1,,/private/tmp/stars-investigation/timings/core-screen/manifest.json,/private/tmp/stars-investigation/timings/core-screen/1920x1080.csv,/private/tmp/stars-investigation/timings/core-screen/1920x1080.log,/private/tmp/stars-investigation/timings/core-screen/1920x1080.analysis.json,480,480,True,False,
core-screen,3840x2160,half-a,14.413387466666666,120,half-a/half-b,,,-0.40893978002265463,,1,,/private/tmp/stars-investigation/timings/core-screen/manifest.json,/private/tmp/stars-investigation/timings/core-screen/3840x2160.csv,/private/tmp/stars-investigation/timings/core-screen/3840x2160.log,/private/tmp/stars-investigation/timings/core-screen/3840x2160.analysis.json,480,480,True,False,
core-screen,3840x2160,half-b,14.472329541666667,120,half-a/half-b,,,-0.40893978002265463,,1,,/private/tmp/stars-investigation/timings/core-screen/manifest.json,/private/tmp/stars-investigation/timings/core-screen/3840x2160.csv,/private/tmp/stars-investigation/timings/core-screen/3840x2160.log,/private/tmp/stars-investigation/timings/core-screen/3840x2160.analysis.json,480,480,True,False,
core-screen,3840x2160,half-core,14.758563583333334,120,half-a/half-b,-2.1858905498214565,"[-3.4282910268204305, -0.8715590436463099]",-0.40893978002265463,,1,,/private/tmp/stars-investigation/timings/core-screen/manifest.json,/private/tmp/stars-investigation/timings/core-screen/3840x2160.csv,/private/tmp/stars-investigation/timings/core-screen/3840x2160.log,/private/tmp/stars-investigation/timings/core-screen/3840x2160.analysis.json,480,480,True,False,
core-screen,3840x2160,half-wide,30.0762757,120,half-a/half-b,-108.24323447690904,"[-110.25569502652344, -106.61507112494455]",-0.40893978002265463,,1,,/private/tmp/stars-investigation/timings/core-screen/manifest.json,/private/tmp/stars-investigation/timings/core-screen/3840x2160.csv,/private/tmp/stars-investigation/timings/core-screen/3840x2160.log,/private/tmp/stars-investigation/timings/core-screen/3840x2160.analysis.json,480,480,True,False,
format-screen,1920x1080,half-a,6.375315591666666,120,half-a/half-b,,,0.8574572905031941,synthetic,1,default,/private/tmp/stars-investigation/timings/format-screen/manifest.json,/private/tmp/stars-investigation/timings/format-screen/1920x1080.csv,/private/tmp/stars-investigation/timings/format-screen/1920x1080.log,/private/tmp/stars-investigation/timings/format-screen/1920x1080.analysis.json,720,720,True,False,
format-screen,1920x1080,half-b,6.320649983333333,120,half-a/half-b,,,0.8574572905031941,synthetic,1,default,/private/tmp/stars-investigation/timings/format-screen/manifest.json,/private/tmp/stars-investigation/timings/format-screen/1920x1080.csv,/private/tmp/stars-investigation/timings/format-screen/1920x1080.log,/private/tmp/stars-investigation/timings/format-screen/1920x1080.analysis.json,720,720,True,False,
format-screen,1920x1080,full-a,8.750549325,120,full-a/full-b,,,-1.5364625884977556,synthetic,1,default,/private/tmp/stars-investigation/timings/format-screen/manifest.json,/private/tmp/stars-investigation/timings/format-screen/1920x1080.csv,/private/tmp/stars-investigation/timings/format-screen/1920x1080.log,/private/tmp/stars-investigation/timings/format-screen/1920x1080.analysis.json,720,720,True,False,
format-screen,1920x1080,full-b,8.884998241666667,120,full-a/full-b,,,-1.5364625884977556,synthetic,1,default,/private/tmp/stars-investigation/timings/format-screen/manifest.json,/private/tmp/stars-investigation/timings/format-screen/1920x1080.csv,/private/tmp/stars-investigation/timings/format-screen/1920x1080.log,/private/tmp/stars-investigation/timings/format-screen/1920x1080.analysis.json,720,720,True,False,
format-screen,1920x1080,half-u8r4,6.243138191666667,120,half-a/half-b,1.651620669794307,"[0.357483471842871, 3.17912783721953]",0.8574572905031941,synthetic,1,default,/private/tmp/stars-investigation/timings/format-screen/manifest.json,/private/tmp/stars-investigation/timings/format-screen/1920x1080.csv,/private/tmp/stars-investigation/timings/format-screen/1920x1080.log,/private/tmp/stars-investigation/timings/format-screen/1920x1080.analysis.json,720,720,True,False,
format-screen,1920x1080,full-u8r4,8.785817383333333,120,full-a/full-b,0.36240893433218124,"[-1.6081840912813912, 2.268680582101728]",-1.5364625884977556,synthetic,1,default,/private/tmp/stars-investigation/timings/format-screen/manifest.json,/private/tmp/stars-investigation/timings/format-screen/1920x1080.csv,/private/tmp/stars-investigation/timings/format-screen/1920x1080.log,/private/tmp/stars-investigation/timings/format-screen/1920x1080.analysis.json,720,720,True,False,
format-screen,3840x2160,half-a,15.752892325,120,half-a/half-b,,,1.4936011123912851,synthetic,1,default,/private/tmp/stars-investigation/timings/format-screen/manifest.json,/private/tmp/stars-investigation/timings/format-screen/3840x2160.csv,/private/tmp/stars-investigation/timings/format-screen/3840x2160.log,/private/tmp/stars-investigation/timings/format-screen/3840x2160.analysis.json,720,720,True,False,
format-screen,3840x2160,half-b,15.51760695,120,half-a/half-b,,,1.4936011123912851,synthetic,1,default,/private/tmp/stars-investigation/timings/format-screen/manifest.json,/private/tmp/stars-investigation/timings/format-screen/3840x2160.csv,/private/tmp/stars-investigation/timings/format-screen/3840x2160.log,/private/tmp/stars-investigation/timings/format-screen/3840x2160.analysis.json,720,720,True,False,
format-screen,3840x2160,full-a,29.447752041666668,120,full-a/full-b,,,-0.6522026697598271,synthetic,1,default,/private/tmp/stars-investigation/timings/format-screen/manifest.json,/private/tmp/stars-investigation/timings/format-screen/3840x2160.csv,/private/tmp/stars-investigation/timings/format-screen/3840x2160.log,/private/tmp/stars-investigation/timings/format-screen/3840x2160.analysis.json,720,720,True,False,
format-screen,3840x2160,full-b,29.639811066666667,120,full-a/full-b,,,-0.6522026697598271,synthetic,1,default,/private/tmp/stars-investigation/timings/format-screen/manifest.json,/private/tmp/stars-investigation/timings/format-screen/3840x2160.csv,/private/tmp/stars-investigation/timings/format-screen/3840x2160.log,/private/tmp/stars-investigation/timings/format-screen/3840x2160.analysis.json,720,720,True,False,
format-screen,3840x2160,half-u8r4,15.677571183333333,120,half-a/half-b,-0.27068033331445474,"[-1.4856769173346034, 0.6587374632773696]",1.4936011123912851,synthetic,1,default,/private/tmp/stars-investigation/timings/format-screen/manifest.json,/private/tmp/stars-investigation/timings/format-screen/3840x2160.csv,/private/tmp/stars-investigation/timings/format-screen/3840x2160.log,/private/tmp/stars-investigation/timings/format-screen/3840x2160.analysis.json,720,720,True,False,
format-screen,3840x2160,full-u8r4,29.109434366666665,120,full-a/full-b,1.4701814211009467,"[0.3307269779423738, 2.6940161467281256]",-0.6522026697598271,synthetic,1,default,/private/tmp/stars-investigation/timings/format-screen/manifest.json,/private/tmp/stars-investigation/timings/format-screen/3840x2160.csv,/private/tmp/stars-investigation/timings/format-screen/3840x2160.log,/private/tmp/stars-investigation/timings/format-screen/3840x2160.analysis.json,720,720,True,False,
frontier,1920x1080,half-a,6.198132341666667,120,,,,,,1,,/private/tmp/stars-investigation/timings/frontier/manifest.json,/private/tmp/stars-investigation/timings/frontier/1920x1080.csv,/private/tmp/stars-investigation/timings/frontier/1920x1080.log,/private/tmp/stars-investigation/timings/frontier/1920x1080.analysis.json,720,720,True,False,no_prefix_matched_control_pair
frontier,1920x1080,full-a,8.541702016666667,120,full-a/full-b,,,-0.278032117646565,,1,,/private/tmp/stars-investigation/timings/frontier/manifest.json,/private/tmp/stars-investigation/timings/frontier/1920x1080.csv,/private/tmp/stars-investigation/timings/frontier/1920x1080.log,/private/tmp/stars-investigation/timings/frontier/1920x1080.analysis.json,720,720,True,False,
frontier,1920x1080,full-b,8.565450691666667,120,full-a/full-b,,,-0.278032117646565,,1,,/private/tmp/stars-investigation/timings/frontier/manifest.json,/private/tmp/stars-investigation/timings/frontier/1920x1080.csv,/private/tmp/stars-investigation/timings/frontier/1920x1080.log,/private/tmp/stars-investigation/timings/frontier/1920x1080.analysis.json,720,720,True,False,
frontier,1920x1080,r625,6.179026033333333,120,,,,,,1,,/private/tmp/stars-investigation/timings/frontier/manifest.json,/private/tmp/stars-investigation/timings/frontier/1920x1080.csv,/private/tmp/stars-investigation/timings/frontier/1920x1080.log,/private/tmp/stars-investigation/timings/frontier/1920x1080.analysis.json,720,720,True,False,no_prefix_matched_control_pair
frontier,1920x1080,r750,6.7340941,120,,,,,,1,,/private/tmp/stars-investigation/timings/frontier/manifest.json,/private/tmp/stars-investigation/timings/frontier/1920x1080.csv,/private/tmp/stars-investigation/timings/frontier/1920x1080.log,/private/tmp/stars-investigation/timings/frontier/1920x1080.analysis.json,720,720,True,False,no_prefix_matched_control_pair
frontier,1920x1080,r875,7.6176396,120,,,,,,1,,/private/tmp/stars-investigation/timings/frontier/manifest.json,/private/tmp/stars-investigation/timings/frontier/1920x1080.csv,/private/tmp/stars-investigation/timings/frontier/1920x1080.log,/private/tmp/stars-investigation/timings/frontier/1920x1080.analysis.json,720,720,True,False,no_prefix_matched_control_pair
frontier,3840x2160,half-a,14.304511416666667,120,,,,,,1,,/private/tmp/stars-investigation/timings/frontier/manifest.json,/private/tmp/stars-investigation/timings/frontier/3840x2160.csv,/private/tmp/stars-investigation/timings/frontier/3840x2160.log,/private/tmp/stars-investigation/timings/frontier/3840x2160.analysis.json,720,720,True,False,no_prefix_matched_control_pair
frontier,3840x2160,full-a,26.889282933333334,120,full-a/full-b,,,0.012493143364944448,,1,,/private/tmp/stars-investigation/timings/frontier/manifest.json,/private/tmp/stars-investigation/timings/frontier/3840x2160.csv,/private/tmp/stars-investigation/timings/frontier/3840x2160.log,/private/tmp/stars-investigation/timings/frontier/3840x2160.analysis.json,720,720,True,False,
frontier,3840x2160,full-b,26.885923616666666,120,full-a/full-b,,,0.012493143364944448,,1,,/private/tmp/stars-investigation/timings/frontier/manifest.json,/private/tmp/stars-investigation/timings/frontier/3840x2160.csv,/private/tmp/stars-investigation/timings/frontier/3840x2160.log,/private/tmp/stars-investigation/timings/frontier/3840x2160.analysis.json,720,720,True,False,
frontier,3840x2160,r625,16.721175708333334,120,,,,,,1,,/private/tmp/stars-investigation/timings/frontier/manifest.json,/private/tmp/stars-investigation/timings/frontier/3840x2160.csv,/private/tmp/stars-investigation/timings/frontier/3840x2160.log,/private/tmp/stars-investigation/timings/frontier/3840x2160.analysis.json,720,720,True,False,no_prefix_matched_control_pair
frontier,3840x2160,r750,19.5804083,120,,,,,,1,,/private/tmp/stars-investigation/timings/frontier/manifest.json,/private/tmp/stars-investigation/timings/frontier/3840x2160.csv,/private/tmp/stars-investigation/timings/frontier/3840x2160.log,/private/tmp/stars-investigation/timings/frontier/3840x2160.analysis.json,720,720,True,False,no_prefix_matched_control_pair
frontier,3840x2160,r875,22.986919441666668,120,,,,,,1,,/private/tmp/stars-investigation/timings/frontier/manifest.json,/private/tmp/stars-investigation/timings/frontier/3840x2160.csv,/private/tmp/stars-investigation/timings/frontier/3840x2160.log,/private/tmp/stars-investigation/timings/frontier/3840x2160.analysis.json,720,720,True,False,no_prefix_matched_control_pair
full-screen,1920x1080,full-a,8.611914575,120,full-a/full-b,,,0.3145355553335949,,1,,/private/tmp/stars-investigation/timings/full-screen/manifest.json,/private/tmp/stars-investigation/timings/full-screen/1920x1080.csv,/private/tmp/stars-investigation/timings/full-screen/1920x1080.log,/private/tmp/stars-investigation/timings/full-screen/1920x1080.analysis.json,480,480,True,False,
full-screen,1920x1080,full-b,8.584827041666667,120,full-a/full-b,,,0.3145355553335949,,1,,/private/tmp/stars-investigation/timings/full-screen/manifest.json,/private/tmp/stars-investigation/timings/full-screen/1920x1080.csv,/private/tmp/stars-investigation/timings/full-screen/1920x1080.log,/private/tmp/stars-investigation/timings/full-screen/1920x1080.analysis.json,480,480,True,False,
full-screen,1920x1080,full-nosplit,8.553930558333333,120,full-a/full-b,0.5168450046016959,"[-0.9073013030904363, 1.9590290004252917]",0.3145355553335949,,1,,/private/tmp/stars-investigation/timings/full-screen/manifest.json,/private/tmp/stars-investigation/timings/full-screen/1920x1080.csv,/private/tmp/stars-investigation/timings/full-screen/1920x1080.log,/private/tmp/stars-investigation/timings/full-screen/1920x1080.analysis.json,480,480,True,False,
full-screen,1920x1080,full-direct,10.746341291666667,120,full-a/full-b,-24.981133417176782,"[-26.519274970204815, -23.667002651001493]",0.3145355553335949,,1,,/private/tmp/stars-investigation/timings/full-screen/manifest.json,/private/tmp/stars-investigation/timings/full-screen/1920x1080.csv,/private/tmp/stars-investigation/timings/full-screen/1920x1080.log,/private/tmp/stars-investigation/timings/full-screen/1920x1080.analysis.json,480,480,True,False,
full-screen,3840x2160,full-a,27.060501716666668,120,full-a/full-b,,,1.0176515863724478,,1,,/private/tmp/stars-investigation/timings/full-screen/manifest.json,/private/tmp/stars-investigation/timings/full-screen/3840x2160.csv,/private/tmp/stars-investigation/timings/full-screen/3840x2160.log,/private/tmp/stars-investigation/timings/full-screen/3840x2160.analysis.json,480,480,True,False,
full-screen,3840x2160,full-b,26.785120091666666,120,full-a/full-b,,,1.0176515863724478,,1,,/private/tmp/stars-investigation/timings/full-screen/manifest.json,/private/tmp/stars-investigation/timings/full-screen/3840x2160.csv,/private/tmp/stars-investigation/timings/full-screen/3840x2160.log,/private/tmp/stars-investigation/timings/full-screen/3840x2160.analysis.json,480,480,True,False,
full-screen,3840x2160,full-nosplit,27.808168783333333,120,full-a/full-b,-3.2885046153544373,"[-4.413509683874841, -2.2413624182548544]",1.0176515863724478,,1,,/private/tmp/stars-investigation/timings/full-screen/manifest.json,/private/tmp/stars-investigation/timings/full-screen/3840x2160.csv,/private/tmp/stars-investigation/timings/full-screen/3840x2160.log,/private/tmp/stars-investigation/timings/full-screen/3840x2160.analysis.json,480,480,True,False,
full-screen,3840x2160,full-direct,30.19188645,120,full-a/full-b,-12.142400574255795,"[-12.977942766061561, -11.470912127585386]",1.0176515863724478,,1,,/private/tmp/stars-investigation/timings/full-screen/manifest.json,/private/tmp/stars-investigation/timings/full-screen/3840x2160.csv,/private/tmp/stars-investigation/timings/full-screen/3840x2160.log,/private/tmp/stars-investigation/timings/full-screen/3840x2160.analysis.json,480,480,True,False,
fusion-screen,1920x1080,half-a,8.00293195,120,half-a/half-b,,,1.1568120772704304,synthetic,1,,/private/tmp/stars-investigation/timings/fusion-screen/manifest.json,/private/tmp/stars-investigation/timings/fusion-screen/1920x1080.csv,/private/tmp/stars-investigation/timings/fusion-screen/1920x1080.log,/private/tmp/stars-investigation/timings/fusion-screen/1920x1080.analysis.json,720,720,True,False,
fusion-screen,1920x1080,half-b,7.910353066666667,120,half-a/half-b,,,1.1568120772704304,synthetic,1,,/private/tmp/stars-investigation/timings/fusion-screen/manifest.json,/private/tmp/stars-investigation/timings/fusion-screen/1920x1080.csv,/private/tmp/stars-investigation/timings/fusion-screen/1920x1080.log,/private/tmp/stars-investigation/timings/fusion-screen/1920x1080.analysis.json,720,720,True,False,
fusion-screen,1920x1080,half-fused,7.202633333333333,120,half-a/half-b,9.47647420642932,"[7.437225052079713, 11.522258254517956]",1.1568120772704304,synthetic,1,,/private/tmp/stars-investigation/timings/fusion-screen/manifest.json,/private/tmp/stars-investigation/timings/fusion-screen/1920x1080.csv,/private/tmp/stars-investigation/timings/fusion-screen/1920x1080.log,/private/tmp/stars-investigation/timings/fusion-screen/1920x1080.analysis.json,720,720,True,False,
fusion-screen,1920x1080,full-a,11.703217675,120,full-a/full-b,,,1.5876597373465362,synthetic,1,,/private/tmp/stars-investigation/timings/fusion-screen/manifest.json,/private/tmp/stars-investigation/timings/fusion-screen/1920x1080.csv,/private/tmp/stars-investigation/timings/fusion-screen/1920x1080.log,/private/tmp/stars-investigation/timings/fusion-screen/1920x1080.analysis.json,720,720,True,False,
fusion-screen,1920x1080,full-b,11.5174104,120,full-a/full-b,,,1.5876597373465362,synthetic,1,,/private/tmp/stars-investigation/timings/fusion-screen/manifest.json,/private/tmp/stars-investigation/timings/fusion-screen/1920x1080.csv,/private/tmp/stars-investigation/timings/fusion-screen/1920x1080.log,/private/tmp/stars-investigation/timings/fusion-screen/1920x1080.analysis.json,720,720,True,False,
fusion-screen,1920x1080,full-fused,11.152794141666666,120,full-a/full-b,3.940633253808601,"[2.3014193837808268, 5.559618619882988]",1.5876597373465362,synthetic,1,,/private/tmp/stars-investigation/timings/fusion-screen/manifest.json,/private/tmp/stars-investigation/timings/fusion-screen/1920x1080.csv,/private/tmp/stars-investigation/timings/fusion-screen/1920x1080.log,/private/tmp/stars-investigation/timings/fusion-screen/1920x1080.analysis.json,720,720,True,False,
fusion-screen,3840x2160,half-a,15.577924566666667,120,half-a/half-b,,,1.496207281459061,synthetic,1,,/private/tmp/stars-investigation/timings/fusion-screen/manifest.json,/private/tmp/stars-investigation/timings/fusion-screen/3840x2160.csv,/private/tmp/stars-investigation/timings/fusion-screen/3840x2160.log,/private/tmp/stars-investigation/timings/fusion-screen/3840x2160.analysis.json,720,720,True,False,
fusion-screen,3840x2160,half-b,15.344846525,120,half-a/half-b,,,1.496207281459061,synthetic,1,,/private/tmp/stars-investigation/timings/fusion-screen/manifest.json,/private/tmp/stars-investigation/timings/fusion-screen/3840x2160.csv,/private/tmp/stars-investigation/timings/fusion-screen/3840x2160.log,/private/tmp/stars-investigation/timings/fusion-screen/3840x2160.analysis.json,720,720,True,False,
fusion-screen,3840x2160,half-fused,15.097185383333333,120,half-a/half-b,2.3555467355779625,"[0.48525627158549245, 4.958475241802216]",1.496207281459061,synthetic,1,,/private/tmp/stars-investigation/timings/fusion-screen/manifest.json,/private/tmp/stars-investigation/timings/fusion-screen/3840x2160.csv,/private/tmp/stars-investigation/timings/fusion-screen/3840x2160.log,/private/tmp/stars-investigation/timings/fusion-screen/3840x2160.analysis.json,720,720,True,False,
fusion-screen,3840x2160,full-a,29.223098583333332,120,full-a/full-b,,,0.7325611486961314,synthetic,1,,/private/tmp/stars-investigation/timings/fusion-screen/manifest.json,/private/tmp/stars-investigation/timings/fusion-screen/3840x2160.csv,/private/tmp/stars-investigation/timings/fusion-screen/3840x2160.log,/private/tmp/stars-investigation/timings/fusion-screen/3840x2160.analysis.json,720,720,True,False,
fusion-screen,3840x2160,full-b,29.009021516666667,120,full-a/full-b,,,0.7325611486961314,synthetic,1,,/private/tmp/stars-investigation/timings/fusion-screen/manifest.json,/private/tmp/stars-investigation/timings/fusion-screen/3840x2160.csv,/private/tmp/stars-investigation/timings/fusion-screen/3840x2160.log,/private/tmp/stars-investigation/timings/fusion-screen/3840x2160.analysis.json,720,720,True,False,
fusion-screen,3840x2160,full-fused,28.7662187,120,full-a/full-b,1.2015408314147935,"[0.062084161379609155, 2.277677485511237]",0.7325611486961314,synthetic,1,,/private/tmp/stars-investigation/timings/fusion-screen/manifest.json,/private/tmp/stars-investigation/timings/fusion-screen/3840x2160.csv,/private/tmp/stars-investigation/timings/fusion-screen/3840x2160.log,/private/tmp/stars-investigation/timings/fusion-screen/3840x2160.analysis.json,720,720,True,False,
half-screen,1920x1080,half-a,6.1548337166666665,120,half-a/half-b,,,-1.105143720603552,,1,,/private/tmp/stars-investigation/timings/half-screen/manifest.json,/private/tmp/stars-investigation/timings/half-screen/1920x1080.csv,/private/tmp/stars-investigation/timings/half-screen/1920x1080.log,/private/tmp/stars-investigation/timings/half-screen/1920x1080.analysis.json,480,480,True,False,
half-screen,1920x1080,half-b,6.222853475,120,half-a/half-b,,,-1.105143720603552,,1,,/private/tmp/stars-investigation/timings/half-screen/manifest.json,/private/tmp/stars-investigation/timings/half-screen/1920x1080.csv,/private/tmp/stars-investigation/timings/half-screen/1920x1080.log,/private/tmp/stars-investigation/timings/half-screen/1920x1080.analysis.json,480,480,True,False,
half-screen,1920x1080,half-nosplit,6.1683181,120,half-a/half-b,0.33165316776067044,"[-1.1978345666155026, 1.784134077207928]",-1.105143720603552,,1,,/private/tmp/stars-investigation/timings/half-screen/manifest.json,/private/tmp/stars-investigation/timings/half-screen/1920x1080.csv,/private/tmp/stars-investigation/timings/half-screen/1920x1080.log,/private/tmp/stars-investigation/timings/half-screen/1920x1080.analysis.json,480,480,True,False,
half-screen,1920x1080,half-f16,6.194793391666667,120,half-a/half-b,-0.09613744056060636,"[-1.7228486461449366, 1.3977105635699885]",-1.105143720603552,,1,,/private/tmp/stars-investigation/timings/half-screen/manifest.json,/private/tmp/stars-investigation/timings/half-screen/1920x1080.csv,/private/tmp/stars-investigation/timings/half-screen/1920x1080.log,/private/tmp/stars-investigation/timings/half-screen/1920x1080.analysis.json,480,480,True,False,
half-screen,3840x2160,half-a,17.047613108333334,120,half-a/half-b,,,-0.8492967553869635,,1,,/private/tmp/stars-investigation/timings/half-screen/manifest.json,/private/tmp/stars-investigation/timings/half-screen/3840x2160.csv,/private/tmp/stars-investigation/timings/half-screen/3840x2160.log,/private/tmp/stars-investigation/timings/half-screen/3840x2160.analysis.json,480,480,True,False,
half-screen,3840x2160,half-b,17.192397933333332,120,half-a/half-b,,,-0.8492967553869635,,1,,/private/tmp/stars-investigation/timings/half-screen/manifest.json,/private/tmp/stars-investigation/timings/half-screen/3840x2160.csv,/private/tmp/stars-investigation/timings/half-screen/3840x2160.log,/private/tmp/stars-investigation/timings/half-screen/3840x2160.analysis.json,480,480,True,False,
half-screen,3840x2160,half-nosplit,18.285289575,120,half-a/half-b,-6.806563541983857,"[-7.850910856688209, -5.8067401637878175]",-0.8492967553869635,,1,,/private/tmp/stars-investigation/timings/half-screen/manifest.json,/private/tmp/stars-investigation/timings/half-screen/3840x2160.csv,/private/tmp/stars-investigation/timings/half-screen/3840x2160.log,/private/tmp/stars-investigation/timings/half-screen/3840x2160.analysis.json,480,480,True,False,
half-screen,3840x2160,half-f16,17.067064191666667,120,half-a/half-b,0.30923663606440277,"[-0.812842403949699, 1.4044255246624462]",-0.8492967553869635,,1,,/private/tmp/stars-investigation/timings/half-screen/manifest.json,/private/tmp/stars-investigation/timings/half-screen/3840x2160.csv,/private/tmp/stars-investigation/timings/half-screen/3840x2160.log,/private/tmp/stars-investigation/timings/half-screen/3840x2160.analysis.json,480,480,True,False,
layer-cost-0,1920x1080,full-a,12.578567683333333,120,full-a/full-b,,,0.7115854569986424,synthetic,.5,default,/private/tmp/stars-investigation/timings/layer-cost-0/manifest.json,/private/tmp/stars-investigation/timings/layer-cost-0/1920x1080.csv,/private/tmp/stars-investigation/timings/layer-cost-0/1920x1080.log,/private/tmp/stars-investigation/timings/layer-cost-0/1920x1080.analysis.json,600,600,True,False,
layer-cost-0,1920x1080,full-b,12.489060425,120,full-a/full-b,,,0.7115854569986424,synthetic,.5,default,/private/tmp/stars-investigation/timings/layer-cost-0/manifest.json,/private/tmp/stars-investigation/timings/layer-cost-0/1920x1080.csv,/private/tmp/stars-investigation/timings/layer-cost-0/1920x1080.log,/private/tmp/stars-investigation/timings/layer-cost-0/1920x1080.analysis.json,600,600,True,False,
layer-cost-0,1920x1080,full-l0r50,11.94720935,120,full-a/full-b,4.680177172180566,"[2.0882853883048775, 7.226983063774256]",0.7115854569986424,synthetic,.5,default,/private/tmp/stars-investigation/timings/layer-cost-0/manifest.json,/private/tmp/stars-investigation/timings/layer-cost-0/1920x1080.csv,/private/tmp/stars-investigation/timings/layer-cost-0/1920x1080.log,/private/tmp/stars-investigation/timings/layer-cost-0/1920x1080.analysis.json,600,600,True,False,
layer-cost-0,1920x1080,full-l0r70,11.824338525,120,full-a/full-b,5.66049189895883,"[3.8572627594895352, 8.042478908019989]",0.7115854569986424,synthetic,.5,default,/private/tmp/stars-investigation/timings/layer-cost-0/manifest.json,/private/tmp/stars-investigation/timings/layer-cost-0/1920x1080.csv,/private/tmp/stars-investigation/timings/layer-cost-0/1920x1080.log,/private/tmp/stars-investigation/timings/layer-cost-0/1920x1080.analysis.json,600,600,True,False,
layer-cost-0,1920x1080,full-l0r90,12.242734433333334,120,full-a/full-b,2.3223547084342377,"[-1.2580215664236543, 6.612042773720583]",0.7115854569986424,synthetic,.5,default,/private/tmp/stars-investigation/timings/layer-cost-0/manifest.json,/private/tmp/stars-investigation/timings/layer-cost-0/1920x1080.csv,/private/tmp/stars-investigation/timings/layer-cost-0/1920x1080.log,/private/tmp/stars-investigation/timings/layer-cost-0/1920x1080.analysis.json,600,600,True,False,
layer-cost-0,3840x2160,full-a,36.31592264166667,120,full-a/full-b,,,0.08916089044327391,synthetic,.5,default,/private/tmp/stars-investigation/timings/layer-cost-0/manifest.json,/private/tmp/stars-investigation/timings/layer-cost-0/3840x2160.csv,/private/tmp/stars-investigation/timings/layer-cost-0/3840x2160.log,/private/tmp/stars-investigation/timings/layer-cost-0/3840x2160.analysis.json,600,600,True,False,
layer-cost-0,3840x2160,full-b,36.28354304166667,120,full-a/full-b,,,0.08916089044327391,synthetic,.5,default,/private/tmp/stars-investigation/timings/layer-cost-0/manifest.json,/private/tmp/stars-investigation/timings/layer-cost-0/3840x2160.csv,/private/tmp/stars-investigation/timings/layer-cost-0/3840x2160.log,/private/tmp/stars-investigation/timings/layer-cost-0/3840x2160.analysis.json,600,600,True,False,
layer-cost-0,3840x2160,full-l0r50,33.837799616666665,120,full-a/full-b,6.782235108281743,"[5.354895375054401, 8.165116975034504]",0.08916089044327391,synthetic,.5,default,/private/tmp/stars-investigation/timings/layer-cost-0/manifest.json,/private/tmp/stars-investigation/timings/layer-cost-0/3840x2160.csv,/private/tmp/stars-investigation/timings/layer-cost-0/3840x2160.log,/private/tmp/stars-investigation/timings/layer-cost-0/3840x2160.analysis.json,600,600,True,False,
layer-cost-0,3840x2160,full-l0r70,34.53542326666667,120,full-a/full-b,4.860392727119011,"[3.709977240604523, 6.046619398798623]",0.08916089044327391,synthetic,.5,default,/private/tmp/stars-investigation/timings/layer-cost-0/manifest.json,/private/tmp/stars-investigation/timings/layer-cost-0/3840x2160.csv,/private/tmp/stars-investigation/timings/layer-cost-0/3840x2160.log,/private/tmp/stars-investigation/timings/layer-cost-0/3840x2160.analysis.json,600,600,True,False,
layer-cost-0,3840x2160,full-l0r90,36.37509968333333,120,full-a/full-b,-0.20762368140674337,"[-1.6495722136118007, 0.9385976374391529]",0.08916089044327391,synthetic,.5,default,/private/tmp/stars-investigation/timings/layer-cost-0/manifest.json,/private/tmp/stars-investigation/timings/layer-cost-0/3840x2160.csv,/private/tmp/stars-investigation/timings/layer-cost-0/3840x2160.log,/private/tmp/stars-investigation/timings/layer-cost-0/3840x2160.analysis.json,600,600,True,False,
layer-cost-1,1920x1080,full-a,11.740655891666666,120,full-a/full-b,,,2.2203117163016373,synthetic,.5,default,/private/tmp/stars-investigation/timings/layer-cost-1/manifest.json,/private/tmp/stars-investigation/timings/layer-cost-1/1920x1080.csv,/private/tmp/stars-investigation/timings/layer-cost-1/1920x1080.log,/private/tmp/stars-investigation/timings/layer-cost-1/1920x1080.analysis.json,600,600,True,False,
layer-cost-1,1920x1080,full-b,11.479976733333332,120,full-a/full-b,,,2.2203117163016373,synthetic,.5,default,/private/tmp/stars-investigation/timings/layer-cost-1/manifest.json,/private/tmp/stars-investigation/timings/layer-cost-1/1920x1080.csv,/private/tmp/stars-investigation/timings/layer-cost-1/1920x1080.log,/private/tmp/stars-investigation/timings/layer-cost-1/1920x1080.analysis.json,600,600,True,False,
layer-cost-1,1920x1080,full-l1r50,11.1390862,120,full-a/full-b,4.0587189859130675,"[2.6064078825271455, 5.493616560589266]",2.2203117163016373,synthetic,.5,default,/private/tmp/stars-investigation/timings/layer-cost-1/manifest.json,/private/tmp/stars-investigation/timings/layer-cost-1/1920x1080.csv,/private/tmp/stars-investigation/timings/layer-cost-1/1920x1080.log,/private/tmp/stars-investigation/timings/layer-cost-1/1920x1080.analysis.json,600,600,True,False,
layer-cost-1,1920x1080,full-l1r70,11.364722558333334,120,full-a/full-b,2.1153063151453932,"[-4.154040574515291, 5.870576050604556]",2.2203117163016373,synthetic,.5,default,/private/tmp/stars-investigation/timings/layer-cost-1/manifest.json,/private/tmp/stars-investigation/timings/layer-cost-1/1920x1080.csv,/private/tmp/stars-investigation/timings/layer-cost-1/1920x1080.log,/private/tmp/stars-investigation/timings/layer-cost-1/1920x1080.analysis.json,600,600,True,False,
layer-cost-1,1920x1080,full-l1r90,11.463044083333333,120,full-a/full-b,1.2684600936161416,"[0.21395536869557946, 2.428942736469156]",2.2203117163016373,synthetic,.5,default,/private/tmp/stars-investigation/timings/layer-cost-1/manifest.json,/private/tmp/stars-investigation/timings/layer-cost-1/1920x1080.csv,/private/tmp/stars-investigation/timings/layer-cost-1/1920x1080.log,/private/tmp/stars-investigation/timings/layer-cost-1/1920x1080.analysis.json,600,600,True,False,
layer-cost-1,3840x2160,full-a,28.85838235,120,full-a/full-b,,,-1.2933330039316182,synthetic,.5,default,/private/tmp/stars-investigation/timings/layer-cost-1/manifest.json,/private/tmp/stars-investigation/timings/layer-cost-1/3840x2160.csv,/private/tmp/stars-investigation/timings/layer-cost-1/3840x2160.log,/private/tmp/stars-investigation/timings/layer-cost-1/3840x2160.analysis.json,600,600,True,False,
layer-cost-1,3840x2160,full-b,29.231617333333332,120,full-a/full-b,,,-1.2933330039316182,synthetic,.5,default,/private/tmp/stars-investigation/timings/layer-cost-1/manifest.json,/private/tmp/stars-investigation/timings/layer-cost-1/3840x2160.csv,/private/tmp/stars-investigation/timings/layer-cost-1/3840x2160.log,/private/tmp/stars-investigation/timings/layer-cost-1/3840x2160.analysis.json,600,600,True,False,
layer-cost-1,3840x2160,full-l1r50,26.900857641666665,120,full-a/full-b,7.382138790457504,"[6.689873988639025, 7.943688794480599]",-1.2933330039316182,synthetic,.5,default,/private/tmp/stars-investigation/timings/layer-cost-1/manifest.json,/private/tmp/stars-investigation/timings/layer-cost-1/3840x2160.csv,/private/tmp/stars-investigation/timings/layer-cost-1/3840x2160.log,/private/tmp/stars-investigation/timings/layer-cost-1/3840x2160.analysis.json,600,600,True,False,
layer-cost-1,3840x2160,full-l1r70,27.933919458333335,120,full-a/full-b,3.8253757596494187,"[3.125881349203642, 4.799406532298306]",-1.2933330039316182,synthetic,.5,default,/private/tmp/stars-investigation/timings/layer-cost-1/manifest.json,/private/tmp/stars-investigation/timings/layer-cost-1/3840x2160.csv,/private/tmp/stars-investigation/timings/layer-cost-1/3840x2160.log,/private/tmp/stars-investigation/timings/layer-cost-1/3840x2160.analysis.json,600,600,True,False,
layer-cost-1,3840x2160,full-l1r90,28.846280525,120,full-a/full-b,0.6841773721809163,"[-0.5535080575395385, 1.8810112325422728]",-1.2933330039316182,synthetic,.5,default,/private/tmp/stars-investigation/timings/layer-cost-1/manifest.json,/private/tmp/stars-investigation/timings/layer-cost-1/3840x2160.csv,/private/tmp/stars-investigation/timings/layer-cost-1/3840x2160.log,/private/tmp/stars-investigation/timings/layer-cost-1/3840x2160.analysis.json,600,600,True,False,
layer-cost-2,1920x1080,full-a,8.715995108333333,120,full-a/full-b,,,0.7953851794507583,synthetic,.5,default,/private/tmp/stars-investigation/timings/layer-cost-2/manifest.json,/private/tmp/stars-investigation/timings/layer-cost-2/1920x1080.csv,/private/tmp/stars-investigation/timings/layer-cost-2/1920x1080.log,/private/tmp/stars-investigation/timings/layer-cost-2/1920x1080.analysis.json,600,600,True,False,
layer-cost-2,1920x1080,full-b,8.646669375,120,full-a/full-b,,,0.7953851794507583,synthetic,.5,default,/private/tmp/stars-investigation/timings/layer-cost-2/manifest.json,/private/tmp/stars-investigation/timings/layer-cost-2/1920x1080.csv,/private/tmp/stars-investigation/timings/layer-cost-2/1920x1080.log,/private/tmp/stars-investigation/timings/layer-cost-2/1920x1080.analysis.json,600,600,True,False,
layer-cost-2,1920x1080,full-l2r50,8.149083308333333,120,full-a/full-b,6.130959149089643,"[5.49982378266792, 6.783981858123342]",0.7953851794507583,synthetic,.5,default,/private/tmp/stars-investigation/timings/layer-cost-2/manifest.json,/private/tmp/stars-investigation/timings/layer-cost-2/1920x1080.csv,/private/tmp/stars-investigation/timings/layer-cost-2/1920x1080.log,/private/tmp/stars-investigation/timings/layer-cost-2/1920x1080.analysis.json,600,600,True,False,
layer-cost-2,1920x1080,full-l2r70,8.340655158333334,120,full-a/full-b,3.9242488808138076,"[3.306670013051317, 4.57466285849444]",0.7953851794507583,synthetic,.5,default,/private/tmp/stars-investigation/timings/layer-cost-2/manifest.json,/private/tmp/stars-investigation/timings/layer-cost-2/1920x1080.csv,/private/tmp/stars-investigation/timings/layer-cost-2/1920x1080.log,/private/tmp/stars-investigation/timings/layer-cost-2/1920x1080.analysis.json,600,600,True,False,
layer-cost-2,1920x1080,full-l2r90,8.659108383333333,120,full-a/full-b,0.25599594295754313,"[-1.084289630922058, 1.5710021650237358]",0.7953851794507583,synthetic,.5,default,/private/tmp/stars-investigation/timings/layer-cost-2/manifest.json,/private/tmp/stars-investigation/timings/layer-cost-2/1920x1080.csv,/private/tmp/stars-investigation/timings/layer-cost-2/1920x1080.log,/private/tmp/stars-investigation/timings/layer-cost-2/1920x1080.analysis.json,600,600,True,False,
layer-cost-2,3840x2160,full-a,27.7267663,120,full-a/full-b,,,0.16746624722696613,synthetic,.5,default,/private/tmp/stars-investigation/timings/layer-cost-2/manifest.json,/private/tmp/stars-investigation/timings/layer-cost-2/3840x2160.csv,/private/tmp/stars-investigation/timings/layer-cost-2/3840x2160.log,/private/tmp/stars-investigation/timings/layer-cost-2/3840x2160.analysis.json,600,600,True,False,
layer-cost-2,3840x2160,full-b,27.680333325,120,full-a/full-b,,,0.16746624722696613,synthetic,.5,default,/private/tmp/stars-investigation/timings/layer-cost-2/manifest.json,/private/tmp/stars-investigation/timings/layer-cost-2/3840x2160.csv,/private/tmp/stars-investigation/timings/layer-cost-2/3840x2160.log,/private/tmp/stars-investigation/timings/layer-cost-2/3840x2160.analysis.json,600,600,True,False,
layer-cost-2,3840x2160,full-l2r50,25.810970133333335,120,full-a/full-b,6.831542138014102,"[6.426620609480003, 7.249972366129194]",0.16746624722696613,synthetic,.5,default,/private/tmp/stars-investigation/timings/layer-cost-2/manifest.json,/private/tmp/stars-investigation/timings/layer-cost-2/3840x2160.csv,/private/tmp/stars-investigation/timings/layer-cost-2/3840x2160.log,/private/tmp/stars-investigation/timings/layer-cost-2/3840x2160.analysis.json,600,600,True,False,
layer-cost-2,3840x2160,full-l2r70,26.633624675,120,full-a/full-b,3.8620506929304743,"[3.2217917991574065, 4.477010062099933]",0.16746624722696613,synthetic,.5,default,/private/tmp/stars-investigation/timings/layer-cost-2/manifest.json,/private/tmp/stars-investigation/timings/layer-cost-2/3840x2160.csv,/private/tmp/stars-investigation/timings/layer-cost-2/3840x2160.log,/private/tmp/stars-investigation/timings/layer-cost-2/3840x2160.analysis.json,600,600,True,False,
layer-cost-2,3840x2160,full-l2r90,27.874875,120,full-a/full-b,-0.6184232297288261,"[-1.2102371060235544, 0.0629503421035187]",0.16746624722696613,synthetic,.5,default,/private/tmp/stars-investigation/timings/layer-cost-2/manifest.json,/private/tmp/stars-investigation/timings/layer-cost-2/3840x2160.csv,/private/tmp/stars-investigation/timings/layer-cost-2/3840x2160.log,/private/tmp/stars-investigation/timings/layer-cost-2/3840x2160.analysis.json,600,600,True,False,
layer-cost-3,1920x1080,full-a,8.725656975,120,full-a/full-b,,,-0.8922356817722576,synthetic,.5,default,/private/tmp/stars-investigation/timings/layer-cost-3/manifest.json,/private/tmp/stars-investigation/timings/layer-cost-3/1920x1080.csv,/private/tmp/stars-investigation/timings/layer-cost-3/1920x1080.log,/private/tmp/stars-investigation/timings/layer-cost-3/1920x1080.analysis.json,600,600,True,False,
layer-cost-3,1920x1080,full-b,8.8035104,120,full-a/full-b,,,-0.8922356817722576,synthetic,.5,default,/private/tmp/stars-investigation/timings/layer-cost-3/manifest.json,/private/tmp/stars-investigation/timings/layer-cost-3/1920x1080.csv,/private/tmp/stars-investigation/timings/layer-cost-3/1920x1080.log,/private/tmp/stars-investigation/timings/layer-cost-3/1920x1080.analysis.json,600,600,True,False,
layer-cost-3,1920x1080,full-l3r50,8.236314183333333,120,full-a/full-b,6.027319984634094,"[5.299604370187089, 6.933675976339986]",-0.8922356817722576,synthetic,.5,default,/private/tmp/stars-investigation/timings/layer-cost-3/manifest.json,/private/tmp/stars-investigation/timings/layer-cost-3/1920x1080.csv,/private/tmp/stars-investigation/timings/layer-cost-3/1920x1080.log,/private/tmp/stars-investigation/timings/layer-cost-3/1920x1080.analysis.json,600,600,True,False,
layer-cost-3,1920x1080,full-l3r70,8.404895891666667,120,full-a/full-b,4.103877704383352,"[3.3164614862031927, 5.006188839367605]",-0.8922356817722576,synthetic,.5,default,/private/tmp/stars-investigation/timings/layer-cost-3/manifest.json,/private/tmp/stars-investigation/timings/layer-cost-3/1920x1080.csv,/private/tmp/stars-investigation/timings/layer-cost-3/1920x1080.log,/private/tmp/stars-investigation/timings/layer-cost-3/1920x1080.analysis.json,600,600,True,False,
layer-cost-3,1920x1080,full-l3r90,8.712295508333334,120,full-a/full-b,0.5965848582316524,"[-0.6934977235282691, 2.316224532283121]",-0.8922356817722576,synthetic,.5,default,/private/tmp/stars-investigation/timings/layer-cost-3/manifest.json,/private/tmp/stars-investigation/timings/layer-cost-3/1920x1080.csv,/private/tmp/stars-investigation/timings/layer-cost-3/1920x1080.log,/private/tmp/stars-investigation/timings/layer-cost-3/1920x1080.analysis.json,600,600,True,False,
layer-cost-3,3840x2160,full-a,27.678966666666668,120,full-a/full-b,,,-0.3347484371405862,synthetic,.5,default,/private/tmp/stars-investigation/timings/layer-cost-3/manifest.json,/private/tmp/stars-investigation/timings/layer-cost-3/3840x2160.csv,/private/tmp/stars-investigation/timings/layer-cost-3/3840x2160.log,/private/tmp/stars-investigation/timings/layer-cost-3/3840x2160.analysis.json,600,600,True,False,
layer-cost-3,3840x2160,full-b,27.771621575,120,full-a/full-b,,,-0.3347484371405862,synthetic,.5,default,/private/tmp/stars-investigation/timings/layer-cost-3/manifest.json,/private/tmp/stars-investigation/timings/layer-cost-3/3840x2160.csv,/private/tmp/stars-investigation/timings/layer-cost-3/3840x2160.log,/private/tmp/stars-investigation/timings/layer-cost-3/3840x2160.analysis.json,600,600,True,False,
layer-cost-3,3840x2160,full-l3r50,26.180629516666666,120,full-a/full-b,5.571319090194892,"[4.419087782129719, 6.548764048905429]",-0.3347484371405862,synthetic,.5,default,/private/tmp/stars-investigation/timings/layer-cost-3/manifest.json,/private/tmp/stars-investigation/timings/layer-cost-3/3840x2160.csv,/private/tmp/stars-investigation/timings/layer-cost-3/3840x2160.log,/private/tmp/stars-investigation/timings/layer-cost-3/3840x2160.analysis.json,600,600,True,False,
layer-cost-3,3840x2160,full-l3r70,26.74728719166667,120,full-a/full-b,3.5274898253713216,"[2.6164604730512404, 4.529780784265059]",-0.3347484371405862,synthetic,.5,default,/private/tmp/stars-investigation/timings/layer-cost-3/manifest.json,/private/tmp/stars-investigation/timings/layer-cost-3/3840x2160.csv,/private/tmp/stars-investigation/timings/layer-cost-3/3840x2160.log,/private/tmp/stars-investigation/timings/layer-cost-3/3840x2160.analysis.json,600,600,True,False,
layer-cost-3,3840x2160,full-l3r90,27.639342366666668,120,full-a/full-b,0.31001205538910837,"[-0.5068729395195654, 1.163027263606654]",-0.3347484371405862,synthetic,.5,default,/private/tmp/stars-investigation/timings/layer-cost-3/manifest.json,/private/tmp/stars-investigation/timings/layer-cost-3/3840x2160.csv,/private/tmp/stars-investigation/timings/layer-cost-3/3840x2160.log,/private/tmp/stars-investigation/timings/layer-cost-3/3840x2160.analysis.json,600,600,True,False,
layer-cost-4,1920x1080,full-a,8.820823991666666,120,full-a/full-b,,,-0.7157025057179967,synthetic,.5,default,/private/tmp/stars-investigation/timings/layer-cost-4/manifest.json,/private/tmp/stars-investigation/timings/layer-cost-4/1920x1080.csv,/private/tmp/stars-investigation/timings/layer-cost-4/1920x1080.log,/private/tmp/stars-investigation/timings/layer-cost-4/1920x1080.analysis.json,600,600,True,False,
layer-cost-4,1920x1080,full-b,8.88395485,120,full-a/full-b,,,-0.7157025057179967,synthetic,.5,default,/private/tmp/stars-investigation/timings/layer-cost-4/manifest.json,/private/tmp/stars-investigation/timings/layer-cost-4/1920x1080.csv,/private/tmp/stars-investigation/timings/layer-cost-4/1920x1080.log,/private/tmp/stars-investigation/timings/layer-cost-4/1920x1080.analysis.json,600,600,True,False,
layer-cost-4,1920x1080,full-l4r50,8.3187448,120,full-a/full-b,6.028255146316175,"[5.132529350905152, 7.022986330767404]",-0.7157025057179967,synthetic,.5,default,/private/tmp/stars-investigation/timings/layer-cost-4/manifest.json,/private/tmp/stars-investigation/timings/layer-cost-4/1920x1080.csv,/private/tmp/stars-investigation/timings/layer-cost-4/1920x1080.log,/private/tmp/stars-investigation/timings/layer-cost-4/1920x1080.analysis.json,600,600,True,False,
layer-cost-4,1920x1080,full-l4r70,8.600077083333334,120,full-a/full-b,2.8502173312236367,"[2.30464847258715, 3.423446933254972]",-0.7157025057179967,synthetic,.5,default,/private/tmp/stars-investigation/timings/layer-cost-4/manifest.json,/private/tmp/stars-investigation/timings/layer-cost-4/1920x1080.csv,/private/tmp/stars-investigation/timings/layer-cost-4/1920x1080.log,/private/tmp/stars-investigation/timings/layer-cost-4/1920x1080.analysis.json,600,600,True,False,
layer-cost-4,1920x1080,full-l4r90,8.742108391666667,120,full-a/full-b,1.245776975277757,"[-0.1153613468645387, 3.0654355771797532]",-0.7157025057179967,synthetic,.5,default,/private/tmp/stars-investigation/timings/layer-cost-4/manifest.json,/private/tmp/stars-investigation/timings/layer-cost-4/1920x1080.csv,/private/tmp/stars-investigation/timings/layer-cost-4/1920x1080.log,/private/tmp/stars-investigation/timings/layer-cost-4/1920x1080.analysis.json,600,600,True,False,
layer-cost-4,3840x2160,full-a,32.34057884166667,120,full-a/full-b,,,-0.7658936817818596,synthetic,.5,default,/private/tmp/stars-investigation/timings/layer-cost-4/manifest.json,/private/tmp/stars-investigation/timings/layer-cost-4/3840x2160.csv,/private/tmp/stars-investigation/timings/layer-cost-4/3840x2160.log,/private/tmp/stars-investigation/timings/layer-cost-4/3840x2160.analysis.json,600,600,True,False,
layer-cost-4,3840x2160,full-b,32.58827329166667,120,full-a/full-b,,,-0.7658936817818596,synthetic,.5,default,/private/tmp/stars-investigation/timings/layer-cost-4/manifest.json,/private/tmp/stars-investigation/timings/layer-cost-4/3840x2160.csv,/private/tmp/stars-investigation/timings/layer-cost-4/3840x2160.log,/private/tmp/stars-investigation/timings/layer-cost-4/3840x2160.analysis.json,600,600,True,False,
layer-cost-4,3840x2160,full-l4r50,30.57528995,120,full-a/full-b,5.819095993834178,"[4.554819817920783, 7.192102625907522]",-0.7658936817818596,synthetic,.5,default,/private/tmp/stars-investigation/timings/layer-cost-4/manifest.json,/private/tmp/stars-investigation/timings/layer-cost-4/3840x2160.csv,/private/tmp/stars-investigation/timings/layer-cost-4/3840x2160.log,/private/tmp/stars-investigation/timings/layer-cost-4/3840x2160.analysis.json,600,600,True,False,
layer-cost-4,3840x2160,full-l4r70,32.002459,120,full-a/full-b,1.4229947134072107,"[-1.0378474950866123, 3.463254714826209]",-0.7658936817818596,synthetic,.5,default,/private/tmp/stars-investigation/timings/layer-cost-4/manifest.json,/private/tmp/stars-investigation/timings/layer-cost-4/3840x2160.csv,/private/tmp/stars-investigation/timings/layer-cost-4/3840x2160.log,/private/tmp/stars-investigation/timings/layer-cost-4/3840x2160.analysis.json,600,600,True,False,
layer-cost-4,3840x2160,full-l4r90,32.55482536666667,120,full-a/full-b,-0.27845648592206285,"[-1.0608026616353639, 0.358377194156187]",-0.7658936817818596,synthetic,.5,default,/private/tmp/stars-investigation/timings/layer-cost-4/manifest.json,/private/tmp/stars-investigation/timings/layer-cost-4/3840x2160.csv,/private/tmp/stars-investigation/timings/layer-cost-4/3840x2160.log,/private/tmp/stars-investigation/timings/layer-cost-4/3840x2160.analysis.json,600,600,True,False,
lowfar-half,1920x1080,half-a,6.20709305,240,half-a/half-b,,,-0.6567584536747662,take,.5,default,/private/tmp/stars-investigation/timings/lowfar-half/manifest.json,/private/tmp/stars-investigation/timings/lowfar-half/1920x1080.csv,/private/tmp/stars-investigation/timings/lowfar-half/1920x1080.log,/private/tmp/stars-investigation/timings/lowfar-half/1920x1080.analysis.json,960,960,True,False,
lowfar-half,1920x1080,half-b,6.2478586583333335,240,half-a/half-b,,,-0.6567584536747662,take,.5,default,/private/tmp/stars-investigation/timings/lowfar-half/manifest.json,/private/tmp/stars-investigation/timings/lowfar-half/1920x1080.csv,/private/tmp/stars-investigation/timings/lowfar-half/1920x1080.log,/private/tmp/stars-investigation/timings/lowfar-half/1920x1080.analysis.json,960,960,True,False,
lowfar-half,1920x1080,half-low2,5.889332120833333,240,half-a/half-b,5.429868236375235,"[3.658355976336318, 7.146761433976341]",-0.6567584536747662,take,.5,default,/private/tmp/stars-investigation/timings/lowfar-half/manifest.json,/private/tmp/stars-investigation/timings/lowfar-half/1920x1080.csv,/private/tmp/stars-investigation/timings/lowfar-half/1920x1080.log,/private/tmp/stars-investigation/timings/lowfar-half/1920x1080.analysis.json,960,960,True,False,
lowfar-half,1920x1080,half-low3,5.8584338208333335,240,half-a/half-b,5.926029132436006,"[4.620229657556391, 7.266108024338572]",-0.6567584536747662,take,.5,default,/private/tmp/stars-investigation/timings/lowfar-half/manifest.json,/private/tmp/stars-investigation/timings/lowfar-half/1920x1080.csv,/private/tmp/stars-investigation/timings/lowfar-half/1920x1080.log,/private/tmp/stars-investigation/timings/lowfar-half/1920x1080.analysis.json,960,960,True,False,
lowfar-half,3840x2160,half-a,15.381092529166667,240,half-a/half-b,,,-0.3518108346165061,take,.5,default,/private/tmp/stars-investigation/timings/lowfar-half/manifest.json,/private/tmp/stars-investigation/timings/lowfar-half/3840x2160.csv,/private/tmp/stars-investigation/timings/lowfar-half/3840x2160.log,/private/tmp/stars-investigation/timings/lowfar-half/3840x2160.analysis.json,960,960,True,False,
lowfar-half,3840x2160,half-b,15.435204879166667,240,half-a/half-b,,,-0.3518108346165061,take,.5,default,/private/tmp/stars-investigation/timings/lowfar-half/manifest.json,/private/tmp/stars-investigation/timings/lowfar-half/3840x2160.csv,/private/tmp/stars-investigation/timings/lowfar-half/3840x2160.log,/private/tmp/stars-investigation/timings/lowfar-half/3840x2160.analysis.json,960,960,True,False,
lowfar-half,3840x2160,half-low2,15.579846020833333,240,half-a/half-b,-1.1143280089205954,"[-4.591212689197325, 1.0938633329130765]",-0.3518108346165061,take,.5,default,/private/tmp/stars-investigation/timings/lowfar-half/manifest.json,/private/tmp/stars-investigation/timings/lowfar-half/3840x2160.csv,/private/tmp/stars-investigation/timings/lowfar-half/3840x2160.log,/private/tmp/stars-investigation/timings/lowfar-half/3840x2160.analysis.json,960,960,True,False,
lowfar-half,3840x2160,half-low3,14.729901541666667,240,half-a/half-b,4.401873161547243,"[3.3278983088515455, 5.363594681948759]",-0.3518108346165061,take,.5,default,/private/tmp/stars-investigation/timings/lowfar-half/manifest.json,/private/tmp/stars-investigation/timings/lowfar-half/3840x2160.csv,/private/tmp/stars-investigation/timings/lowfar-half/3840x2160.log,/private/tmp/stars-investigation/timings/lowfar-half/3840x2160.analysis.json,960,960,True,False,
mixed-screen,1920x1080,full-a,8.572259641666667,120,full-a/full-b,,,0.6294446924013597,,1,,/private/tmp/stars-investigation/timings/mixed-screen/manifest.json,/private/tmp/stars-investigation/timings/mixed-screen/1920x1080.csv,/private/tmp/stars-investigation/timings/mixed-screen/1920x1080.log,/private/tmp/stars-investigation/timings/mixed-screen/1920x1080.analysis.json,480,480,True,False,
mixed-screen,1920x1080,full-b,8.518302008333333,120,full-a/full-b,,,0.6294446924013597,,1,,/private/tmp/stars-investigation/timings/mixed-screen/manifest.json,/private/tmp/stars-investigation/timings/mixed-screen/1920x1080.csv,/private/tmp/stars-investigation/timings/mixed-screen/1920x1080.log,/private/tmp/stars-investigation/timings/mixed-screen/1920x1080.analysis.json,480,480,True,False,
mixed-screen,1920x1080,full-mix1,7.489000016666667,120,full-a/full-b,12.360984149790466,"[11.502144024470919, 13.172533097894116]",0.6294446924013597,,1,,/private/tmp/stars-investigation/timings/mixed-screen/manifest.json,/private/tmp/stars-investigation/timings/mixed-screen/1920x1080.csv,/private/tmp/stars-investigation/timings/mixed-screen/1920x1080.log,/private/tmp/stars-investigation/timings/mixed-screen/1920x1080.analysis.json,480,480,True,False,
mixed-screen,1920x1080,full-mix2,6.85235175,120,full-a/full-b,19.81127489745196,"[18.494932667795823, 21.124502695950504]",0.6294446924013597,,1,,/private/tmp/stars-investigation/timings/mixed-screen/manifest.json,/private/tmp/stars-investigation/timings/mixed-screen/1920x1080.csv,/private/tmp/stars-investigation/timings/mixed-screen/1920x1080.log,/private/tmp/stars-investigation/timings/mixed-screen/1920x1080.analysis.json,480,480,True,False,
mixed-screen,3840x2160,full-a,34.8196812,120,full-a/full-b,,,1.7073645933706416,,1,,/private/tmp/stars-investigation/timings/mixed-screen/manifest.json,/private/tmp/stars-investigation/timings/mixed-screen/3840x2160.csv,/private/tmp/stars-investigation/timings/mixed-screen/3840x2160.log,/private/tmp/stars-investigation/timings/mixed-screen/3840x2160.analysis.json,480,480,True,False,
mixed-screen,3840x2160,full-b,34.22518229166667,120,full-a/full-b,,,1.7073645933706416,,1,,/private/tmp/stars-investigation/timings/mixed-screen/manifest.json,/private/tmp/stars-investigation/timings/mixed-screen/3840x2160.csv,/private/tmp/stars-investigation/timings/mixed-screen/3840x2160.log,/private/tmp/stars-investigation/timings/mixed-screen/3840x2160.analysis.json,480,480,True,False,
mixed-screen,3840x2160,full-mix1,28.963238083333334,120,full-a/full-b,16.103134632660886,"[14.456386138636915, 17.790240295639737]",1.7073645933706416,,1,,/private/tmp/stars-investigation/timings/mixed-screen/manifest.json,/private/tmp/stars-investigation/timings/mixed-screen/3840x2160.csv,/private/tmp/stars-investigation/timings/mixed-screen/3840x2160.log,/private/tmp/stars-investigation/timings/mixed-screen/3840x2160.analysis.json,480,480,True,False,
mixed-screen,3840x2160,full-mix2,26.1337201,120,full-a/full-b,24.29930691903187,"[22.57157297890632, 26.051902354578576]",1.7073645933706416,,1,,/private/tmp/stars-investigation/timings/mixed-screen/manifest.json,/private/tmp/stars-investigation/timings/mixed-screen/3840x2160.csv,/private/tmp/stars-investigation/timings/mixed-screen/3840x2160.log,/private/tmp/stars-investigation/timings/mixed-screen/3840x2160.analysis.json,480,480,True,False,
precision-screen,1920x1080,full-a,8.533198566666666,120,full-a/full-b,,,-1.533997273246035,,1,,/private/tmp/stars-investigation/timings/precision-screen/manifest.json,/private/tmp/stars-investigation/timings/precision-screen/1920x1080.csv,/private/tmp/stars-investigation/timings/precision-screen/1920x1080.log,/private/tmp/stars-investigation/timings/precision-screen/1920x1080.analysis.json,480,480,True,False,
precision-screen,1920x1080,full-b,8.6640976,120,full-a/full-b,,,-1.533997273246035,,1,,/private/tmp/stars-investigation/timings/precision-screen/manifest.json,/private/tmp/stars-investigation/timings/precision-screen/1920x1080.csv,/private/tmp/stars-investigation/timings/precision-screen/1920x1080.log,/private/tmp/stars-investigation/timings/precision-screen/1920x1080.analysis.json,480,480,True,False,
precision-screen,1920x1080,full-f16,8.452731616666666,120,full-a/full-b,1.696969863780029,"[0.436250149190649, 2.7219197941877096]",-1.533997273246035,,1,,/private/tmp/stars-investigation/timings/precision-screen/manifest.json,/private/tmp/stars-investigation/timings/precision-screen/1920x1080.csv,/private/tmp/stars-investigation/timings/precision-screen/1920x1080.log,/private/tmp/stars-investigation/timings/precision-screen/1920x1080.analysis.json,480,480,True,False,
precision-screen,1920x1080,full-f16exp,8.673164575,120,full-a/full-b,-0.8666070636278222,"[-2.417972872386751, 0.527767417587521]",-1.533997273246035,,1,,/private/tmp/stars-investigation/timings/precision-screen/manifest.json,/private/tmp/stars-investigation/timings/precision-screen/1920x1080.csv,/private/tmp/stars-investigation/timings/precision-screen/1920x1080.log,/private/tmp/stars-investigation/timings/precision-screen/1920x1080.analysis.json,480,480,True,False,
precision-screen,3840x2160,full-a,27.034071883333333,120,full-a/full-b,,,-1.0735089270030196,,1,,/private/tmp/stars-investigation/timings/precision-screen/manifest.json,/private/tmp/stars-investigation/timings/precision-screen/3840x2160.csv,/private/tmp/stars-investigation/timings/precision-screen/3840x2160.log,/private/tmp/stars-investigation/timings/precision-screen/3840x2160.analysis.json,480,480,True,False,
precision-screen,3840x2160,full-b,27.324285058333334,120,full-a/full-b,,,-1.0735089270030196,,1,,/private/tmp/stars-investigation/timings/precision-screen/manifest.json,/private/tmp/stars-investigation/timings/precision-screen/3840x2160.csv,/private/tmp/stars-investigation/timings/precision-screen/3840x2160.log,/private/tmp/stars-investigation/timings/precision-screen/3840x2160.analysis.json,480,480,True,False,
precision-screen,3840x2160,full-f16,26.982464575,120,full-a/full-b,0.7237668940009767,"[-0.18332409839763086, 1.5878207114697989]",-1.0735089270030196,,1,,/private/tmp/stars-investigation/timings/precision-screen/manifest.json,/private/tmp/stars-investigation/timings/precision-screen/3840x2160.csv,/private/tmp/stars-investigation/timings/precision-screen/3840x2160.log,/private/tmp/stars-investigation/timings/precision-screen/3840x2160.analysis.json,480,480,True,False,
precision-screen,3840x2160,full-f16exp,27.760197316666666,120,full-a/full-b,-2.1377351285905677,"[-3.326126000407474, -0.8197826219583401]",-1.0735089270030196,,1,,/private/tmp/stars-investigation/timings/precision-screen/manifest.json,/private/tmp/stars-investigation/timings/precision-screen/3840x2160.csv,/private/tmp/stars-investigation/timings/precision-screen/3840x2160.log,/private/tmp/stars-investigation/timings/precision-screen/3840x2160.analysis.json,480,480,True,False,
reversed-mixed,1920x1080,full-a,8.79069265,120,full-a/full-b,,,0.936891948630103,,1,,/private/tmp/stars-investigation/timings/reversed-mixed/manifest.json,/private/tmp/stars-investigation/timings/reversed-mixed/1920x1080.csv,/private/tmp/stars-investigation/timings/reversed-mixed/1920x1080.log,/private/tmp/stars-investigation/timings/reversed-mixed/1920x1080.analysis.json,480,480,True,False,
reversed-mixed,1920x1080,full-b,8.708333358333334,120,full-a/full-b,,,0.936891948630103,,1,,/private/tmp/stars-investigation/timings/reversed-mixed/manifest.json,/private/tmp/stars-investigation/timings/reversed-mixed/1920x1080.csv,/private/tmp/stars-investigation/timings/reversed-mixed/1920x1080.log,/private/tmp/stars-investigation/timings/reversed-mixed/1920x1080.analysis.json,480,480,True,False,
reversed-mixed,1920x1080,full-mix4,7.809033625,120,full-a/full-b,10.748934011742083,"[7.966375458077788, 12.876519712435108]",0.936891948630103,,1,,/private/tmp/stars-investigation/timings/reversed-mixed/manifest.json,/private/tmp/stars-investigation/timings/reversed-mixed/1920x1080.csv,/private/tmp/stars-investigation/timings/reversed-mixed/1920x1080.log,/private/tmp/stars-investigation/timings/reversed-mixed/1920x1080.analysis.json,480,480,True,False,
reversed-mixed,1920x1080,full-mix5,8.308718758333333,120,full-a/full-b,5.037928918140022,"[3.8840097434644685, 6.130620911139559]",0.936891948630103,,1,,/private/tmp/stars-investigation/timings/reversed-mixed/manifest.json,/private/tmp/stars-investigation/timings/reversed-mixed/1920x1080.csv,/private/tmp/stars-investigation/timings/reversed-mixed/1920x1080.log,/private/tmp/stars-investigation/timings/reversed-mixed/1920x1080.analysis.json,480,480,True,False,
reversed-mixed,3840x2160,full-a,27.994072175,120,full-a/full-b,,,0.08337678844085872,,1,,/private/tmp/stars-investigation/timings/reversed-mixed/manifest.json,/private/tmp/stars-investigation/timings/reversed-mixed/3840x2160.csv,/private/tmp/stars-investigation/timings/reversed-mixed/3840x2160.log,/private/tmp/stars-investigation/timings/reversed-mixed/3840x2160.analysis.json,480,480,True,False,
reversed-mixed,3840x2160,full-b,27.970731616666665,120,full-a/full-b,,,0.08337678844085872,,1,,/private/tmp/stars-investigation/timings/reversed-mixed/manifest.json,/private/tmp/stars-investigation/timings/reversed-mixed/3840x2160.csv,/private/tmp/stars-investigation/timings/reversed-mixed/3840x2160.log,/private/tmp/stars-investigation/timings/reversed-mixed/3840x2160.analysis.json,480,480,True,False,
reversed-mixed,3840x2160,full-mix4,20.68316254166667,120,full-a/full-b,26.08510656568599,"[24.494493003822335, 27.525660679986142]",0.08337678844085872,,1,,/private/tmp/stars-investigation/timings/reversed-mixed/manifest.json,/private/tmp/stars-investigation/timings/reversed-mixed/3840x2160.csv,/private/tmp/stars-investigation/timings/reversed-mixed/3840x2160.log,/private/tmp/stars-investigation/timings/reversed-mixed/3840x2160.analysis.json,480,480,True,False,
reversed-mixed,3840x2160,full-mix5,23.095605175,120,full-a/full-b,17.463821508335176,"[16.02389557034667, 18.88681362175816]",0.08337678844085872,,1,,/private/tmp/stars-investigation/timings/reversed-mixed/manifest.json,/private/tmp/stars-investigation/timings/reversed-mixed/3840x2160.csv,/private/tmp/stars-investigation/timings/reversed-mixed/3840x2160.log,/private/tmp/stars-investigation/timings/reversed-mixed/3840x2160.analysis.json,480,480,True,False,
separate-control,1920x1080,full-a,9.167574291666666,120,full-a/full-b,,,2.3546150428205403,synthetic,.5,default,/private/tmp/stars-investigation/timings/separate-control/manifest.json,/private/tmp/stars-investigation/timings/separate-control/1920x1080.csv,/private/tmp/stars-investigation/timings/separate-control/1920x1080.log,/private/tmp/stars-investigation/timings/separate-control/1920x1080.analysis.json,720,720,True,False,
separate-control,1920x1080,full-b,8.951713208333333,120,full-a/full-b,,,2.3546150428205403,synthetic,.5,default,/private/tmp/stars-investigation/timings/separate-control/manifest.json,/private/tmp/stars-investigation/timings/separate-control/1920x1080.csv,/private/tmp/stars-investigation/timings/separate-control/1920x1080.log,/private/tmp/stars-investigation/timings/separate-control/1920x1080.analysis.json,720,720,True,False,
separate-control,1920x1080,half-a,6.409744825,120,half-a/half-b,,,-2.3550772423559962,synthetic,.5,default,/private/tmp/stars-investigation/timings/separate-control/manifest.json,/private/tmp/stars-investigation/timings/separate-control/1920x1080.csv,/private/tmp/stars-investigation/timings/separate-control/1920x1080.log,/private/tmp/stars-investigation/timings/separate-control/1920x1080.analysis.json,720,720,True,False,
separate-control,1920x1080,half-b,6.560699266666667,120,half-a/half-b,,,-2.3550772423559962,synthetic,.5,default,/private/tmp/stars-investigation/timings/separate-control/manifest.json,/private/tmp/stars-investigation/timings/separate-control/1920x1080.csv,/private/tmp/stars-investigation/timings/separate-control/1920x1080.log,/private/tmp/stars-investigation/timings/separate-control/1920x1080.analysis.json,720,720,True,False,
separate-control,1920x1080,full-separate-v100_100_100_100_100,8.886850008333333,120,full-a/full-b,1.9072906886285268,"[-1.9348742654169482, 6.668252496372941]",2.3546150428205403,synthetic,.5,default,/private/tmp/stars-investigation/timings/separate-control/manifest.json,/private/tmp/stars-investigation/timings/separate-control/1920x1080.csv,/private/tmp/stars-investigation/timings/separate-control/1920x1080.log,/private/tmp/stars-investigation/timings/separate-control/1920x1080.analysis.json,720,720,True,False,
separate-control,1920x1080,full-separate-v50_50_50_50_50,6.474481308333333,120,full-a/full-b,28.534923811619706,"[23.995388116372755, 32.45742908957766]",2.3546150428205403,synthetic,.5,default,/private/tmp/stars-investigation/timings/separate-control/manifest.json,/private/tmp/stars-investigation/timings/separate-control/1920x1080.csv,/private/tmp/stars-investigation/timings/separate-control/1920x1080.log,/private/tmp/stars-investigation/timings/separate-control/1920x1080.analysis.json,720,720,True,False,
separate-control,3840x2160,full-a,31.222995175,120,full-a/full-b,,,-9.09436320064172,synthetic,.5,default,/private/tmp/stars-investigation/timings/separate-control/manifest.json,/private/tmp/stars-investigation/timings/separate-control/3840x2160.csv,/private/tmp/stars-investigation/timings/separate-control/3840x2160.log,/private/tmp/stars-investigation/timings/separate-control/3840x2160.analysis.json,720,720,True,False,
separate-control,3840x2160,full-b,34.06252775833333,120,full-a/full-b,,,-9.09436320064172,synthetic,.5,default,/private/tmp/stars-investigation/timings/separate-control/manifest.json,/private/tmp/stars-investigation/timings/separate-control/3840x2160.csv,/private/tmp/stars-investigation/timings/separate-control/3840x2160.log,/private/tmp/stars-investigation/timings/separate-control/3840x2160.analysis.json,720,720,True,False,
separate-control,3840x2160,half-a,17.143818808333332,120,half-a/half-b,,,0.5803561103412735,synthetic,.5,default,/private/tmp/stars-investigation/timings/separate-control/manifest.json,/private/tmp/stars-investigation/timings/separate-control/3840x2160.csv,/private/tmp/stars-investigation/timings/separate-control/3840x2160.log,/private/tmp/stars-investigation/timings/separate-control/3840x2160.analysis.json,720,720,True,False,
separate-control,3840x2160,half-b,17.044323608333332,120,half-a/half-b,,,0.5803561103412735,synthetic,.5,default,/private/tmp/stars-investigation/timings/separate-control/manifest.json,/private/tmp/stars-investigation/timings/separate-control/3840x2160.csv,/private/tmp/stars-investigation/timings/separate-control/3840x2160.log,/private/tmp/stars-investigation/timings/separate-control/3840x2160.analysis.json,720,720,True,False,
separate-control,3840x2160,full-separate-v100_100_100_100_100,32.28655693333334,120,full-a/full-b,1.0912205871340674,"[-2.3878290169055063, 6.188109878664611]",-9.09436320064172,synthetic,.5,default,/private/tmp/stars-investigation/timings/separate-control/manifest.json,/private/tmp/stars-investigation/timings/separate-control/3840x2160.csv,/private/tmp/stars-investigation/timings/separate-control/3840x2160.log,/private/tmp/stars-investigation/timings/separate-control/3840x2160.analysis.json,720,720,True,False,
separate-control,3840x2160,full-separate-v50_50_50_50_50,17.700971866666666,120,full-a/full-b,45.77366904224046,"[43.93452067835959, 47.67263983261585]",-9.09436320064172,synthetic,.5,default,/private/tmp/stars-investigation/timings/separate-control/manifest.json,/private/tmp/stars-investigation/timings/separate-control/3840x2160.csv,/private/tmp/stars-investigation/timings/separate-control/3840x2160.log,/private/tmp/stars-investigation/timings/separate-control/3840x2160.analysis.json,720,720,True,False,
separate-frontier,1920x1080,full-a,9.1262226,240,full-a/full-b,,,-1.782611387687738,take,.5,default,/private/tmp/stars-investigation/timings/separate-frontier/manifest.json,/private/tmp/stars-investigation/timings/separate-frontier/1920x1080.csv,/private/tmp/stars-investigation/timings/separate-frontier/1920x1080.log,/private/tmp/stars-investigation/timings/separate-frontier/1920x1080.analysis.json,1440,1440,True,False,
separate-frontier,1920x1080,full-b,9.288907683333333,240,full-a/full-b,,,-1.782611387687738,take,.5,default,/private/tmp/stars-investigation/timings/separate-frontier/manifest.json,/private/tmp/stars-investigation/timings/separate-frontier/1920x1080.csv,/private/tmp/stars-investigation/timings/separate-frontier/1920x1080.log,/private/tmp/stars-investigation/timings/separate-frontier/1920x1080.analysis.json,1440,1440,True,False,
separate-frontier,1920x1080,full-separate-v50_50_80_100_50,7.718175145833333,240,full-a/full-b,16.175720431164265,"[13.017441009076258, 19.286584043527117]",-1.782611387687738,take,.5,default,/private/tmp/stars-investigation/timings/separate-frontier/manifest.json,/private/tmp/stars-investigation/timings/separate-frontier/1920x1080.csv,/private/tmp/stars-investigation/timings/separate-frontier/1920x1080.log,/private/tmp/stars-investigation/timings/separate-frontier/1920x1080.analysis.json,1440,1440,True,False,
separate-frontier,1920x1080,full-separate-v50_50_100_100_60,8.241198758333333,240,full-a/full-b,10.495352120402279,"[5.9345650761309665, 14.671429762464653]",-1.782611387687738,take,.5,default,/private/tmp/stars-investigation/timings/separate-frontier/manifest.json,/private/tmp/stars-investigation/timings/separate-frontier/1920x1080.csv,/private/tmp/stars-investigation/timings/separate-frontier/1920x1080.log,/private/tmp/stars-investigation/timings/separate-frontier/1920x1080.analysis.json,1440,1440,True,False,
separate-frontier,1920x1080,full-separate-v50_50_100_100_100,8.6602927125,240,full-a/full-b,5.943725846587988,"[3.8317920375030874, 8.429090298788589]",-1.782611387687738,take,.5,default,/private/tmp/stars-investigation/timings/separate-frontier/manifest.json,/private/tmp/stars-investigation/timings/separate-frontier/1920x1080.csv,/private/tmp/stars-investigation/timings/separate-frontier/1920x1080.log,/private/tmp/stars-investigation/timings/separate-frontier/1920x1080.analysis.json,1440,1440,True,False,
separate-frontier,1920x1080,full-separate-v25_25_100_100_100,8.105910229166666,240,full-a/full-b,11.96467139303442,"[9.762468035576246, 14.923510270656406]",-1.782611387687738,take,.5,default,/private/tmp/stars-investigation/timings/separate-frontier/manifest.json,/private/tmp/stars-investigation/timings/separate-frontier/1920x1080.csv,/private/tmp/stars-investigation/timings/separate-frontier/1920x1080.log,/private/tmp/stars-investigation/timings/separate-frontier/1920x1080.analysis.json,1440,1440,True,False,
separate-frontier,3840x2160,full-a,28.587670329166667,240,full-a/full-b,,,0.6751691881298316,take,.5,default,/private/tmp/stars-investigation/timings/separate-frontier/manifest.json,/private/tmp/stars-investigation/timings/separate-frontier/3840x2160.csv,/private/tmp/stars-investigation/timings/separate-frontier/3840x2160.log,/private/tmp/stars-investigation/timings/separate-frontier/3840x2160.analysis.json,1440,1440,True,False,
separate-frontier,3840x2160,full-b,28.3946551875,240,full-a/full-b,,,0.6751691881298316,take,.5,default,/private/tmp/stars-investigation/timings/separate-frontier/manifest.json,/private/tmp/stars-investigation/timings/separate-frontier/3840x2160.csv,/private/tmp/stars-investigation/timings/separate-frontier/3840x2160.log,/private/tmp/stars-investigation/timings/separate-frontier/3840x2160.analysis.json,1440,1440,True,False,
separate-frontier,3840x2160,full-separate-v50_50_80_100_50,19.7301546375,240,full-a/full-b,30.749914263400292,"[30.334835628464248, 31.243351321819635]",0.6751691881298316,take,.5,default,/private/tmp/stars-investigation/timings/separate-frontier/manifest.json,/private/tmp/stars-investigation/timings/separate-frontier/3840x2160.csv,/private/tmp/stars-investigation/timings/separate-frontier/3840x2160.log,/private/tmp/stars-investigation/timings/separate-frontier/3840x2160.analysis.json,1440,1440,True,False,
separate-frontier,3840x2160,full-separate-v50_50_100_100_60,21.36970049583333,240,full-a/full-b,24.995337406568495,"[24.496327570629614, 25.5385080156319]",0.6751691881298316,take,.5,default,/private/tmp/stars-investigation/timings/separate-frontier/manifest.json,/private/tmp/stars-investigation/timings/separate-frontier/3840x2160.csv,/private/tmp/stars-investigation/timings/separate-frontier/3840x2160.log,/private/tmp/stars-investigation/timings/separate-frontier/3840x2160.analysis.json,1440,1440,True,False,
separate-frontier,3840x2160,full-separate-v50_50_100_100_100,23.2472777625,240,full-a/full-b,18.405303568383,"[17.694138367023125, 19.208617902389175]",0.6751691881298316,take,.5,default,/private/tmp/stars-investigation/timings/separate-frontier/manifest.json,/private/tmp/stars-investigation/timings/separate-frontier/3840x2160.csv,/private/tmp/stars-investigation/timings/separate-frontier/3840x2160.log,/private/tmp/stars-investigation/timings/separate-frontier/3840x2160.analysis.json,1440,1440,True,False,
separate-frontier,3840x2160,full-separate-v25_25_100_100_100,22.95172309166667,240,full-a/full-b,19.442659162959032,"[18.121581578320047, 20.527194555364783]",0.6751691881298316,take,.5,default,/private/tmp/stars-investigation/timings/separate-frontier/manifest.json,/private/tmp/stars-investigation/timings/separate-frontier/3840x2160.csv,/private/tmp/stars-investigation/timings/separate-frontier/3840x2160.log,/private/tmp/stars-investigation/timings/separate-frontier/3840x2160.analysis.json,1440,1440,True,False,
take-confirm,1920x1080,full-a,8.6193045625,240,full-a/full-b,,,-0.39195737608557213,take,.5,,/private/tmp/stars-investigation/timings/take-confirm/manifest.json,/private/tmp/stars-investigation/timings/take-confirm/1920x1080.csv,/private/tmp/stars-investigation/timings/take-confirm/1920x1080.log,/private/tmp/stars-investigation/timings/take-confirm/1920x1080.analysis.json,960,960,True,False,
take-confirm,1920x1080,full-b,8.6530885625,240,full-a/full-b,,,-0.39195737608557213,take,.5,,/private/tmp/stars-investigation/timings/take-confirm/manifest.json,/private/tmp/stars-investigation/timings/take-confirm/1920x1080.csv,/private/tmp/stars-investigation/timings/take-confirm/1920x1080.log,/private/tmp/stars-investigation/timings/take-confirm/1920x1080.analysis.json,960,960,True,False,
take-confirm,1920x1080,full-mix4,7.603830375,240,full-a/full-b,11.95394500378476,"[11.089707956569901, 12.809528700684616]",-0.39195737608557213,take,.5,,/private/tmp/stars-investigation/timings/take-confirm/manifest.json,/private/tmp/stars-investigation/timings/take-confirm/1920x1080.csv,/private/tmp/stars-investigation/timings/take-confirm/1920x1080.log,/private/tmp/stars-investigation/timings/take-confirm/1920x1080.analysis.json,960,960,True,False,
take-confirm,1920x1080,full-mix5,8.212029,240,full-a/full-b,4.911508896657313,"[3.9196700073219097, 5.906026605919498]",-0.39195737608557213,take,.5,,/private/tmp/stars-investigation/timings/take-confirm/manifest.json,/private/tmp/stars-investigation/timings/take-confirm/1920x1080.csv,/private/tmp/stars-investigation/timings/take-confirm/1920x1080.log,/private/tmp/stars-investigation/timings/take-confirm/1920x1080.analysis.json,960,960,True,False,
take-confirm,3840x2160,full-a,31.329715291666666,240,full-a/full-b,,,1.3042835037892275,take,.5,,/private/tmp/stars-investigation/timings/take-confirm/manifest.json,/private/tmp/stars-investigation/timings/take-confirm/3840x2160.csv,/private/tmp/stars-investigation/timings/take-confirm/3840x2160.log,/private/tmp/stars-investigation/timings/take-confirm/3840x2160.analysis.json,960,960,True,False,
take-confirm,3840x2160,full-b,30.921086983333332,240,full-a/full-b,,,1.3042835037892275,take,.5,,/private/tmp/stars-investigation/timings/take-confirm/manifest.json,/private/tmp/stars-investigation/timings/take-confirm/3840x2160.csv,/private/tmp/stars-investigation/timings/take-confirm/3840x2160.log,/private/tmp/stars-investigation/timings/take-confirm/3840x2160.analysis.json,960,960,True,False,
take-confirm,3840x2160,full-mix4,22.986820675,240,full-a/full-b,26.147712688253854,"[24.681799511489853, 27.609309671785077]",1.3042835037892275,take,.5,,/private/tmp/stars-investigation/timings/take-confirm/manifest.json,/private/tmp/stars-investigation/timings/take-confirm/3840x2160.csv,/private/tmp/stars-investigation/timings/take-confirm/3840x2160.log,/private/tmp/stars-investigation/timings/take-confirm/3840x2160.analysis.json,960,960,True,False,
take-confirm,3840x2160,full-mix5,26.040961841666668,240,full-a/full-b,16.335337409379058,"[15.17744421238616, 17.46451881235742]",1.3042835037892275,take,.5,,/private/tmp/stars-investigation/timings/take-confirm/manifest.json,/private/tmp/stars-investigation/timings/take-confirm/3840x2160.csv,/private/tmp/stars-investigation/timings/take-confirm/3840x2160.log,/private/tmp/stars-investigation/timings/take-confirm/3840x2160.analysis.json,960,960,True,False,
weighted-mixed,1920x1080,full-a,8.966428483333333,120,full-a/full-b,,,-0.5157658379360219,,1,,/private/tmp/stars-investigation/timings/weighted-mixed/manifest.json,/private/tmp/stars-investigation/timings/weighted-mixed/1920x1080.csv,/private/tmp/stars-investigation/timings/weighted-mixed/1920x1080.log,/private/tmp/stars-investigation/timings/weighted-mixed/1920x1080.analysis.json,480,480,True,False,
weighted-mixed,1920x1080,full-b,9.012674258333334,120,full-a/full-b,,,-0.5157658379360219,,1,,/private/tmp/stars-investigation/timings/weighted-mixed/manifest.json,/private/tmp/stars-investigation/timings/weighted-mixed/1920x1080.csv,/private/tmp/stars-investigation/timings/weighted-mixed/1920x1080.log,/private/tmp/stars-investigation/timings/weighted-mixed/1920x1080.analysis.json,480,480,True,False,
weighted-mixed,1920x1080,full-mix6,7.769688225,120,full-a/full-b,13.56978891951368,"[11.271928039979851, 16.029768392824078]",-0.5157658379360219,,1,,/private/tmp/stars-investigation/timings/weighted-mixed/manifest.json,/private/tmp/stars-investigation/timings/weighted-mixed/1920x1080.csv,/private/tmp/stars-investigation/timings/weighted-mixed/1920x1080.log,/private/tmp/stars-investigation/timings/weighted-mixed/1920x1080.analysis.json,480,480,True,False,
weighted-mixed,1920x1080,full-mix7,7.097818091666666,120,full-a/full-b,21.043689513855046,"[19.414549838924554, 22.960318767822123]",-0.5157658379360219,,1,,/private/tmp/stars-investigation/timings/weighted-mixed/manifest.json,/private/tmp/stars-investigation/timings/weighted-mixed/1920x1080.csv,/private/tmp/stars-investigation/timings/weighted-mixed/1920x1080.log,/private/tmp/stars-investigation/timings/weighted-mixed/1920x1080.analysis.json,480,480,True,False,
weighted-mixed,3840x2160,full-a,27.87722015,120,full-a/full-b,,,1.2678884937767698,,1,,/private/tmp/stars-investigation/timings/weighted-mixed/manifest.json,/private/tmp/stars-investigation/timings/weighted-mixed/3840x2160.csv,/private/tmp/stars-investigation/timings/weighted-mixed/3840x2160.log,/private/tmp/stars-investigation/timings/weighted-mixed/3840x2160.analysis.json,480,480,True,False,
weighted-mixed,3840x2160,full-b,27.523768083333334,120,full-a/full-b,,,1.2678884937767698,,1,,/private/tmp/stars-investigation/timings/weighted-mixed/manifest.json,/private/tmp/stars-investigation/timings/weighted-mixed/3840x2160.csv,/private/tmp/stars-investigation/timings/weighted-mixed/3840x2160.log,/private/tmp/stars-investigation/timings/weighted-mixed/3840x2160.analysis.json,480,480,True,False,
weighted-mixed,3840x2160,full-mix6,20.171683641666668,120,full-a/full-b,27.179336380393703,"[26.36658503685883, 28.025168950335978]",1.2678884937767698,,1,,/private/tmp/stars-investigation/timings/weighted-mixed/manifest.json,/private/tmp/stars-investigation/timings/weighted-mixed/3840x2160.csv,/private/tmp/stars-investigation/timings/weighted-mixed/3840x2160.log,/private/tmp/stars-investigation/timings/weighted-mixed/3840x2160.analysis.json,480,480,True,False,
weighted-mixed,3840x2160,full-mix7,18.589232633333335,120,full-a/full-b,32.89205400076717,"[32.019201194764136, 33.862759576670534]",1.2678884937767698,,1,,/private/tmp/stars-investigation/timings/weighted-mixed/manifest.json,/private/tmp/stars-investigation/timings/weighted-mixed/3840x2160.csv,/private/tmp/stars-investigation/timings/weighted-mixed/3840x2160.log,/private/tmp/stars-investigation/timings/weighted-mixed/3840x2160.analysis.json,480,480,True,False,
